order_id,customer_id,product_category,price_inr,discount_pct,payment_method,customer_tenure_days,num_previous_orders,num_previous_returns,delivery_distance_km,delivery_days,is_weekend_order,rating_given,returned
1,46631,Footwear,3349.36,21.7,Prepaid_Card,18,3,0,447.4,6,1,4.0,0
2,71592,Electronics,18328.06,5.7,COD,115,4,0,152.2,11,0,2.0,1
3,83375,Beauty,363.91,47.3,Prepaid_Card,113,3,1,274.0,5,0,2.0,1
4,93426,Footwear,5950.35,45.9,COD,1634,35,3,151.4,1,0,4.0,1
5,93296,Apparel,725.76,0.0,COD,105,0,0,145.4,6,1,3.0,0
6,85078,Beauty,877.63,22.5,Prepaid_Card,113,1,0,348.4,5,1,4.0,0
7,43814,Footwear,1797.54,29.9,Prepaid_UPI,15,2,0,237.1,5,1,5.0,0
8,33879,Footwear,5493.68,26.2,Prepaid_UPI,507,12,0,348.8,4,1,3.0,0
9,52823,Apparel,1991.93,41.2,Prepaid_UPI,724,18,3,208.4,6,0,5.0,1
10,41015,Electronics,23409.16,38.3,Prepaid_UPI,255,9,1,108.3,4,0,4.0,0
11,73390,Electronics,47815.73,23.7,Prepaid_UPI,161,3,0,273.9,5,1,2.0,0
12,97799,Beauty,300.43,51.9,Prepaid_UPI,65,2,0,296.8,5,0,1.0,0
13,96461,Home,13458.22,33.1,COD,50,0,0,190.3,5,1,,0
14,51761,Footwear,832.35,15.1,Prepaid_Card,153,10,1,208.4,4,0,2.0,0
15,51719,Electronics,20165.4,12.3,COD,1003,21,3,121.1,7,0,5.0,0
16,87264,Apparel,466.11,37.4,COD,18,2,0,81.4,7,0,2.0,0
17,69829,Home,14985.05,8.9,COD,1333,28,1,324.2,8,0,1.0,0
18,12810,Apparel,2315.94,14.3,Prepaid_UPI,27,0,0,103.5,5,1,5.0,0
19,29930,Footwear,3716.39,16.6,Prepaid_UPI,1967,43,5,269.9,5,0,4.0,0
20,12930,Home,3658.75,25.0,Wallet,24,0,0,364.4,5,1,1.0,0
21,15223,Footwear,2022.28,17.3,Wallet,122,0,0,299.3,3,0,2.0,0
22,24977,Electronics,23027.62,1.6,Prepaid_UPI,480,14,2,335.4,6,1,2.0,0
23,50916,Beauty,1069.92,36.3,COD,261,7,2,425.8,4,1,4.0,1
24,34525,Beauty,210.74,14.3,Prepaid_UPI,187,1,0,63.6,6,0,4.0,0
25,63397,Footwear,4109.41,48.3,Prepaid_UPI,2600,59,3,298.0,2,0,4.0,0
26,89604,Apparel,1668.87,24.3,Prepaid_UPI,1368,32,6,242.9,6,1,4.0,0
27,18242,Electronics,45311.22,37.7,COD,354,5,0,240.8,7,0,5.0,0
28,22900,Apparel,1375.24,28.8,COD,124,3,0,298.6,3,0,4.0,1
29,62003,Apparel,1091.12,38.4,Wallet,411,12,0,89.1,4,1,4.0,1
30,83888,Footwear,3313.34,28.0,COD,94,0,0,462.4,4,1,,0
31,68083,Footwear,1570.82,23.3,COD,174,5,1,281.5,4,1,3.0,0
32,72240,Beauty,1932.79,35.3,Prepaid_Card,336,8,1,58.9,7,0,2.0,0
33,93547,Electronics,38731.61,54.8,COD,341,13,4,312.6,5,0,3.0,0
34,52250,Electronics,8519.62,16.2,COD,255,7,1,62.9,3,0,3.0,1
35,35869,Electronics,16600.78,31.1,Wallet,1106,23,1,365.1,3,1,5.0,0
36,57207,Apparel,2215.77,19.9,Prepaid_UPI,105,1,0,360.5,1,1,2.0,0
37,84201,Apparel,1436.89,27.1,Wallet,377,14,2,103.7,3,0,2.0,0
38,62213,Electronics,27060.0,20.6,COD,255,4,3,70.1,2,1,2.0,1
39,96850,Apparel,1903.18,0.0,COD,199,6,1,290.7,2,0,,0
40,37395,Home,8879.45,17.2,Prepaid_Card,10,0,0,64.2,4,1,3.0,0
41,69456,Electronics,4409.41,34.0,Prepaid_Card,276,9,0,190.1,2,1,1.0,0
42,81734,Footwear,4921.79,9.3,COD,285,9,0,498.4,4,0,2.0,0
43,54378,Footwear,5575.6,32.9,Prepaid_UPI,1440,31,0,200.9,5,0,5.0,0
44,25101,Electronics,3610.58,22.6,Wallet,427,8,4,356.1,5,0,,0
45,92519,Footwear,1166.87,17.3,Prepaid_Card,174,2,0,437.1,5,1,5.0,0
46,24989,Footwear,4360.86,32.7,COD,426,4,2,403.7,1,1,1.0,0
47,57980,Electronics,30619.22,29.5,COD,25,0,0,247.5,4,1,4.0,0
48,65582,Apparel,1172.41,25.9,COD,163,3,0,132.1,7,1,3.0,1
49,28579,Footwear,3465.87,34.2,COD,149,0,0,437.7,9,1,,1
50,38829,Apparel,1862.18,22.8,Prepaid_Card,330,1,0,5.0,6,0,2.0,0
51,66054,Apparel,1434.62,0.0,Prepaid_Card,678,15,6,32.9,5,1,5.0,0
52,11252,Apparel,651.4,14.7,Prepaid_Card,553,13,6,83.6,3,1,4.0,0
53,78454,Footwear,991.9,0.0,Prepaid_UPI,252,6,0,241.6,7,0,,0
54,67843,Home,6863.45,29.2,COD,403,5,0,488.6,4,1,,1
55,77356,Footwear,5575.87,32.5,COD,72,2,0,428.0,4,1,,0
56,82470,Footwear,3567.79,33.2,COD,97,1,0,192.9,7,0,,1
57,81438,Electronics,18552.78,26.8,COD,404,11,1,364.9,1,0,3.0,0
58,69819,Home,13676.24,33.6,Prepaid_Card,56,0,0,216.0,4,0,2.0,0
59,49818,Apparel,1185.56,0.0,Prepaid_UPI,117,6,0,171.5,2,1,3.0,0
60,52680,Apparel,1444.66,18.5,Prepaid_UPI,310,11,4,297.2,6,1,3.0,1
61,74112,Home,2189.24,0.2,Prepaid_Card,163,3,1,197.3,8,1,1.0,1
62,72173,Electronics,37132.65,15.0,Prepaid_Card,110,3,1,284.3,5,1,5.0,0
63,17961,Home,10654.39,42.6,COD,201,6,1,383.3,8,1,3.0,0
64,49595,Footwear,4868.34,35.3,Prepaid_Card,186,1,0,321.1,5,0,2.0,0
65,77225,Home,5215.27,29.3,COD,76,0,0,101.6,7,1,5.0,0
66,67920,Home,6822.77,17.5,Prepaid_UPI,39,1,0,145.9,1,1,5.0,0
67,14743,Home,2940.95,6.1,Prepaid_Card,645,20,0,493.9,5,0,2.0,0
68,47524,Electronics,48260.74,22.6,COD,1115,21,2,366.6,2,0,1.0,0
69,84309,Apparel,535.07,35.5,COD,962,26,1,247.4,5,0,2.0,0
70,75783,Electronics,32801.65,25.7,COD,63,0,0,176.8,4,0,1.0,0
71,20046,Apparel,1866.3,0.0,Wallet,808,17,4,358.5,4,1,,1
72,95942,Electronics,8729.09,21.5,COD,32,4,0,160.4,4,0,4.0,1
73,27949,Beauty,1191.17,0.0,COD,108,8,2,289.7,7,0,5.0,1
74,77159,Apparel,442.72,31.3,COD,255,6,3,208.9,5,0,,1
75,86648,Apparel,1546.71,10.3,Prepaid_UPI,475,14,2,250.9,5,1,5.0,0
76,63669,Apparel,2489.12,2.9,Prepaid_Card,53,0,0,188.0,5,0,5.0,0
77,18470,Apparel,1274.25,31.5,Prepaid_Card,413,7,1,334.0,6,1,1.0,1
78,23134,Home,14855.12,27.8,COD,592,9,3,46.7,4,1,1.0,1
79,27463,Home,2330.27,23.3,COD,6,0,0,96.4,2,1,3.0,0
80,18126,Footwear,2658.5,50.7,Prepaid_UPI,242,7,3,192.2,6,1,1.0,1
81,12167,Home,13578.49,28.9,COD,482,11,1,236.9,4,1,2.0,0
82,11525,Electronics,43958.08,11.0,COD,84,7,5,453.1,5,1,4.0,1
83,52536,Footwear,2279.75,27.3,Prepaid_Card,1754,45,1,377.4,6,0,4.0,1
84,54391,Apparel,1809.01,16.0,COD,44,0,0,77.7,2,0,5.0,0
85,41793,Apparel,2255.24,37.7,COD,19,0,0,253.4,3,0,1.0,0
86,34436,Apparel,1998.79,23.9,Prepaid_UPI,1342,33,8,231.7,2,1,3.0,0
87,23939,Footwear,3956.62,25.3,Prepaid_Card,70,5,0,63.9,4,1,5.0,0
88,25266,Electronics,8476.21,0.0,COD,924,21,3,289.4,7,1,4.0,0
89,51166,Apparel,506.96,20.9,COD,326,9,1,257.6,4,0,5.0,0
90,33264,Home,9412.02,19.2,Prepaid_UPI,213,6,0,382.0,7,0,3.0,0
91,58056,Apparel,1425.59,5.7,COD,1445,29,13,239.1,5,0,3.0,1
92,96854,Footwear,1809.2,16.9,COD,848,15,1,133.7,3,0,3.0,1
93,97952,Electronics,15345.72,26.1,Prepaid_Card,495,10,2,238.9,3,1,5.0,0
94,29950,Electronics,20212.27,19.9,Prepaid_Card,178,3,1,100.4,8,1,5.0,0
95,51661,Electronics,25280.52,0.2,Wallet,1054,24,1,194.5,6,0,1.0,0
96,57530,Home,6158.76,16.2,COD,3,0,0,123.6,4,0,5.0,0
97,35699,Electronics,19977.29,13.4,COD,246,0,0,444.8,5,1,5.0,0
98,98275,Apparel,598.83,22.7,Prepaid_Card,189,0,0,211.7,4,1,3.0,0
99,28715,Apparel,2211.02,21.2,Prepaid_Card,2,2,0,122.8,1,1,3.0,0
100,22181,Beauty,1886.09,14.2,COD,775,15,8,512.3,5,0,2.0,1
101,22117,Beauty,566.39,13.7,Prepaid_Card,41,0,0,223.6,2,1,2.0,0
102,31762,Footwear,2831.31,20.9,COD,194,2,0,139.1,4,1,3.0,0
103,10723,Apparel,1245.94,33.5,Prepaid_UPI,171,1,0,179.8,2,1,,0
104,63145,Beauty,1861.77,23.9,Prepaid_UPI,520,8,2,342.4,4,0,4.0,0
105,94345,Footwear,3848.78,39.9,Prepaid_Card,204,7,0,293.4,3,0,1.0,0
106,75383,Footwear,4048.72,35.9,Wallet,137,2,0,251.2,5,1,1.0,0
107,78115,Electronics,35197.25,41.0,Wallet,114,4,1,93.6,6,1,4.0,0
108,86792,Apparel,572.21,39.2,COD,430,11,4,492.7,5,0,4.0,1
109,60982,Apparel,1005.58,41.9,COD,89,2,0,372.0,2,1,3.0,1
110,69490,Beauty,199.44,3.9,Prepaid_Card,674,17,3,647.7,1,1,4.0,0
111,80658,Electronics,23277.43,29.1,COD,17,0,0,213.0,2,0,4.0,0
112,12488,Apparel,1273.27,37.1,COD,215,8,2,222.4,7,0,3.0,0
113,36198,Electronics,36982.02,39.6,COD,448,12,1,43.5,9,1,3.0,0
114,29447,Home,2923.2,9.2,Wallet,406,11,1,193.8,3,1,3.0,0
115,62730,Apparel,1707.71,29.2,Prepaid_Card,347,4,0,70.3,2,0,1.0,0
116,59332,Beauty,1024.08,21.1,Prepaid_UPI,136,3,1,183.0,7,1,3.0,0
117,25905,Footwear,2600.54,45.9,COD,393,3,1,415.8,4,1,1.0,0
118,21148,Footwear,4456.08,0.6,COD,761,21,0,289.7,4,0,4.0,0
119,85870,Electronics,4505.85,9.2,Prepaid_UPI,566,10,2,435.0,5,1,1.0,0
120,22141,Home,5470.35,0.0,COD,239,3,0,356.3,3,0,2.0,0
121,83322,Home,6174.19,22.0,COD,341,3,1,192.2,3,1,3.0,0
122,83122,Home,10878.37,51.7,COD,27,0,0,103.3,4,1,,0
123,84283,Apparel,778.33,19.4,Prepaid_UPI,310,6,3,366.3,4,1,2.0,0
124,77733,Electronics,47423.24,21.4,COD,18,5,1,213.1,1,1,1.0,0
125,82066,Apparel,2495.19,27.7,COD,154,5,1,400.5,3,1,,1
126,28083,Electronics,41126.6,18.4,COD,713,14,1,263.1,4,0,5.0,0
127,41514,Electronics,15685.91,25.1,COD,187,0,0,292.1,3,0,,0
128,54389,Apparel,1777.31,25.5,COD,367,1,0,351.2,5,1,5.0,0
129,89582,Apparel,528.77,8.2,Prepaid_Card,218,1,0,462.3,3,0,3.0,0
130,98125,Home,13133.55,18.7,COD,186,0,0,208.5,8,1,4.0,1
131,43454,Apparel,1459.38,30.4,COD,733,17,0,212.6,5,0,,0
132,63224,Beauty,652.85,33.0,Prepaid_Card,1015,22,5,341.3,5,0,5.0,1
133,95395,Home,5247.54,38.2,Prepaid_UPI,171,3,0,139.1,3,0,2.0,0
134,75132,Electronics,40236.39,24.7,COD,123,0,0,327.8,4,1,3.0,0
135,54169,Home,13118.29,25.0,COD,126,3,0,357.7,1,0,4.0,0
136,68873,Apparel,1467.38,30.5,COD,290,2,1,694.6,5,0,2.0,1
137,91827,Beauty,1518.89,11.7,Wallet,565,12,1,319.0,8,0,5.0,0
138,47734,Electronics,37786.0,11.1,COD,581,15,4,442.7,6,1,3.0,1
139,69913,Footwear,5044.04,18.3,COD,143,2,0,188.5,1,1,5.0,1
140,83540,Apparel,1994.42,2.1,Prepaid_Card,13,1,0,179.1,5,0,5.0,0
141,51825,Electronics,19836.97,25.7,COD,129,0,0,223.3,5,0,3.0,0
142,17042,Electronics,32454.36,34.7,COD,539,5,0,158.1,8,1,,1
143,17793,Beauty,2593.48,10.1,COD,417,10,1,325.4,3,0,3.0,0
144,64539,Home,2700.53,26.1,Prepaid_Card,710,18,0,131.5,9,0,5.0,0
145,13262,Electronics,20018.7,11.2,Prepaid_Card,1415,30,4,126.6,5,1,4.0,0
146,47054,Apparel,471.73,5.8,Prepaid_UPI,83,8,1,119.6,3,1,4.0,0
147,12184,Electronics,21034.99,48.8,Prepaid_UPI,196,0,0,294.2,1,0,2.0,0
148,88793,Home,11698.09,6.0,COD,446,7,4,127.0,4,1,1.0,0
149,83542,Electronics,10654.39,2.1,Wallet,594,13,0,126.5,5,1,5.0,0
150,65731,Apparel,1515.06,23.0,Prepaid_UPI,383,9,0,128.0,2,1,5.0,1
151,89737,Footwear,701.22,23.8,Prepaid_UPI,703,13,0,43.9,6,1,4.0,1
152,34487,Beauty,2708.3,29.3,Prepaid_UPI,68,0,0,173.2,6,0,1.0,0
153,93804,Apparel,2113.01,48.0,COD,40,2,1,331.1,5,0,1.0,0
154,78694,Home,8103.93,9.1,COD,101,2,0,309.9,3,0,5.0,0
155,90419,Apparel,1867.44,11.9,Prepaid_Card,739,15,0,315.6,5,1,1.0,0
156,45570,Home,2006.78,42.5,COD,115,4,0,355.5,8,0,,1
157,32112,Apparel,2167.2,33.1,Prepaid_Card,199,4,0,335.1,3,0,2.0,0
158,79921,Home,10871.29,31.2,COD,2226,49,13,188.6,1,0,2.0,0
159,52378,Footwear,1159.82,11.7,COD,671,14,3,340.3,4,1,,0
160,20198,Footwear,5893.79,35.8,Wallet,108,0,0,115.9,3,1,2.0,0
161,99039,Apparel,398.44,31.2,Prepaid_UPI,38,0,0,248.7,1,1,5.0,0
162,42932,Beauty,1941.26,22.7,Prepaid_Card,216,3,0,119.5,5,0,5.0,0
163,27582,Apparel,719.27,11.8,COD,982,21,1,160.7,2,0,1.0,0
164,61139,Apparel,1896.4,21.5,Prepaid_Card,91,0,0,459.8,2,0,4.0,0
165,52164,Home,1520.89,43.1,Prepaid_UPI,154,6,3,191.0,6,0,4.0,0
166,21287,Electronics,4973.94,4.7,Prepaid_UPI,237,5,0,160.2,7,0,2.0,0
167,47882,Footwear,3064.6,8.8,Prepaid_Card,425,6,0,382.0,10,1,5.0,1
168,55370,Footwear,5967.05,11.2,Prepaid_Card,423,14,3,150.5,1,0,2.0,1
169,42059,Electronics,14549.3,14.2,COD,1228,27,3,304.4,5,1,5.0,0
170,89333,Beauty,1895.71,19.8,Prepaid_UPI,68,0,0,263.3,2,0,5.0,1
171,66345,Apparel,1464.99,33.4,Wallet,1350,34,11,218.4,5,0,3.0,0
172,15756,Home,12710.73,26.5,Prepaid_Card,82,5,0,140.1,4,1,1.0,0
173,58880,Apparel,970.47,20.9,COD,193,1,0,531.2,1,0,2.0,0
174,49340,Beauty,1731.59,23.9,Prepaid_Card,109,1,1,155.8,6,1,4.0,0
175,91978,Apparel,2393.84,28.7,Prepaid_Card,409,7,1,474.0,4,0,4.0,0
176,81434,Apparel,1065.06,0.0,Wallet,75,0,0,316.2,6,0,4.0,0
177,40186,Electronics,22530.87,35.0,Prepaid_UPI,349,8,3,378.8,2,0,2.0,0
178,20677,Beauty,2683.12,8.4,COD,363,10,0,260.6,9,0,2.0,1
179,69754,Beauty,1097.62,13.8,COD,133,4,0,541.4,5,0,,0
180,14599,Footwear,2593.71,24.8,Prepaid_Card,421,9,0,620.1,5,0,,0
181,29970,Beauty,1016.74,18.9,COD,112,5,0,204.2,7,0,,0
182,53529,Beauty,2457.16,26.8,Prepaid_Card,126,0,0,161.6,4,0,5.0,0
183,92627,Home,13990.61,22.0,Prepaid_UPI,495,16,7,245.9,3,1,3.0,0
184,95120,Electronics,31923.85,15.9,Prepaid_UPI,37,0,0,198.9,7,0,1.0,0
185,16906,Footwear,3929.97,41.4,COD,83,0,0,433.7,4,0,4.0,0
186,69182,Home,6155.05,29.9,Prepaid_UPI,351,6,0,325.3,6,0,5.0,1
187,45273,Electronics,1611.7,24.2,Prepaid_UPI,67,0,0,109.1,4,0,5.0,0
188,87401,Apparel,723.97,29.7,COD,403,8,0,107.0,9,0,,0
189,89779,Footwear,1310.91,10.1,Prepaid_Card,287,5,0,269.1,4,0,5.0,0
190,94487,Apparel,599.15,50.4,Prepaid_Card,1020,23,4,432.1,3,1,4.0,0
191,75038,Beauty,2014.03,4.8,Prepaid_UPI,1180,23,1,145.2,5,0,4.0,0
192,56139,Apparel,643.15,21.6,COD,369,8,0,310.7,4,0,4.0,0
193,18762,Apparel,534.11,16.0,COD,429,6,0,356.9,3,0,1.0,0
194,16477,Footwear,2604.2,15.5,Prepaid_Card,1795,42,8,320.3,7,0,,0
195,52083,Apparel,885.4,13.6,COD,97,4,1,93.1,2,0,3.0,1
196,19245,Apparel,663.6,9.2,Prepaid_Card,61,1,0,183.8,7,0,1.0,0
197,57869,Home,2618.85,36.6,Prepaid_UPI,442,7,1,185.2,8,1,1.0,0
198,74404,Beauty,880.19,3.1,COD,91,2,0,357.3,4,1,4.0,0
199,60275,Apparel,1504.23,33.8,Prepaid_Card,145,0,0,173.9,5,0,1.0,1
200,69492,Electronics,38146.68,29.1,Wallet,913,20,3,111.6,3,1,3.0,0
201,75272,Footwear,5190.27,14.7,Prepaid_Card,694,14,8,344.6,7,1,4.0,1
202,30603,Beauty,2291.54,27.5,Prepaid_Card,289,14,9,131.9,2,0,4.0,0
203,51300,Home,9609.09,17.8,Prepaid_Card,289,2,0,74.0,6,1,5.0,0
204,78196,Apparel,2301.39,4.6,COD,654,6,5,180.2,4,0,1.0,1
205,60917,Apparel,1467.43,4.7,COD,188,2,0,79.9,3,1,1.0,1
206,31703,Apparel,1711.72,29.2,Prepaid_UPI,203,0,0,64.5,3,1,4.0,0
207,42774,Apparel,1234.98,28.4,COD,231,2,0,39.2,5,0,1.0,0
208,60460,Home,5247.07,23.4,COD,868,15,2,298.6,2,1,,0
209,20437,Apparel,1063.18,14.5,COD,127,0,0,235.6,6,1,5.0,0
210,43399,Home,2650.6,17.3,Prepaid_UPI,828,15,2,683.3,5,1,3.0,0
211,51873,Footwear,4881.29,15.4,COD,655,17,1,162.1,4,1,4.0,0
212,73249,Home,1302.84,0.0,Prepaid_UPI,259,5,1,505.3,5,0,2.0,0
213,53726,Apparel,1800.57,20.9,COD,309,10,1,308.2,3,1,2.0,0
214,71485,Footwear,5254.53,27.3,Prepaid_Card,1290,28,0,169.0,4,1,1.0,0
215,86800,Footwear,3235.86,20.9,COD,50,3,0,117.4,4,0,3.0,0
216,84198,Footwear,886.1,44.8,COD,238,4,1,268.2,2,1,,0
217,33726,Apparel,1271.1,5.9,Prepaid_Card,570,17,0,128.9,4,0,1.0,0
218,35314,Apparel,1087.94,10.7,Prepaid_UPI,550,13,2,265.1,1,1,2.0,0
219,99051,Beauty,2958.79,21.9,COD,202,2,0,126.3,3,1,4.0,0
220,46115,Electronics,34871.99,23.4,Prepaid_Card,2,1,0,103.5,1,0,2.0,0
221,21710,Electronics,36346.63,0.0,Prepaid_Card,1147,25,5,61.5,2,1,2.0,0
222,30365,Electronics,26275.52,28.4,COD,899,19,2,254.1,3,0,,0
223,28549,Home,10786.51,23.5,Prepaid_Card,186,4,0,221.7,5,1,4.0,0
224,57424,Beauty,2209.33,0.0,COD,107,4,3,101.2,3,0,1.0,1
225,72758,Apparel,492.67,18.4,Prepaid_Card,142,0,0,208.6,2,0,5.0,1
226,14000,Beauty,784.43,8.7,COD,279,5,1,81.0,4,0,4.0,1
227,72793,Apparel,377.88,13.7,Prepaid_Card,108,4,0,232.4,8,1,4.0,1
228,90501,Home,7892.21,1.3,COD,256,6,1,212.4,1,0,2.0,0
229,40409,Home,13199.1,25.8,Prepaid_Card,63,0,0,335.4,6,1,1.0,0
230,40535,Apparel,1660.54,44.7,Prepaid_Card,28,0,0,77.8,5,1,5.0,1
231,88356,Apparel,1425.45,23.7,Wallet,138,8,1,37.9,9,0,2.0,1
232,39544,Electronics,46372.33,0.0,Prepaid_Card,50,0,0,481.1,5,1,2.0,0
233,82102,Beauty,640.82,24.0,Prepaid_UPI,151,7,4,282.9,5,1,5.0,1
234,47121,Home,1581.76,17.3,COD,847,21,6,145.3,5,1,1.0,0
235,20331,Beauty,2764.32,4.6,COD,204,2,0,459.5,4,1,1.0,0
236,39508,Footwear,5465.3,25.0,COD,668,7,2,674.1,6,1,2.0,0
237,97772,Electronics,34465.65,32.3,Prepaid_Card,81,0,0,293.9,3,0,1.0,0
238,69367,Footwear,1852.89,10.6,Prepaid_UPI,894,19,3,208.7,11,1,4.0,0
239,74307,Apparel,2434.99,0.0,Prepaid_UPI,948,22,0,94.3,6,1,,1
240,94289,Apparel,1995.49,0.0,Prepaid_Card,208,1,0,176.0,4,0,5.0,0
241,48571,Footwear,4206.42,10.7,Prepaid_Card,9,0,0,94.1,4,0,4.0,0
242,55916,Footwear,1726.01,17.8,COD,479,11,5,290.4,4,1,4.0,0
243,76932,Apparel,1453.14,12.8,COD,147,6,3,790.9,4,1,4.0,1
244,82852,Home,12427.36,10.4,Prepaid_UPI,151,2,0,309.2,6,1,4.0,0
245,46558,Home,12973.77,28.0,COD,1306,30,12,460.0,5,1,3.0,0
246,39424,Beauty,1750.08,26.5,COD,25,1,1,204.4,7,0,2.0,1
247,40806,Home,8080.51,22.8,Wallet,373,10,0,285.1,3,1,3.0,0
248,47484,Electronics,35186.51,31.4,Wallet,364,5,0,187.2,4,0,5.0,0
249,15292,Electronics,26884.19,10.8,Prepaid_Card,131,0,0,74.8,3,1,3.0,0
250,91095,Electronics,21466.37,4.7,COD,152,2,0,47.6,4,1,2.0,0
251,50670,Home,1738.58,12.7,Prepaid_UPI,13,0,0,749.9,3,1,2.0,0
252,14744,Beauty,509.24,11.7,COD,119,0,0,155.7,6,1,2.0,0
253,98947,Electronics,38253.5,0.0,Prepaid_Card,71,0,0,206.8,3,1,2.0,1
254,55525,Apparel,403.03,12.4,COD,62,0,0,49.7,7,1,3.0,0
255,93498,Apparel,462.46,35.5,Wallet,58,0,0,188.2,7,1,1.0,1
256,84789,Footwear,5475.54,31.2,Wallet,62,1,1,346.4,6,1,4.0,1
257,85065,Footwear,4371.98,27.4,Prepaid_UPI,94,0,0,328.5,2,0,4.0,1
258,64680,Apparel,359.06,21.8,COD,155,0,0,234.3,7,1,5.0,1
259,67390,Apparel,1020.89,40.3,Prepaid_Card,147,6,2,359.0,4,1,3.0,0
260,19144,Home,11568.12,5.2,COD,580,12,1,158.4,4,1,2.0,1
261,17107,Apparel,1247.84,6.5,Prepaid_UPI,182,4,2,469.4,6,1,4.0,0
262,15411,Footwear,3078.39,35.7,COD,212,0,0,929.8,3,1,2.0,0
263,62095,Electronics,23481.15,20.4,COD,757,16,4,426.1,7,1,,0
264,89344,Apparel,784.59,10.6,Prepaid_UPI,66,0,0,209.2,6,0,5.0,0
265,46988,Beauty,2205.97,27.7,Prepaid_Card,136,1,0,135.8,10,1,1.0,0
266,46546,Apparel,571.46,13.9,Prepaid_UPI,22,0,0,96.9,5,0,5.0,1
267,67478,Apparel,1440.59,8.3,COD,42,0,0,227.1,4,0,5.0,0
268,51692,Apparel,715.41,7.9,Prepaid_UPI,63,7,0,97.2,9,0,3.0,0
269,82478,Apparel,450.05,24.5,COD,1312,28,1,266.0,1,0,3.0,0
270,26160,Apparel,657.97,22.9,COD,395,11,0,213.6,5,0,1.0,0
271,82292,Apparel,2219.07,41.2,Prepaid_Card,108,1,1,134.1,4,0,2.0,1
272,52260,Apparel,728.72,15.9,COD,185,3,2,243.4,7,0,,0
273,23543,Apparel,948.49,15.7,Prepaid_Card,6,0,0,259.3,11,0,5.0,0
274,47417,Home,2502.37,40.2,COD,1007,26,1,307.9,3,1,,0
275,76014,Footwear,4545.5,33.8,COD,919,21,1,221.3,7,1,1.0,0
276,80307,Electronics,22827.01,22.0,Prepaid_UPI,565,10,2,293.7,7,1,3.0,0
277,81858,Electronics,47238.12,0.0,COD,5,0,0,446.8,7,0,2.0,0
278,18395,Home,10132.71,8.6,Prepaid_UPI,152,6,2,103.6,5,1,1.0,0
279,28135,Beauty,1664.46,5.2,Prepaid_UPI,484,2,0,99.3,6,0,2.0,1
280,67406,Beauty,2021.4,20.5,COD,411,10,2,351.1,3,1,4.0,0
281,88976,Apparel,436.91,12.9,Prepaid_UPI,32,2,2,155.6,8,0,,1
282,97409,Apparel,2393.92,42.4,COD,98,0,0,454.7,2,1,,1
283,23655,Apparel,2406.32,0.0,COD,13,0,0,392.9,3,0,2.0,0
284,36068,Apparel,943.7,3.7,COD,1993,45,5,462.5,4,1,4.0,1
285,84841,Home,9610.28,23.4,Prepaid_UPI,692,11,0,72.3,3,1,4.0,0
286,75191,Electronics,10893.85,27.3,Prepaid_Card,1124,27,3,214.7,5,0,2.0,0
287,40734,Apparel,1527.06,0.0,Prepaid_Card,37,1,0,295.2,4,0,4.0,0
288,18573,Electronics,38768.67,0.0,Wallet,875,18,0,114.4,3,0,,0
289,15960,Home,14127.42,16.3,COD,385,8,2,208.1,2,1,,1
290,53487,Apparel,1079.32,39.0,Prepaid_UPI,1339,31,1,273.9,7,0,4.0,0
291,19655,Footwear,4314.28,46.4,Prepaid_UPI,152,10,0,141.2,6,1,4.0,0
292,42533,Apparel,1890.32,14.2,Wallet,801,19,5,113.0,2,0,4.0,0
293,32003,Beauty,780.27,17.6,Wallet,588,15,6,180.8,6,1,3.0,1
294,74794,Apparel,1702.42,8.3,Wallet,895,20,3,476.0,4,0,5.0,0
295,71349,Footwear,4104.82,28.9,COD,485,16,0,306.1,1,0,3.0,0
296,96059,Beauty,2327.62,41.4,Prepaid_UPI,424,5,1,253.6,2,1,,1
297,38354,Beauty,2999.85,37.6,Prepaid_UPI,403,3,0,379.0,7,1,,1
298,78755,Footwear,721.28,19.6,Prepaid_Card,254,6,1,219.6,7,1,5.0,0
299,14003,Footwear,1612.68,8.3,COD,598,15,4,165.2,6,0,2.0,1
300,27102,Home,2603.64,20.1,Wallet,139,0,0,118.6,3,1,,0
301,76051,Footwear,1349.39,39.3,COD,606,13,2,196.5,6,1,,0
302,83629,Apparel,1326.63,14.4,Prepaid_Card,161,3,1,337.2,5,1,,0
303,67660,Home,13238.78,0.0,Prepaid_Card,1228,29,0,33.0,1,0,5.0,0
304,12770,Home,7006.49,15.0,COD,918,21,6,166.4,6,1,5.0,0
305,13018,Beauty,2055.17,16.1,Prepaid_UPI,92,0,0,204.8,5,1,3.0,1
306,71472,Electronics,19448.46,0.0,COD,358,4,1,164.4,9,1,3.0,0
307,15138,Electronics,16663.5,23.2,Prepaid_UPI,72,0,0,54.1,8,0,3.0,0
308,14227,Home,12596.41,27.1,Prepaid_UPI,358,10,0,386.6,4,1,1.0,0
309,82866,Apparel,1759.43,46.0,COD,52,2,0,296.0,5,0,1.0,1
310,85591,Apparel,1104.42,1.3,Prepaid_UPI,57,0,0,171.2,5,1,3.0,0
311,44992,Electronics,45793.85,30.2,COD,1066,24,2,369.5,4,0,3.0,0
312,90218,Electronics,25427.07,33.5,Prepaid_UPI,134,0,0,83.4,2,0,3.0,0
313,26827,Apparel,754.79,27.3,Wallet,155,9,5,301.6,3,0,5.0,1
314,68524,Electronics,24677.87,5.9,COD,599,15,0,128.4,4,0,,0
315,63621,Electronics,34060.27,5.1,Prepaid_UPI,43,3,0,316.0,7,0,5.0,0
316,31803,Electronics,18988.52,21.4,Prepaid_Card,315,11,0,261.7,5,0,2.0,0
317,79885,Electronics,42345.45,21.3,Prepaid_Card,300,9,0,266.3,3,1,3.0,1
318,27973,Footwear,3432.29,12.2,Prepaid_UPI,29,0,0,272.4,3,0,2.0,0
319,73261,Apparel,1355.69,38.1,Prepaid_Card,593,12,1,204.3,5,0,1.0,0
320,29860,Beauty,2597.33,14.4,Prepaid_Card,697,19,0,262.4,4,0,4.0,0
321,27706,Beauty,1469.32,0.0,COD,247,5,1,99.1,2,0,5.0,0
322,37949,Electronics,21306.1,16.9,COD,529,9,0,206.7,3,1,,1
323,45296,Electronics,6082.1,26.7,Prepaid_UPI,922,26,14,96.0,8,0,4.0,0
324,55175,Home,5756.13,24.8,COD,579,10,0,547.4,4,1,1.0,0
325,33458,Footwear,2683.77,24.7,Prepaid_Card,520,6,1,128.4,7,0,1.0,0
326,14862,Home,3119.02,40.9,COD,126,5,1,494.5,1,0,5.0,0
327,29679,Footwear,3733.03,4.4,Prepaid_UPI,309,4,0,401.4,7,0,5.0,0
328,79831,Home,2585.71,14.1,Prepaid_Card,261,7,1,181.5,6,1,2.0,0
329,31044,Home,3743.5,41.6,Prepaid_Card,84,7,0,146.9,6,0,4.0,0
330,54924,Apparel,1556.35,0.0,COD,303,2,0,193.7,1,0,,0
331,57302,Footwear,1979.41,19.2,Prepaid_Card,223,4,1,644.9,5,0,3.0,0
332,60224,Apparel,1725.29,37.2,Wallet,280,10,0,172.1,3,0,4.0,0
333,29137,Footwear,4297.82,37.0,Prepaid_Card,96,4,0,446.1,2,1,5.0,1
334,68298,Beauty,1008.68,29.2,Prepaid_Card,880,19,3,491.3,1,0,5.0,0
335,36992,Apparel,537.88,29.6,Prepaid_UPI,976,28,0,155.2,2,1,2.0,0
336,24384,Home,7597.05,5.4,COD,757,16,5,204.2,2,1,2.0,0
337,10182,Apparel,549.73,39.2,Prepaid_Card,48,2,0,71.8,6,1,5.0,0
338,64255,Footwear,3333.8,3.2,COD,459,15,2,256.2,3,1,2.0,1
339,21658,Apparel,1911.37,4.0,COD,83,4,0,256.4,4,1,1.0,1
340,46193,Beauty,1917.94,25.4,Prepaid_UPI,61,5,0,216.5,7,0,3.0,0
341,25860,Apparel,1313.78,13.1,Prepaid_UPI,693,12,0,196.7,5,1,5.0,0
342,52176,Beauty,2845.7,22.9,Wallet,50,4,0,349.2,3,0,2.0,1
343,82398,Footwear,1059.61,26.0,Prepaid_UPI,118,3,0,406.2,5,0,1.0,0
344,64148,Home,13260.02,44.9,Prepaid_Card,31,0,0,371.3,3,0,,0
345,71967,Footwear,4900.71,26.1,COD,913,20,5,218.5,1,1,3.0,1
346,31859,Footwear,2808.56,11.3,Prepaid_Card,186,4,0,325.9,5,1,3.0,0
347,34988,Beauty,585.67,29.5,Wallet,1076,29,11,228.2,6,0,3.0,0
348,17734,Apparel,685.11,8.4,Prepaid_UPI,382,9,1,190.0,4,1,5.0,0
349,81497,Home,13866.18,32.8,Prepaid_Card,394,6,2,238.6,4,0,5.0,0
350,47220,Apparel,852.47,20.9,Prepaid_UPI,519,8,0,171.6,4,0,3.0,0
351,97049,Home,13174.68,25.6,Prepaid_UPI,183,3,0,121.4,8,0,3.0,1
352,23746,Apparel,1432.08,0.0,Wallet,1225,23,2,460.5,5,1,2.0,0
353,88811,Home,7195.15,0.0,Prepaid_UPI,337,5,0,351.8,4,0,5.0,0
354,17021,Home,9482.91,0.0,Prepaid_Card,365,7,3,129.5,6,1,1.0,0
355,50281,Electronics,11536.92,44.4,COD,47,0,0,138.5,7,1,5.0,1
356,75253,Home,6711.37,3.9,Prepaid_Card,1735,40,3,263.7,5,1,3.0,1
357,68140,Footwear,5661.66,30.3,COD,177,1,0,227.1,6,0,,0
358,65156,Footwear,1810.41,11.0,Wallet,82,0,0,161.8,6,1,3.0,0
359,78505,Electronics,46157.59,16.6,Prepaid_Card,313,1,0,181.6,5,0,2.0,0
360,24283,Home,14916.04,19.4,Prepaid_Card,555,12,1,149.4,6,1,3.0,0
361,37870,Beauty,297.94,43.0,COD,76,0,0,272.4,3,1,1.0,0
362,54257,Apparel,1492.47,28.2,Prepaid_Card,835,14,2,389.6,3,0,4.0,1
363,56385,Apparel,719.41,25.4,Prepaid_Card,348,13,2,237.2,5,0,4.0,0
364,92269,Apparel,1686.69,38.2,COD,1092,26,0,201.0,3,0,2.0,0
365,87066,Home,14848.37,11.1,Prepaid_UPI,38,0,0,118.0,6,1,2.0,1
366,91975,Electronics,44947.16,35.0,COD,556,13,0,83.9,5,1,5.0,0
367,33428,Footwear,5586.67,32.6,Prepaid_Card,172,3,0,98.9,9,1,3.0,0
368,49834,Home,3593.57,32.5,COD,1184,22,1,274.5,3,1,4.0,0
369,79797,Electronics,27573.66,17.8,Prepaid_Card,302,9,2,279.2,6,0,3.0,0
370,92393,Beauty,819.27,13.9,Prepaid_UPI,323,9,0,64.1,4,1,1.0,0
371,44885,Footwear,5446.84,7.8,Prepaid_UPI,351,1,0,96.1,5,0,5.0,0
372,86378,Apparel,760.98,8.7,COD,532,12,2,168.8,6,0,5.0,0
373,31111,Electronics,8543.99,7.2,Wallet,499,12,6,177.1,5,0,4.0,0
374,20941,Electronics,1595.97,25.1,Prepaid_UPI,372,7,0,721.3,6,0,2.0,0
375,68487,Apparel,741.19,16.8,COD,130,9,2,51.3,5,0,1.0,0
376,35153,Apparel,757.99,26.0,COD,570,18,3,191.6,4,0,3.0,1
377,56863,Beauty,370.85,26.8,COD,121,1,0,87.2,6,0,2.0,1
378,33757,Electronics,43519.31,5.2,Prepaid_UPI,870,18,3,265.0,6,1,2.0,0
379,37729,Electronics,39219.89,4.7,COD,373,7,1,157.2,4,0,5.0,1
380,13493,Footwear,1899.65,16.8,Prepaid_Card,61,0,0,175.1,3,0,3.0,0
381,68783,Home,11857.24,9.1,Prepaid_UPI,808,15,0,30.0,5,0,2.0,0
382,59307,Beauty,1353.17,7.7,Prepaid_UPI,741,17,1,336.1,5,1,3.0,0
383,46459,Footwear,4765.36,43.7,Prepaid_UPI,97,8,2,663.0,1,1,,1
384,65009,Electronics,16827.37,0.0,Prepaid_UPI,237,9,0,214.0,5,0,,0
385,47770,Electronics,28668.06,48.3,COD,452,12,4,234.3,3,1,5.0,0
386,14656,Beauty,1237.59,24.0,Prepaid_UPI,988,14,0,360.0,1,0,5.0,0
387,58524,Footwear,1532.22,33.8,COD,690,9,1,225.1,5,0,1.0,1
388,63943,Beauty,1819.05,32.2,COD,2600,60,15,221.9,2,1,2.0,1
389,68917,Apparel,1964.29,28.6,Wallet,190,9,2,334.3,7,0,3.0,1
390,29344,Beauty,2296.36,43.3,COD,1002,23,5,56.7,6,0,2.0,0
391,40995,Home,5666.2,4.8,COD,103,1,0,261.9,5,1,5.0,0
392,33639,Apparel,1465.23,17.8,Prepaid_Card,208,8,1,154.6,7,1,5.0,0
393,58022,Home,11574.79,8.1,COD,169,6,5,451.6,6,0,,1
394,12497,Footwear,799.74,0.0,COD,34,4,0,261.2,3,1,4.0,1
395,13638,Apparel,504.56,10.7,Prepaid_Card,248,0,0,154.4,7,1,1.0,1
396,11046,Electronics,19434.91,46.2,Prepaid_UPI,650,15,3,305.0,3,0,4.0,0
397,84593,Footwear,1729.09,17.6,Prepaid_UPI,384,13,2,361.9,6,1,4.0,1
398,69439,Apparel,1155.49,47.8,COD,514,13,0,226.7,4,0,3.0,1
399,43956,Electronics,5593.9,49.2,Prepaid_Card,700,18,0,491.7,2,0,2.0,0
400,29461,Electronics,30008.39,61.9,Prepaid_UPI,155,3,0,434.8,5,1,5.0,0
401,80458,Electronics,33915.28,46.7,COD,622,14,3,256.7,4,0,,1
402,96323,Beauty,2406.75,53.0,COD,843,22,4,165.5,7,1,,0
403,85953,Footwear,4077.88,24.6,COD,1187,24,0,59.1,7,1,3.0,0
404,91116,Apparel,1202.22,23.2,Prepaid_Card,105,0,0,190.3,1,0,,0
405,24592,Beauty,2814.55,24.1,COD,853,17,4,156.1,4,0,2.0,1
406,13619,Beauty,2220.05,20.0,Prepaid_UPI,1147,25,3,253.4,6,0,1.0,0
407,37342,Apparel,1484.51,22.1,Wallet,405,4,1,211.4,5,0,4.0,0
408,84669,Footwear,1637.68,30.5,COD,359,10,0,229.5,5,0,2.0,0
409,88960,Apparel,1745.3,13.5,Prepaid_Card,95,1,1,254.5,5,1,3.0,1
410,70851,Beauty,1836.4,0.7,COD,534,14,0,407.3,1,0,,0
411,59612,Home,10408.28,25.1,COD,576,6,2,171.1,8,1,5.0,0
412,46826,Home,11826.31,10.3,Prepaid_UPI,203,7,1,178.0,6,0,4.0,0
413,68472,Apparel,2317.36,11.8,Prepaid_Card,657,18,0,330.1,3,0,2.0,0
414,30838,Beauty,2854.81,18.0,Wallet,291,7,0,505.3,3,1,3.0,0
415,29914,Apparel,1704.9,14.8,Prepaid_Card,305,6,1,286.3,6,0,3.0,0
416,61096,Apparel,2426.81,35.5,COD,371,10,2,716.7,5,1,4.0,1
417,50463,Apparel,2309.56,17.7,Prepaid_Card,173,7,2,220.1,5,1,4.0,0
418,91851,Footwear,514.38,36.2,COD,790,19,0,297.6,6,1,,0
419,22187,Apparel,1720.88,22.9,Prepaid_UPI,54,2,0,172.6,5,1,5.0,1
420,20350,Beauty,658.64,18.8,Prepaid_UPI,256,10,1,820.1,1,0,3.0,0
421,72036,Home,4780.29,22.2,COD,214,7,2,367.4,4,0,1.0,0
422,92758,Apparel,989.63,1.9,Prepaid_Card,1027,20,7,274.4,6,0,5.0,1
423,60449,Apparel,1388.73,24.7,Prepaid_UPI,899,23,1,849.0,6,0,5.0,0
424,71297,Apparel,373.36,31.9,Prepaid_UPI,18,0,0,162.4,4,1,2.0,0
425,17977,Home,3919.05,33.9,COD,89,2,0,46.4,4,1,5.0,0
426,16513,Footwear,660.17,1.1,COD,982,22,5,129.1,7,1,2.0,1
427,15806,Apparel,1748.7,0.0,COD,122,5,1,152.9,7,1,4.0,1
428,54459,Footwear,5391.08,12.5,COD,48,6,1,285.1,5,1,1.0,1
429,51214,Apparel,2495.25,39.4,Prepaid_Card,91,2,0,355.0,6,1,4.0,0
430,15295,Footwear,2967.06,23.1,COD,912,25,5,86.4,5,0,2.0,0
431,98428,Beauty,891.4,9.2,Prepaid_Card,79,2,0,306.3,6,0,3.0,0
432,72079,Footwear,5192.07,0.0,Prepaid_Card,321,11,0,53.6,4,1,4.0,1
433,58248,Footwear,1122.37,10.4,COD,68,2,0,114.2,3,1,,1
434,16423,Footwear,5858.31,9.5,Wallet,217,3,0,388.6,8,1,4.0,1
435,10613,Apparel,1886.9,33.1,Prepaid_Card,933,26,2,506.8,8,1,4.0,0
436,45244,Apparel,1433.46,34.2,COD,974,19,7,394.9,5,1,,0
437,36525,Apparel,557.8,5.3,Prepaid_Card,77,0,0,187.4,5,0,1.0,0
438,19282,Home,763.84,30.5,COD,76,0,0,142.6,5,1,3.0,0
439,39860,Footwear,3494.93,29.1,Prepaid_UPI,212,8,0,424.1,5,1,3.0,0
440,96438,Home,6500.83,3.5,Prepaid_Card,228,9,1,128.5,5,1,2.0,0
441,75234,Beauty,2551.59,18.8,Prepaid_Card,454,11,4,308.1,7,1,5.0,1
442,35311,Apparel,1730.96,24.8,Wallet,335,4,1,165.3,2,1,1.0,0
443,76102,Footwear,2875.43,22.3,Prepaid_UPI,1,0,0,292.3,3,1,3.0,0
444,54716,Apparel,835.92,0.0,Prepaid_UPI,1490,32,3,83.3,6,0,2.0,0
445,72898,Apparel,1382.91,21.8,COD,163,0,0,528.7,5,0,,1
446,31289,Footwear,1396.47,28.9,COD,96,0,0,91.9,7,1,5.0,0
447,12583,Beauty,2050.99,42.1,Prepaid_UPI,73,3,1,122.4,5,0,4.0,0
448,60603,Home,9283.07,10.6,Prepaid_Card,299,4,2,253.4,5,0,3.0,0
449,96032,Apparel,2091.65,12.4,Prepaid_UPI,180,4,0,483.0,4,1,1.0,0
450,19860,Home,7018.17,17.1,Prepaid_UPI,105,0,0,109.2,7,0,3.0,0
451,50746,Apparel,949.09,24.1,COD,797,22,1,189.3,6,1,,0
452,72863,Beauty,2533.73,21.4,COD,183,2,0,224.7,2,0,5.0,0
453,91114,Footwear,4300.48,28.5,Prepaid_Card,35,3,0,398.3,6,0,4.0,0
454,25545,Apparel,1869.42,4.2,COD,701,16,3,98.7,7,1,4.0,1
455,86635,Apparel,1485.38,25.6,Prepaid_UPI,252,6,0,329.4,5,1,2.0,1
456,95818,Apparel,2233.35,9.6,Prepaid_UPI,205,1,0,450.6,6,0,3.0,1
457,24122,Beauty,799.18,18.0,Prepaid_Card,392,6,0,267.8,7,1,2.0,0
458,62295,Electronics,20682.91,43.9,Prepaid_UPI,14,0,0,72.1,4,1,5.0,0
459,45021,Footwear,4879.28,0.4,Prepaid_Card,15,0,0,344.9,5,0,4.0,1
460,91717,Home,2427.93,16.1,Prepaid_UPI,324,11,2,469.7,4,1,2.0,1
461,75296,Home,12217.59,2.2,COD,576,14,6,187.5,6,1,4.0,0
462,17612,Apparel,1108.08,22.1,Prepaid_UPI,13,0,0,85.7,3,0,5.0,0
463,92892,Beauty,507.69,34.7,Prepaid_UPI,117,2,0,272.3,6,1,3.0,0
464,37735,Electronics,4878.32,22.4,COD,912,20,2,220.2,8,1,,0
465,71190,Home,12723.92,18.4,Prepaid_Card,892,18,1,104.7,3,1,5.0,0
466,59870,Footwear,4782.39,38.6,Prepaid_UPI,447,9,0,338.4,7,1,3.0,1
467,40923,Home,4676.6,24.6,COD,485,13,2,277.1,5,1,2.0,1
468,63139,Beauty,481.63,31.5,Prepaid_UPI,1589,33,4,216.2,3,1,2.0,0
469,91865,Apparel,881.55,30.0,Wallet,73,0,0,201.0,4,0,4.0,0
470,82204,Home,3588.32,0.0,Prepaid_UPI,401,11,4,273.8,5,1,1.0,0
471,96972,Electronics,36919.73,18.9,Prepaid_Card,369,9,0,113.8,4,0,5.0,0
472,11422,Electronics,11562.59,4.9,Prepaid_Card,107,6,3,397.1,7,1,2.0,0
473,59599,Apparel,814.61,8.4,Wallet,362,12,2,452.4,4,0,3.0,1
474,73729,Apparel,419.38,40.6,Prepaid_Card,516,7,0,202.4,5,0,2.0,0
475,37568,Apparel,1633.25,14.8,COD,87,2,0,179.8,9,1,5.0,1
476,59714,Electronics,34760.0,46.5,COD,77,0,0,131.5,4,1,2.0,0
477,82042,Electronics,33021.03,0.3,Prepaid_UPI,1076,20,5,90.1,4,0,3.0,0
478,96306,Home,8744.69,4.8,Prepaid_Card,116,0,0,167.3,4,0,3.0,0
479,33514,Home,14508.09,30.7,COD,319,6,2,238.5,7,0,,0
480,82411,Electronics,24164.19,15.2,COD,47,0,0,346.1,4,1,5.0,0
481,53013,Electronics,43146.69,24.3,Prepaid_UPI,260,3,0,99.7,5,0,5.0,0
482,37160,Apparel,1738.92,18.4,Prepaid_Card,484,10,0,208.0,3,1,2.0,0
483,48138,Home,1720.35,18.0,Prepaid_UPI,77,9,1,216.5,4,0,3.0,0
484,11674,Electronics,40694.33,15.7,Prepaid_UPI,46,0,0,301.3,7,0,2.0,0
485,31694,Apparel,1606.44,22.5,Wallet,529,15,2,155.3,2,0,5.0,1
486,60010,Electronics,33022.76,29.0,Prepaid_UPI,663,14,0,489.8,1,0,2.0,0
487,78253,Electronics,9831.14,42.6,COD,400,7,1,387.8,4,0,3.0,1
488,56626,Apparel,1290.6,17.2,Prepaid_UPI,1069,17,7,252.0,4,0,1.0,0
489,78543,Home,13268.45,14.5,COD,304,9,2,460.8,4,0,,0
490,88540,Home,3623.75,12.7,Wallet,460,5,1,311.6,4,1,1.0,0
491,57136,Footwear,500.69,40.6,COD,130,5,1,428.3,5,0,3.0,0
492,18951,Home,4233.88,29.7,Prepaid_UPI,93,7,0,367.7,4,0,2.0,0
493,86437,Home,7569.37,0.0,Prepaid_UPI,636,10,1,287.5,7,0,3.0,0
494,62800,Electronics,41242.62,0.0,COD,206,8,5,293.9,6,0,5.0,1
495,45459,Footwear,4038.1,8.4,Prepaid_UPI,57,1,0,257.2,4,1,3.0,0
496,99684,Home,13826.42,23.2,COD,165,0,0,737.4,6,0,4.0,0
497,69406,Electronics,23322.66,19.5,Prepaid_Card,195,0,0,400.7,1,1,3.0,0
498,12253,Home,6166.82,27.2,Prepaid_Card,507,11,1,244.1,5,0,4.0,0
499,95142,Electronics,12339.49,17.5,COD,1035,24,6,479.5,6,1,3.0,1
500,14895,Home,3661.91,39.6,Prepaid_Card,46,0,0,154.1,3,1,1.0,0
501,88333,Footwear,4548.6,30.8,Wallet,1677,37,10,264.9,6,0,1.0,1
502,10276,Beauty,379.02,21.1,COD,1382,33,7,156.5,3,0,5.0,1
503,70561,Beauty,841.73,36.0,Prepaid_Card,192,7,2,233.1,5,1,1.0,1
504,15274,Home,13345.48,0.0,Prepaid_UPI,663,13,6,185.4,2,0,5.0,0
505,14577,Home,8865.35,18.8,Prepaid_UPI,341,8,1,242.0,6,0,2.0,0
506,30357,Footwear,756.23,21.9,COD,93,5,1,154.5,5,1,4.0,1
507,31532,Electronics,35508.5,28.4,Wallet,225,7,1,269.0,5,1,5.0,0
508,69320,Footwear,3286.75,0.0,COD,66,4,0,94.0,4,0,5.0,0
509,18684,Electronics,42871.56,16.4,Prepaid_Card,237,5,0,196.3,7,1,1.0,0
510,55281,Apparel,1817.23,25.6,Prepaid_Card,312,6,0,165.5,5,0,4.0,0
511,99596,Apparel,359.56,26.7,Prepaid_UPI,18,1,1,29.2,6,1,2.0,1
512,17749,Footwear,1631.56,36.6,COD,979,19,6,414.1,4,0,1.0,1
513,93520,Apparel,904.62,30.7,COD,258,9,0,569.2,6,0,3.0,1
514,42011,Apparel,1859.8,19.1,Prepaid_UPI,376,3,0,300.4,8,1,3.0,0
515,31612,Electronics,25956.39,29.4,COD,455,8,1,227.1,8,1,5.0,1
516,46512,Apparel,1957.01,17.2,Prepaid_Card,801,17,1,165.5,1,1,2.0,0
517,27978,Electronics,26130.49,22.1,Prepaid_UPI,180,5,0,263.2,5,1,5.0,0
518,67060,Footwear,2300.62,31.1,Prepaid_UPI,779,19,7,343.6,2,0,2.0,0
519,27259,Apparel,572.87,19.4,COD,189,8,0,404.7,4,0,3.0,0
520,33496,Footwear,1614.42,25.1,COD,564,12,2,347.5,4,1,4.0,0
521,52284,Beauty,1292.22,33.5,Wallet,30,0,0,151.1,6,0,2.0,0
522,10436,Electronics,28021.26,30.0,Prepaid_Card,762,16,7,176.5,4,0,4.0,0
523,11930,Apparel,2368.07,37.3,COD,294,5,1,114.8,3,1,3.0,0
524,15798,Home,3975.94,52.6,COD,77,3,0,139.5,6,1,3.0,0
525,17159,Apparel,1782.08,29.8,COD,1575,31,3,341.0,3,0,2.0,0
526,14516,Electronics,8474.75,13.5,Wallet,401,8,3,224.6,3,0,5.0,0
527,32027,Beauty,2184.2,27.2,COD,229,9,4,349.2,4,0,5.0,0
528,84160,Beauty,182.32,26.6,COD,233,5,0,382.7,4,0,2.0,0
529,63799,Footwear,4107.56,28.6,Prepaid_Card,124,0,0,248.6,5,0,5.0,0
530,11575,Electronics,8997.67,40.9,COD,201,3,0,359.6,5,1,5.0,0
531,11736,Footwear,1491.78,0.0,COD,209,0,0,199.1,3,0,,1
532,35381,Footwear,3573.99,41.2,Wallet,27,0,0,252.6,5,0,,1
533,12922,Electronics,19395.17,45.9,Prepaid_UPI,471,15,3,91.8,5,0,3.0,0
534,41410,Home,7333.92,28.0,COD,9,0,0,191.8,5,0,1.0,0
535,70818,Apparel,1014.11,28.3,Prepaid_Card,150,0,0,141.9,2,0,2.0,0
536,83029,Apparel,2399.95,16.6,COD,362,6,0,77.7,5,0,3.0,0
537,57147,Home,4714.51,20.1,COD,788,20,1,280.0,6,0,2.0,0
538,79803,Apparel,1515.4,29.8,Prepaid_Card,94,7,1,210.6,6,0,1.0,1
539,64565,Apparel,2186.86,28.9,Prepaid_Card,577,14,3,180.2,5,0,,1
540,74288,Footwear,4152.99,30.1,Prepaid_UPI,854,15,2,185.7,7,1,1.0,0
541,30549,Beauty,1069.91,28.8,Prepaid_UPI,1013,22,1,98.6,6,1,4.0,0
542,68142,Home,8510.33,32.6,COD,1567,40,0,321.3,4,1,4.0,0
543,95343,Footwear,956.45,31.0,Wallet,61,0,0,320.8,4,0,4.0,0
544,63210,Beauty,1705.21,5.7,Prepaid_Card,4,0,0,150.2,3,0,5.0,0
545,91827,Apparel,1277.49,31.7,COD,1173,26,5,110.7,3,0,5.0,1
546,95851,Electronics,38138.75,46.0,Prepaid_UPI,154,0,0,281.9,6,0,4.0,0
547,69421,Electronics,42547.24,19.6,COD,2041,48,1,503.1,4,0,3.0,0
548,10469,Apparel,779.18,41.0,Prepaid_Card,515,14,1,233.9,6,1,2.0,0
549,51828,Footwear,948.45,7.2,Prepaid_UPI,1342,23,4,344.6,8,0,5.0,0
550,54740,Electronics,20137.29,19.6,COD,374,4,0,174.1,7,0,1.0,0
551,28657,Electronics,27173.37,11.0,Prepaid_UPI,893,16,0,258.4,3,0,2.0,1
552,69615,Apparel,1160.12,39.3,COD,180,6,0,51.5,3,1,3.0,1
553,30411,Apparel,1701.41,43.0,Prepaid_UPI,477,8,2,165.0,6,0,2.0,0
554,66627,Beauty,1591.11,18.6,COD,567,13,2,108.7,5,0,1.0,0
555,36829,Apparel,2363.75,36.4,COD,10,0,0,630.9,7,1,5.0,0
556,98119,Apparel,1230.19,43.1,COD,120,2,0,225.2,4,1,5.0,1
557,90656,Apparel,527.36,19.5,Prepaid_UPI,1649,38,1,807.4,2,0,5.0,0
558,77629,Electronics,15794.82,21.8,COD,773,17,0,223.7,3,1,2.0,0
559,42060,Home,9285.46,30.3,Prepaid_UPI,190,4,0,279.6,7,1,4.0,1
560,63606,Electronics,13545.23,8.2,COD,100,3,0,209.3,5,1,5.0,0
561,85036,Apparel,928.33,21.5,Prepaid_Card,29,1,0,179.6,6,0,4.0,0
562,34523,Apparel,1080.08,50.0,COD,388,7,0,274.2,4,0,1.0,1
563,34705,Footwear,4603.78,13.0,COD,8,0,0,335.8,3,1,,0
564,90620,Home,14131.93,32.0,Wallet,2,5,0,128.8,6,0,1.0,0
565,49395,Home,5580.46,27.3,Prepaid_Card,638,12,2,177.1,2,0,1.0,0
566,39063,Home,3334.58,17.7,Prepaid_UPI,121,6,2,89.0,6,1,1.0,0
567,57504,Footwear,2813.5,23.1,Prepaid_Card,65,0,0,67.0,8,0,2.0,1
568,74284,Apparel,1106.46,44.5,Prepaid_Card,150,5,0,335.6,1,0,5.0,0
569,10382,Electronics,49511.22,27.8,Prepaid_Card,134,8,1,315.6,3,1,1.0,0
570,40352,Home,7226.09,29.9,Prepaid_UPI,139,2,0,199.7,4,0,3.0,0
571,83943,Electronics,34284.88,42.4,Prepaid_UPI,29,0,0,315.9,4,0,4.0,0
572,63684,Footwear,5525.83,15.9,Prepaid_Card,50,0,0,344.2,4,0,4.0,0
573,64078,Electronics,31824.02,5.3,Prepaid_Card,239,5,2,412.2,9,1,4.0,0
574,48675,Footwear,1871.58,44.8,Prepaid_Card,240,6,0,53.1,3,0,1.0,0
575,17175,Beauty,1881.12,21.9,Prepaid_Card,146,3,0,229.3,4,0,2.0,0
576,52006,Home,6327.21,32.5,Prepaid_Card,1333,28,0,109.4,3,0,1.0,0
577,11970,Beauty,1353.7,9.3,Prepaid_Card,1241,33,3,140.1,2,1,3.0,0
578,46851,Home,14700.21,25.4,Prepaid_UPI,81,1,1,132.8,5,0,2.0,1
579,19265,Beauty,943.98,4.6,Wallet,881,17,1,267.7,1,0,1.0,0
580,81113,Electronics,23977.82,20.9,Wallet,829,20,3,160.1,2,0,1.0,0
581,78314,Electronics,8833.49,10.9,Prepaid_UPI,581,15,3,52.7,5,1,1.0,0
582,63087,Home,3088.89,7.7,Prepaid_Card,947,25,6,294.0,6,0,1.0,0
583,82756,Apparel,1647.49,15.8,Prepaid_UPI,270,11,1,107.7,3,0,1.0,0
584,55360,Electronics,37799.77,0.0,COD,305,7,1,111.2,3,1,,0
585,93547,Beauty,1963.91,3.8,Prepaid_Card,800,16,0,870.2,1,0,,0
586,54458,Home,5274.62,31.0,COD,600,7,0,470.1,6,1,,0
587,13744,Apparel,478.18,24.9,COD,123,0,0,160.4,5,1,1.0,1
588,52104,Electronics,24042.93,5.0,Wallet,33,1,0,122.2,5,1,3.0,0
589,18585,Apparel,1434.18,27.7,Prepaid_UPI,117,0,0,327.9,2,1,2.0,0
590,83030,Apparel,2006.9,7.7,Prepaid_Card,10,0,0,989.8,6,1,3.0,1
591,59709,Beauty,1974.83,30.1,COD,333,7,1,533.6,3,0,4.0,1
592,54870,Electronics,43691.67,18.4,Prepaid_UPI,393,11,0,345.1,6,1,4.0,0
593,38101,Electronics,39366.16,15.4,Prepaid_Card,555,11,2,531.2,3,0,2.0,1
594,54332,Home,5805.23,18.7,Prepaid_UPI,103,4,0,303.1,5,0,2.0,0
595,98846,Apparel,1709.28,55.8,Wallet,970,23,1,511.3,3,1,2.0,0
596,22060,Apparel,1956.67,9.4,COD,1003,25,4,146.3,6,1,,0
597,34192,Footwear,5762.84,23.2,COD,201,10,1,406.4,2,1,3.0,1
598,32084,Home,6624.11,30.9,COD,1086,31,1,217.0,5,0,,1
599,22056,Beauty,1997.6,6.5,COD,384,10,4,339.1,2,0,2.0,0
600,82829,Home,6193.63,0.0,COD,902,18,1,545.5,4,0,4.0,1
601,82956,Electronics,37153.58,11.6,COD,744,16,4,190.4,6,0,4.0,0
602,84226,Footwear,5515.96,30.6,COD,2,4,0,140.1,2,0,5.0,1
603,49354,Beauty,2769.79,15.2,COD,298,3,0,427.3,5,1,,1
604,41543,Footwear,1363.98,16.8,COD,206,8,1,264.7,6,0,5.0,1
605,35332,Beauty,731.68,32.8,Prepaid_UPI,105,1,0,52.0,1,0,4.0,0
606,27765,Footwear,4652.11,8.7,COD,44,1,0,279.5,5,0,,0
607,44111,Beauty,1948.38,18.8,Prepaid_UPI,1465,30,1,136.5,7,0,4.0,0
608,81105,Apparel,2295.98,0.0,COD,318,3,0,326.1,3,1,2.0,0
609,16608,Footwear,2225.9,24.5,COD,161,2,0,382.6,3,0,,0
610,92361,Electronics,42553.02,23.2,COD,862,23,0,160.7,1,0,2.0,0
611,41886,Home,10414.75,31.1,Prepaid_UPI,65,0,0,215.2,3,0,2.0,0
612,73034,Home,3334.12,4.0,COD,1325,34,4,162.0,7,0,3.0,0
613,60150,Beauty,510.51,17.3,Prepaid_Card,182,2,0,309.4,4,0,2.0,0
614,44040,Beauty,2152.76,2.1,COD,17,0,0,467.9,5,0,5.0,0
615,61895,Apparel,690.69,16.6,Wallet,89,2,0,17.4,3,1,4.0,0
616,54434,Footwear,4868.81,40.7,COD,62,3,0,171.7,4,0,5.0,1
617,29582,Footwear,3564.02,15.5,Prepaid_Card,1256,28,1,621.5,7,0,4.0,0
618,88894,Electronics,24366.49,0.9,Prepaid_UPI,760,17,3,205.4,7,1,3.0,0
619,57260,Apparel,942.39,10.5,COD,107,7,0,265.8,5,0,1.0,1
620,23662,Apparel,2465.27,0.0,COD,117,2,0,822.4,4,0,3.0,0
621,67938,Footwear,4471.92,1.9,Prepaid_UPI,912,18,0,581.8,3,1,3.0,0
622,14286,Electronics,39125.12,29.4,COD,22,0,0,318.3,6,0,5.0,0
623,49049,Beauty,2340.83,0.0,COD,342,11,3,210.0,4,1,1.0,0
624,91668,Electronics,29616.76,24.4,Prepaid_Card,388,7,0,376.8,7,1,3.0,0
625,47239,Beauty,2828.14,20.4,COD,2,0,0,160.7,1,0,2.0,1
626,61509,Electronics,29607.25,12.6,Wallet,463,13,2,167.4,4,0,,1
627,14277,Footwear,3360.25,23.2,Prepaid_Card,12,6,0,107.6,4,1,3.0,0
628,67411,Apparel,938.48,6.9,Prepaid_Card,586,13,1,149.5,6,0,1.0,0
629,58768,Home,4585.17,31.8,COD,274,5,2,207.5,2,0,3.0,0
630,22428,Footwear,4552.86,10.2,Prepaid_UPI,207,4,0,303.6,4,1,3.0,0
631,77636,Beauty,1104.09,14.6,Prepaid_UPI,237,3,0,321.4,6,0,3.0,0
632,75378,Footwear,4507.91,12.9,COD,1072,22,12,193.4,5,0,1.0,0
633,46627,Apparel,2398.32,29.7,Prepaid_UPI,160,2,0,269.4,5,1,5.0,0
634,60725,Electronics,22526.06,27.6,Prepaid_Card,20,3,1,489.4,3,1,1.0,0
635,48497,Apparel,559.25,0.0,Prepaid_UPI,2326,51,11,364.7,4,0,3.0,0
636,40270,Apparel,1783.07,23.6,COD,39,4,0,137.9,2,1,1.0,0
637,16596,Home,638.08,0.0,COD,93,1,0,232.2,7,1,5.0,0
638,70280,Footwear,4828.52,15.2,Prepaid_UPI,79,0,0,451.7,5,1,3.0,0
639,27913,Footwear,3391.09,18.5,Prepaid_UPI,366,11,1,152.0,5,0,4.0,0
640,92628,Beauty,1545.74,15.1,COD,113,2,1,131.6,5,0,3.0,1
641,98311,Footwear,3631.93,27.0,COD,298,6,0,160.8,7,0,4.0,0
642,92783,Footwear,3340.25,30.1,Prepaid_UPI,549,12,1,211.0,9,1,5.0,0
643,62758,Apparel,1046.12,9.2,COD,155,7,1,136.5,5,1,2.0,0
644,13148,Apparel,955.24,8.7,COD,453,10,2,164.9,5,0,4.0,0
645,76920,Home,6521.81,19.5,Prepaid_Card,684,18,0,498.8,5,1,2.0,0
646,18301,Beauty,2700.49,0.0,COD,70,0,0,458.8,7,0,,0
647,83179,Apparel,641.05,13.3,COD,633,17,0,48.3,6,0,3.0,0
648,59164,Home,5209.09,38.9,COD,23,1,0,75.8,5,1,3.0,0
649,62519,Home,3288.36,0.0,Wallet,242,8,0,364.4,6,0,2.0,0
650,66395,Apparel,1268.34,15.2,COD,92,4,0,156.5,5,0,3.0,0
651,77841,Electronics,7541.42,11.7,Prepaid_UPI,47,0,0,127.0,2,1,2.0,1
652,94046,Beauty,2318.27,48.1,Wallet,124,2,0,290.6,7,1,5.0,0
653,57116,Home,2000.28,12.5,Prepaid_UPI,317,9,2,337.3,3,1,4.0,0
654,65455,Apparel,1780.31,13.3,Prepaid_Card,430,12,1,361.7,4,1,5.0,0
655,83868,Beauty,912.97,5.6,Prepaid_Card,556,16,2,66.4,3,0,3.0,0
656,81810,Electronics,24137.31,20.1,COD,1164,26,3,345.6,4,0,3.0,0
657,50304,Beauty,719.97,23.8,Prepaid_Card,335,12,0,301.6,5,1,,0
658,73657,Apparel,1919.98,7.6,Wallet,230,3,0,201.2,7,1,2.0,1
659,19531,Home,14250.0,33.8,Prepaid_UPI,1377,26,3,397.1,4,0,4.0,0
660,49016,Electronics,11865.52,23.8,Prepaid_Card,140,2,0,381.9,7,0,3.0,0
661,18150,Apparel,2399.28,31.9,COD,113,6,0,426.7,1,1,2.0,1
662,40239,Beauty,1077.03,15.4,Prepaid_UPI,328,4,0,132.2,2,0,2.0,0
663,54440,Apparel,1549.37,23.4,COD,180,0,0,128.0,3,0,4.0,0
664,67479,Apparel,1858.42,17.0,Prepaid_UPI,29,0,0,839.2,6,1,2.0,1
665,45842,Electronics,10764.16,40.4,COD,78,3,1,427.9,3,0,4.0,1
666,68086,Footwear,2946.2,21.6,Prepaid_UPI,444,5,0,159.4,2,1,1.0,0
667,15271,Footwear,873.05,20.1,Prepaid_UPI,580,14,2,198.8,8,1,,1
668,42029,Beauty,2136.6,13.6,Prepaid_Card,312,5,3,340.9,4,0,4.0,0
669,16904,Apparel,1245.72,12.8,COD,5,0,0,367.5,7,0,,1
670,37579,Electronics,44690.58,23.3,Prepaid_UPI,137,0,0,63.7,7,0,4.0,0
671,36349,Apparel,939.08,31.5,COD,337,8,1,284.8,6,0,3.0,0
672,20102,Home,13892.22,10.4,COD,146,0,0,382.1,7,0,2.0,0
673,47859,Beauty,551.96,21.8,Prepaid_Card,269,5,2,165.2,4,1,3.0,0
674,18574,Footwear,3838.32,22.6,Prepaid_Card,117,3,0,64.9,2,0,1.0,0
675,71323,Home,4963.22,25.0,Prepaid_UPI,480,12,3,352.9,6,1,4.0,0
676,17881,Electronics,9907.3,0.0,COD,154,6,1,94.3,4,1,4.0,0
677,89480,Beauty,417.72,7.1,Prepaid_Card,293,7,0,473.3,6,0,4.0,1
678,72977,Electronics,33126.49,0.9,Prepaid_UPI,137,0,0,119.8,6,1,2.0,0
679,41470,Apparel,851.31,20.5,COD,63,2,1,267.9,3,1,5.0,0
680,57898,Electronics,29067.91,7.4,Prepaid_Card,5,2,0,71.1,3,0,1.0,0
681,55518,Apparel,2455.75,13.1,Prepaid_UPI,680,14,0,262.0,4,1,4.0,0
682,88733,Apparel,1029.32,3.3,Prepaid_UPI,486,9,1,232.6,7,1,3.0,0
683,28013,Apparel,425.13,14.4,Prepaid_Card,191,11,5,196.7,3,0,2.0,0
684,20171,Electronics,7998.31,4.3,Prepaid_UPI,1318,25,3,164.1,8,0,2.0,0
685,48694,Home,2230.17,30.6,COD,695,16,0,201.6,1,0,3.0,0
686,99917,Electronics,23700.89,26.7,COD,392,11,0,168.5,8,0,2.0,1
687,36214,Electronics,37487.88,22.1,Wallet,232,4,1,338.2,5,0,4.0,0
688,50717,Beauty,994.87,15.8,Prepaid_UPI,302,6,2,271.5,6,1,4.0,0
689,85620,Footwear,1302.14,0.0,Prepaid_Card,413,7,3,253.5,6,1,3.0,1
690,80796,Home,9791.12,13.6,Prepaid_Card,164,3,1,263.5,1,0,5.0,0
691,27217,Apparel,997.54,9.3,Prepaid_Card,396,11,1,180.9,4,1,3.0,0
692,30662,Beauty,1789.24,23.5,COD,58,0,0,294.4,4,0,,0
693,25210,Apparel,2357.64,28.7,Prepaid_UPI,986,31,8,384.2,7,1,3.0,0
694,38675,Electronics,15276.0,24.5,Prepaid_UPI,309,5,1,317.1,4,0,3.0,0
695,31920,Beauty,1610.6,37.7,Prepaid_Card,41,5,1,378.6,7,0,5.0,1
696,20985,Home,12198.77,12.0,COD,1090,25,2,333.9,8,0,1.0,0
697,15269,Footwear,4304.45,11.5,COD,203,4,0,288.5,6,1,,1
698,41762,Home,11396.43,34.5,COD,41,5,0,107.5,5,0,2.0,0
699,33931,Home,11702.26,22.3,Prepaid_UPI,17,0,0,148.1,2,0,4.0,0
700,43541,Apparel,1510.82,16.5,Prepaid_Card,1076,25,7,70.6,6,1,3.0,1
701,35761,Apparel,1502.53,45.9,COD,98,0,0,383.9,4,0,3.0,0
702,39225,Electronics,36225.59,28.1,Prepaid_Card,242,4,0,109.4,7,1,3.0,0
703,19124,Apparel,1849.94,17.3,Wallet,148,1,0,138.6,2,0,3.0,1
704,91611,Beauty,2059.66,10.4,COD,98,0,0,187.9,3,0,1.0,0
705,31510,Apparel,1171.59,38.6,Prepaid_Card,408,4,0,188.7,6,0,2.0,0
706,86451,Home,12513.87,22.9,Prepaid_Card,128,4,1,209.2,8,1,2.0,0
707,75809,Footwear,1799.12,20.3,COD,307,6,0,389.5,6,1,2.0,0
708,19573,Footwear,1356.53,29.5,Prepaid_Card,398,7,0,285.8,7,0,5.0,0
709,51011,Electronics,17912.95,32.3,Prepaid_Card,860,21,1,323.5,5,0,,0
710,45269,Electronics,13437.73,27.7,COD,19,1,0,129.6,8,0,5.0,0
711,54117,Beauty,2040.07,32.4,COD,248,4,1,327.3,5,0,1.0,1
712,38436,Home,3849.76,26.3,Prepaid_UPI,62,10,1,124.8,6,1,2.0,0
713,67222,Footwear,4110.69,27.8,COD,401,11,0,204.9,5,1,,1
714,93731,Beauty,1612.68,9.8,Prepaid_Card,549,19,1,160.7,4,0,4.0,1
715,38147,Footwear,1338.48,45.3,Prepaid_Card,93,0,0,166.9,5,1,,0
716,64176,Apparel,905.55,2.7,Prepaid_UPI,273,6,0,722.1,5,1,2.0,0
717,38480,Home,8065.04,24.3,Prepaid_UPI,521,7,0,174.9,6,0,1.0,0
718,90109,Apparel,1926.18,1.3,Prepaid_UPI,135,2,1,59.4,1,0,1.0,1
719,37958,Home,6274.65,18.6,Prepaid_Card,386,6,2,375.0,3,1,2.0,0
720,47246,Beauty,813.57,12.0,Prepaid_Card,317,16,2,215.6,4,1,1.0,0
721,38993,Home,4778.63,21.9,COD,775,15,2,316.2,2,0,4.0,0
722,65676,Electronics,5660.74,24.8,COD,344,6,2,138.6,3,0,5.0,0
723,94347,Apparel,404.07,6.6,Prepaid_Card,142,0,0,209.4,6,1,5.0,0
724,22480,Beauty,2923.42,19.6,COD,143,4,0,228.9,5,0,,0
725,39491,Apparel,557.28,39.5,Prepaid_Card,644,11,3,228.0,7,0,4.0,1
726,20517,Apparel,618.51,1.6,COD,953,23,5,215.7,6,1,4.0,0
727,59221,Apparel,2222.57,8.0,COD,96,0,0,361.6,7,0,1.0,1
728,65161,Apparel,1776.54,32.1,COD,1311,28,0,392.0,5,0,5.0,0
729,72267,Electronics,22367.55,21.1,Prepaid_UPI,173,0,0,135.1,7,0,4.0,1
730,60747,Home,9910.84,22.1,Prepaid_Card,146,1,0,379.1,3,0,3.0,0
731,78072,Electronics,46814.26,34.3,Prepaid_UPI,106,1,0,144.2,7,1,4.0,0
732,90409,Apparel,563.66,8.9,Prepaid_Card,212,2,0,304.7,6,0,1.0,1
733,13563,Apparel,873.98,12.7,Prepaid_UPI,322,5,1,54.5,6,1,3.0,0
734,71814,Electronics,43154.72,11.0,Prepaid_UPI,1476,35,0,363.6,5,0,4.0,1
735,83411,Apparel,2028.37,15.1,COD,419,15,0,287.3,3,1,3.0,0
736,29150,Footwear,5968.41,38.8,Wallet,59,2,0,150.6,5,0,1.0,0
737,17880,Apparel,1024.9,0.0,COD,584,10,0,240.1,2,0,,1
738,56877,Electronics,47299.43,3.3,Prepaid_Card,71,1,0,215.2,7,1,3.0,0
739,56533,Electronics,17840.75,0.9,Prepaid_UPI,507,10,1,255.6,4,0,5.0,0
740,13802,Electronics,36039.57,39.6,COD,141,5,0,259.5,4,0,4.0,0
741,41217,Apparel,2247.9,11.4,Prepaid_Card,175,4,0,217.3,1,0,2.0,0
742,68951,Apparel,717.18,15.4,COD,214,0,0,509.7,2,0,5.0,0
743,18822,Beauty,736.07,0.0,COD,592,16,4,176.0,10,1,4.0,0
744,21019,Apparel,1599.06,16.3,COD,231,8,4,300.8,3,1,3.0,1
745,32858,Home,12735.46,32.1,COD,1448,36,4,277.3,7,1,,1
746,47386,Electronics,4868.53,23.5,COD,173,2,0,187.0,2,1,,0
747,49653,Electronics,42693.16,18.5,Prepaid_Card,45,1,0,476.0,2,0,2.0,0
748,13465,Electronics,17812.91,0.0,Prepaid_Card,1109,21,0,129.3,4,0,4.0,0
749,40816,Footwear,2734.25,15.4,Prepaid_Card,968,21,4,333.8,5,1,2.0,0
750,70002,Footwear,2369.24,22.1,Prepaid_UPI,186,5,0,299.4,3,0,2.0,0
751,51598,Apparel,2309.68,6.1,COD,31,0,0,284.3,5,0,3.0,0
752,71564,Electronics,7408.92,29.2,COD,96,3,0,238.8,3,0,3.0,0
753,58211,Apparel,1584.69,32.4,Prepaid_UPI,355,8,1,377.6,7,1,5.0,1
754,23156,Electronics,8257.3,12.6,Wallet,197,3,1,104.0,9,0,2.0,0
755,30760,Footwear,5607.27,30.2,Prepaid_Card,1243,31,0,147.5,7,1,5.0,0
756,25784,Apparel,2065.55,18.5,COD,497,10,2,291.2,2,0,2.0,1
757,67839,Electronics,12457.14,36.1,Prepaid_UPI,200,4,0,154.1,5,0,5.0,0
758,39023,Beauty,998.67,48.5,Prepaid_UPI,12,0,0,136.6,3,0,2.0,1
759,55245,Apparel,1170.26,4.7,Prepaid_Card,2225,51,2,443.7,3,1,5.0,0
760,99568,Electronics,20865.47,30.8,COD,241,3,0,457.1,6,1,,0
761,20637,Footwear,4995.39,38.3,COD,746,19,5,301.7,5,1,3.0,0
762,89799,Apparel,1563.75,6.4,Prepaid_Card,115,0,0,156.4,5,0,1.0,0
763,62612,Apparel,1270.09,11.9,Wallet,31,1,1,178.7,5,0,1.0,1
764,51702,Apparel,1896.81,11.8,Prepaid_UPI,78,0,0,263.3,3,0,4.0,0
765,68789,Beauty,1454.91,18.1,COD,738,18,2,208.5,2,1,2.0,0
766,82591,Apparel,625.72,15.0,Prepaid_Card,56,0,0,340.1,4,0,2.0,0
767,68881,Apparel,581.1,17.2,Prepaid_UPI,1126,26,0,117.3,4,1,3.0,0
768,10364,Apparel,1050.81,31.7,Prepaid_Card,721,14,0,119.5,5,1,5.0,0
769,91452,Apparel,1646.17,0.0,Prepaid_UPI,379,5,0,218.1,6,0,3.0,0
770,20490,Home,2455.2,6.4,COD,95,0,0,458.3,4,1,1.0,0
771,52546,Apparel,1532.79,29.4,COD,61,1,1,297.1,5,0,5.0,1
772,75560,Home,4409.34,27.7,Prepaid_Card,132,4,0,250.4,6,1,4.0,0
773,82536,Home,10583.49,5.2,Prepaid_Card,428,10,0,249.5,4,0,2.0,0
774,90597,Footwear,655.44,27.8,Wallet,249,2,2,446.9,5,1,5.0,0
775,66730,Apparel,1358.4,38.6,Prepaid_Card,280,11,1,573.0,5,1,4.0,1
776,20344,Beauty,298.95,19.3,COD,636,15,3,114.9,4,1,5.0,0
777,43193,Home,5292.36,5.9,COD,178,2,1,266.5,2,1,3.0,1
778,80550,Apparel,383.49,32.2,Prepaid_Card,360,9,0,280.7,3,1,5.0,0
779,84696,Footwear,3080.04,44.1,COD,113,3,0,179.4,7,1,,1
780,15335,Beauty,2336.0,7.6,Prepaid_UPI,213,4,0,143.6,1,0,2.0,0
781,43990,Apparel,565.47,20.5,COD,10,0,0,63.4,8,0,4.0,0
782,41370,Beauty,2245.38,35.3,COD,11,3,0,240.6,3,1,3.0,0
783,88057,Electronics,29625.57,21.6,Prepaid_Card,47,6,1,555.5,1,0,2.0,0
784,79034,Home,7816.78,0.0,COD,92,0,0,378.8,3,1,5.0,0
785,70177,Beauty,1858.53,26.2,Prepaid_UPI,24,4,0,241.7,1,1,4.0,0
786,53061,Electronics,17458.96,6.3,Prepaid_Card,456,10,2,292.2,1,0,1.0,0
787,17042,Footwear,4406.87,2.2,Prepaid_Card,824,19,2,236.7,5,0,1.0,1
788,77023,Electronics,39203.63,0.0,Prepaid_UPI,7,4,1,235.8,1,0,5.0,0
789,68049,Footwear,4780.23,36.7,Prepaid_UPI,840,10,2,379.4,1,0,4.0,0
790,35522,Home,4407.17,8.3,Prepaid_UPI,2,2,1,245.5,5,1,4.0,0
791,40271,Apparel,1755.9,24.7,COD,83,5,0,112.7,5,0,1.0,1
792,70206,Electronics,8256.69,28.1,COD,1056,21,2,130.3,5,0,2.0,0
793,13705,Electronics,25275.56,22.3,Prepaid_UPI,252,1,0,183.1,5,0,3.0,1
794,81052,Apparel,355.65,24.2,Prepaid_Card,5,5,0,285.6,4,0,2.0,0
795,63204,Apparel,766.21,25.3,Prepaid_Card,651,9,3,135.7,6,0,5.0,1
796,27882,Electronics,31954.97,21.9,Prepaid_Card,201,5,0,65.6,6,0,5.0,0
797,58255,Apparel,2229.88,9.4,Prepaid_UPI,442,12,2,192.1,5,1,1.0,0
798,26745,Apparel,455.41,8.1,COD,561,13,3,311.4,6,1,1.0,0
799,36944,Footwear,3572.04,18.5,Prepaid_Card,158,5,0,396.4,1,0,2.0,0
800,14050,Footwear,4002.26,18.2,COD,1895,41,1,145.3,4,1,,0
801,84733,Footwear,5628.15,26.0,Prepaid_Card,77,3,1,214.5,7,0,2.0,0
802,44395,Electronics,33102.05,35.4,Prepaid_UPI,1448,30,0,119.4,3,1,2.0,0
803,71207,Beauty,443.64,24.8,Prepaid_Card,669,13,3,172.8,6,0,5.0,1
804,11257,Home,2627.79,8.6,COD,58,1,0,73.6,5,0,4.0,0
805,87518,Apparel,1716.89,0.0,Prepaid_UPI,3,0,0,99.7,3,0,1.0,0
806,57460,Apparel,813.58,9.2,Prepaid_UPI,108,4,1,97.3,5,1,5.0,1
807,24723,Footwear,5605.68,1.2,Prepaid_Card,57,0,0,407.8,4,1,3.0,0
808,34970,Apparel,2329.48,9.8,Wallet,22,1,0,135.6,4,1,5.0,0
809,46366,Home,14255.51,23.4,Prepaid_Card,565,13,1,345.0,3,1,4.0,0
810,99014,Beauty,984.91,21.2,Prepaid_UPI,647,11,5,100.6,3,0,5.0,0
811,91198,Apparel,1891.44,46.0,COD,29,0,0,224.1,2,1,1.0,1
812,88470,Apparel,1775.48,26.8,COD,60,0,0,268.3,4,1,5.0,0
813,26644,Beauty,251.47,46.7,COD,834,20,5,298.8,5,0,2.0,0
814,59467,Home,4350.69,30.0,COD,275,7,1,59.9,4,0,4.0,0
815,12943,Apparel,794.55,35.2,Prepaid_Card,922,17,3,303.2,4,1,5.0,0
816,90920,Beauty,1206.8,15.0,COD,37,1,1,328.7,10,1,,1
817,15384,Beauty,2866.2,5.0,Prepaid_Card,1035,23,1,34.0,6,0,1.0,0
818,96649,Home,12761.22,13.7,COD,183,4,0,124.5,1,1,,0
819,27003,Home,4754.66,19.8,COD,248,2,1,315.5,5,1,4.0,0
820,64014,Apparel,1489.57,11.2,Wallet,188,4,0,539.1,5,1,2.0,0
821,83748,Apparel,763.37,6.0,Prepaid_UPI,2,2,1,312.4,12,0,1.0,1
822,42207,Home,4522.79,25.8,Wallet,58,2,0,40.5,5,0,1.0,0
823,36252,Apparel,489.76,5.9,Prepaid_Card,175,5,1,302.2,9,0,3.0,0
824,89446,Home,9817.79,0.0,COD,129,7,1,99.0,4,1,4.0,1
825,70878,Footwear,4113.06,4.3,Prepaid_Card,553,12,2,269.2,3,0,3.0,0
826,33996,Apparel,2152.78,16.7,Prepaid_Card,87,0,0,317.2,2,0,1.0,0
827,10461,Home,13137.5,6.1,COD,862,16,7,267.9,6,1,4.0,0
828,39526,Apparel,694.13,16.8,Prepaid_UPI,27,1,0,363.9,3,1,1.0,0
829,32761,Beauty,2267.67,28.4,Prepaid_Card,178,0,0,142.5,3,0,2.0,0
830,68493,Apparel,639.62,28.0,Prepaid_UPI,674,14,2,323.2,6,0,3.0,0
831,45198,Home,5918.87,10.7,Prepaid_Card,60,2,0,184.2,4,0,4.0,0
832,12958,Home,7975.28,1.7,Prepaid_Card,1028,26,3,318.6,5,0,2.0,0
833,68719,Electronics,3424.03,11.9,COD,314,2,0,110.6,2,0,3.0,0
834,20560,Home,2773.07,29.2,Wallet,828,18,1,150.7,1,0,5.0,0
835,20827,Footwear,1991.14,32.4,Prepaid_Card,231,4,0,347.4,7,1,,0
836,59911,Home,2349.36,24.9,COD,333,7,0,218.5,7,0,5.0,0
837,38390,Footwear,5637.53,36.8,COD,355,8,2,138.7,4,0,1.0,1
838,22523,Beauty,971.71,44.2,Prepaid_Card,315,6,2,356.0,5,0,2.0,0
839,68484,Electronics,25557.41,13.2,Wallet,224,9,1,151.1,3,1,1.0,0
840,87062,Home,14949.75,40.8,Prepaid_UPI,575,16,0,290.8,4,1,5.0,0
841,24132,Apparel,1568.28,16.4,Prepaid_UPI,829,24,2,156.4,9,0,,0
842,88645,Footwear,2763.23,34.3,Wallet,332,7,0,536.6,8,1,3.0,1
843,16267,Home,13981.99,29.9,Prepaid_UPI,807,16,2,247.2,5,1,4.0,0
844,56157,Electronics,11902.39,0.0,COD,309,3,0,224.1,1,1,3.0,0
845,74830,Apparel,735.93,6.5,Prepaid_Card,841,17,5,393.5,6,0,2.0,0
846,18316,Beauty,1675.79,2.9,COD,164,5,3,144.0,4,0,5.0,1
847,94037,Electronics,21937.79,0.0,COD,178,6,0,339.5,4,0,,1
848,35209,Footwear,4883.42,32.3,Prepaid_Card,283,8,0,134.0,4,1,5.0,0
849,79344,Apparel,440.32,49.0,COD,20,0,0,216.0,8,0,2.0,1
850,62538,Beauty,1910.52,16.4,Wallet,978,19,1,165.2,5,0,4.0,0
851,42633,Apparel,1877.96,32.0,Wallet,450,15,2,103.6,6,1,2.0,1
852,14949,Apparel,2439.62,40.8,COD,284,3,0,104.5,5,1,4.0,1
853,88348,Beauty,565.43,22.9,Prepaid_UPI,11,4,1,166.5,5,1,4.0,0
854,41873,Beauty,851.79,19.6,Prepaid_Card,429,10,1,328.4,6,1,4.0,0
855,55294,Apparel,2354.75,16.6,COD,4,0,0,838.0,4,0,,0
856,26081,Electronics,31900.81,27.5,COD,48,0,0,105.7,2,0,3.0,0
857,46802,Footwear,709.27,32.2,COD,346,5,0,213.3,8,0,,0
858,61860,Beauty,370.43,26.5,COD,56,2,0,185.8,1,0,4.0,0
859,98220,Electronics,39486.59,26.0,COD,122,0,0,335.9,5,1,1.0,1
860,88485,Home,8728.38,19.3,COD,596,17,2,455.6,8,1,3.0,0
861,95115,Footwear,3609.79,0.0,COD,2600,57,6,257.1,5,1,2.0,0
862,90893,Footwear,5339.26,32.6,Wallet,417,11,2,110.4,6,0,5.0,0
863,32780,Footwear,1826.04,2.0,COD,689,17,1,186.5,6,1,2.0,1
864,18793,Home,2826.25,28.7,COD,138,7,0,298.5,7,0,,1
865,50775,Apparel,1669.68,30.6,Prepaid_Card,162,2,0,192.0,7,0,5.0,1
866,18520,Beauty,2664.91,4.0,COD,797,18,1,123.4,2,1,1.0,0
867,70907,Beauty,905.96,11.5,Prepaid_Card,460,6,0,227.8,7,0,1.0,0
868,75327,Footwear,4247.12,49.7,COD,1109,24,1,197.9,4,0,3.0,1
869,76982,Apparel,677.61,18.9,Prepaid_Card,191,7,0,73.6,3,0,3.0,1
870,10556,Apparel,719.6,2.9,Prepaid_Card,222,5,0,265.3,2,1,4.0,0
871,10663,Footwear,5458.31,31.2,Prepaid_UPI,524,18,2,345.3,5,1,5.0,0
872,54737,Apparel,603.62,9.2,Prepaid_Card,234,6,0,442.0,3,1,1.0,0
873,47626,Beauty,219.38,0.0,Prepaid_Card,43,0,0,585.0,5,0,3.0,0
874,69397,Electronics,38972.08,27.3,COD,1017,23,5,719.1,4,0,,1
875,74267,Footwear,2493.8,7.2,COD,647,9,3,89.7,5,1,,1
876,44971,Beauty,1280.48,24.5,Prepaid_Card,25,0,0,280.4,6,0,,1
877,82750,Electronics,40193.02,8.6,COD,411,5,0,63.9,7,0,5.0,0
878,48408,Electronics,9816.85,29.9,COD,335,7,1,258.1,7,1,4.0,1
879,71531,Home,9929.74,22.6,Prepaid_UPI,927,20,3,324.2,8,0,1.0,0
880,49599,Home,5046.16,0.0,COD,200,8,1,94.1,4,0,,0
881,17152,Electronics,6109.15,25.3,COD,54,0,0,600.9,3,0,4.0,1
882,36632,Home,10468.69,15.9,Prepaid_UPI,454,7,1,98.1,4,1,5.0,0
883,97084,Beauty,1058.19,39.8,COD,305,11,2,118.4,4,0,5.0,1
884,47861,Electronics,43463.6,25.5,Prepaid_UPI,179,0,0,326.7,2,1,3.0,0
885,62365,Apparel,2325.93,30.6,Wallet,2600,57,5,282.6,4,1,,0
886,82293,Electronics,42603.54,10.1,Wallet,411,9,0,286.3,6,0,1.0,0
887,59265,Electronics,16795.24,8.9,Prepaid_Card,186,4,0,30.6,7,1,3.0,0
888,85243,Apparel,858.65,19.6,COD,110,3,1,297.5,4,0,5.0,0
889,22246,Apparel,2269.52,15.0,Prepaid_Card,1007,22,0,272.9,7,0,1.0,0
890,63822,Footwear,2991.21,38.7,Prepaid_Card,27,2,0,162.3,5,1,4.0,0
891,45583,Electronics,35679.25,17.9,Prepaid_Card,818,16,4,76.7,1,1,1.0,0
892,37341,Beauty,2507.42,2.9,COD,54,0,0,224.8,2,1,1.0,1
893,44559,Apparel,947.03,8.4,COD,34,0,0,349.6,5,0,4.0,0
894,46497,Apparel,606.06,33.5,COD,231,2,0,416.7,1,1,,0
895,47482,Footwear,3936.55,17.7,COD,415,7,3,188.8,2,1,1.0,1
896,73320,Beauty,1832.05,16.9,COD,1223,30,6,451.6,1,0,5.0,0
897,89486,Apparel,930.93,34.8,Wallet,91,6,2,71.4,4,0,1.0,1
898,52660,Apparel,1607.12,7.2,COD,3,3,0,352.2,5,1,5.0,0
899,60716,Apparel,2049.27,0.0,Prepaid_Card,16,3,0,219.7,1,0,5.0,0
900,20987,Home,5575.16,8.1,Wallet,178,4,0,69.0,6,1,3.0,0
901,47895,Electronics,12873.57,23.4,COD,175,6,0,408.9,5,0,5.0,0
902,69818,Apparel,1908.75,16.5,Prepaid_Card,246,6,4,221.9,2,1,3.0,1
903,81636,Apparel,2039.62,0.0,Prepaid_UPI,56,7,1,366.7,5,0,1.0,1
904,18410,Electronics,47760.18,34.2,COD,758,14,4,208.8,3,0,5.0,0
905,58105,Beauty,570.62,22.3,Prepaid_Card,229,7,0,205.1,3,1,1.0,0
906,98865,Home,13394.33,25.4,Prepaid_UPI,34,0,0,160.6,2,0,4.0,0
907,48038,Electronics,38489.84,25.9,Prepaid_UPI,783,19,7,228.1,4,0,2.0,0
908,38860,Apparel,1859.08,1.8,Prepaid_UPI,179,0,0,290.8,4,1,1.0,0
909,73421,Apparel,1023.07,24.2,Wallet,373,4,0,214.4,4,0,5.0,0
910,24247,Apparel,397.71,32.7,COD,1053,19,5,100.3,4,0,,0
911,65037,Footwear,3291.53,36.0,Prepaid_UPI,298,7,2,278.0,5,0,3.0,0
912,63633,Beauty,964.44,30.1,Prepaid_Card,3,1,0,278.2,4,0,5.0,1
913,44761,Beauty,975.99,27.2,Prepaid_UPI,2,7,0,97.5,1,0,2.0,0
914,78008,Beauty,2792.34,0.0,Prepaid_UPI,2560,56,10,149.8,4,0,3.0,0
915,34295,Beauty,585.96,19.8,Prepaid_UPI,228,7,2,92.9,3,1,4.0,0
916,74661,Beauty,2812.56,6.6,Prepaid_UPI,173,4,0,231.5,7,1,1.0,0
917,58392,Apparel,1433.18,38.0,COD,19,2,0,323.9,5,1,5.0,0
918,34074,Apparel,2152.3,35.8,Prepaid_UPI,255,6,2,301.9,6,1,5.0,0
919,98113,Electronics,14895.79,6.7,COD,462,13,0,76.3,3,0,5.0,0
920,58616,Home,9691.85,19.4,Prepaid_Card,1617,32,8,223.8,6,1,3.0,0
921,74028,Apparel,1546.67,23.5,Prepaid_UPI,7,0,0,112.2,2,0,3.0,1
922,72283,Footwear,5582.91,32.6,Prepaid_UPI,383,9,4,89.5,4,0,2.0,0
923,92291,Home,3099.83,0.0,Prepaid_Card,251,0,0,224.2,3,0,3.0,0
924,83279,Home,3466.26,0.0,Prepaid_Card,93,6,0,163.7,6,0,5.0,0
925,26590,Apparel,2390.27,20.5,COD,141,1,0,549.0,8,1,3.0,0
926,53580,Apparel,560.62,0.0,COD,609,10,0,581.6,5,1,4.0,0
927,71629,Apparel,1714.57,22.2,COD,425,17,2,323.2,2,0,2.0,0
928,10716,Beauty,322.61,28.3,Wallet,98,2,0,157.0,3,1,3.0,0
929,34932,Home,1616.37,37.3,COD,257,5,0,58.4,11,0,4.0,0
930,48021,Footwear,3784.32,11.3,Wallet,70,3,0,152.5,6,1,2.0,0
931,26361,Apparel,1535.44,22.3,COD,482,13,1,352.3,3,0,2.0,0
932,65313,Electronics,29078.28,29.1,Prepaid_UPI,65,4,0,173.3,6,0,5.0,0
933,37108,Electronics,24208.95,3.5,Prepaid_Card,410,5,1,75.6,5,1,5.0,1
934,22672,Footwear,4582.98,32.8,Prepaid_UPI,222,6,1,496.5,10,1,2.0,0
935,53618,Footwear,5957.04,23.8,Prepaid_Card,316,6,3,124.3,5,1,1.0,0
936,93323,Apparel,942.93,11.5,Prepaid_UPI,659,11,1,134.8,4,0,,0
937,23597,Beauty,1071.8,22.0,Wallet,486,10,2,435.1,4,1,4.0,1
938,26081,Apparel,1044.56,18.0,Prepaid_Card,257,0,0,253.1,4,0,3.0,0
939,20183,Beauty,2325.32,30.9,COD,4,2,0,260.7,3,1,1.0,0
940,23727,Apparel,1098.23,15.0,COD,455,9,2,264.4,2,1,5.0,0
941,48602,Apparel,1804.98,23.2,Prepaid_UPI,699,14,0,114.2,4,1,1.0,0
942,10100,Footwear,2952.38,11.3,Prepaid_Card,906,19,3,313.1,6,1,5.0,0
943,21479,Apparel,1656.78,6.9,Prepaid_Card,328,6,0,386.3,4,0,,0
944,32498,Electronics,41621.75,22.4,Prepaid_Card,22,3,0,235.0,3,0,4.0,0
945,10011,Electronics,26188.88,7.4,COD,207,1,0,198.9,2,1,4.0,0
946,85235,Apparel,1371.62,31.2,Prepaid_UPI,79,0,0,455.5,6,1,3.0,1
947,37203,Footwear,1968.36,28.3,Prepaid_UPI,68,0,0,361.9,8,0,5.0,0
948,74745,Beauty,1620.33,9.3,Prepaid_UPI,707,12,0,128.4,3,1,3.0,0
949,70863,Beauty,897.87,23.0,Prepaid_UPI,6,0,0,337.7,3,1,4.0,0
950,23511,Electronics,42334.94,9.2,Prepaid_UPI,117,0,0,204.1,3,1,1.0,1
951,22949,Home,6138.53,0.0,Prepaid_Card,53,0,0,260.9,6,1,5.0,1
952,94019,Apparel,627.58,11.6,Wallet,591,14,0,563.2,7,1,5.0,0
953,54349,Apparel,865.93,19.3,COD,1264,32,6,74.6,5,0,1.0,0
954,67592,Apparel,1499.35,27.3,Prepaid_Card,144,3,2,47.6,2,0,5.0,1
955,72841,Beauty,2761.42,22.1,Prepaid_UPI,192,3,0,149.7,5,0,,0
956,55555,Beauty,1006.6,32.7,Prepaid_Card,79,1,0,200.4,5,1,4.0,0
957,68575,Footwear,1954.12,6.3,COD,598,11,2,134.7,5,1,,1
958,21287,Home,6395.12,14.7,Prepaid_Card,693,18,1,316.9,2,1,2.0,0
959,91620,Electronics,48419.97,43.0,COD,383,8,0,290.2,2,0,4.0,1
960,90045,Home,12755.69,0.0,Wallet,109,0,0,228.1,1,1,2.0,1
961,78569,Home,2670.19,13.7,COD,83,5,0,272.1,7,1,4.0,0
962,64045,Electronics,31073.91,5.0,COD,407,11,0,264.2,7,1,5.0,0
963,48573,Apparel,2052.51,17.3,Prepaid_Card,879,21,5,477.7,1,0,2.0,0
964,22381,Apparel,2001.22,13.9,COD,2600,49,11,118.8,3,0,5.0,0
965,42068,Beauty,1543.21,28.4,COD,707,15,2,254.8,3,1,,0
966,53406,Electronics,36859.74,23.6,Prepaid_Card,491,13,3,430.4,6,1,2.0,0
967,79965,Beauty,1813.22,1.7,Prepaid_Card,167,4,1,193.0,5,1,5.0,0
968,13335,Apparel,783.11,11.8,COD,274,6,1,224.9,8,1,4.0,1
969,48999,Home,1312.78,20.0,Prepaid_Card,615,16,0,355.9,4,0,1.0,0
970,16858,Apparel,1144.42,30.4,Prepaid_Card,2188,49,7,54.8,2,1,5.0,0
971,66338,Apparel,483.17,54.1,Prepaid_UPI,358,11,4,388.8,3,1,3.0,0
972,26754,Apparel,1199.28,29.8,COD,239,5,0,278.4,3,1,4.0,1
973,55061,Apparel,2132.09,5.8,COD,300,6,1,334.4,7,0,,1
974,48350,Beauty,2556.24,18.7,Wallet,227,7,1,321.3,8,1,3.0,0
975,57632,Electronics,2669.62,22.5,Prepaid_Card,229,3,1,82.2,5,0,2.0,1
976,83603,Home,1508.26,12.7,COD,126,0,0,89.3,3,1,3.0,1
977,26491,Electronics,33823.49,26.6,Prepaid_UPI,219,4,0,39.6,5,1,4.0,0
978,70427,Electronics,25499.94,0.0,COD,359,9,2,82.0,1,1,4.0,0
979,43426,Home,2665.7,27.7,Prepaid_UPI,341,10,0,113.0,4,1,3.0,1
980,71598,Apparel,2081.89,13.3,Prepaid_UPI,212,7,0,231.4,1,1,,0
981,37163,Beauty,767.01,18.5,Wallet,412,8,0,444.5,5,0,1.0,0
982,16817,Footwear,929.82,40.5,Wallet,139,2,0,185.0,4,1,5.0,0
983,39415,Footwear,4622.29,2.3,COD,62,0,0,218.7,6,1,5.0,0
984,27888,Electronics,30798.17,23.8,Prepaid_UPI,122,3,0,207.6,6,1,1.0,1
985,57170,Apparel,1198.05,31.1,COD,269,1,1,295.2,3,1,3.0,1
986,49940,Beauty,2124.27,22.4,Prepaid_Card,351,7,4,149.3,7,1,5.0,1
987,88742,Electronics,45657.65,0.0,Prepaid_Card,164,12,0,214.0,2,1,1.0,0
988,94450,Apparel,423.49,38.9,COD,703,11,3,368.8,10,0,5.0,1
989,25417,Electronics,31756.29,17.0,COD,304,7,1,452.6,2,1,1.0,0
990,66436,Footwear,1699.92,12.6,COD,747,17,0,433.4,6,1,,0
991,22462,Home,7375.0,15.7,COD,733,17,6,401.1,7,0,3.0,1
992,28898,Footwear,2831.9,14.6,COD,811,15,0,419.5,5,1,5.0,0
993,31757,Footwear,2644.89,3.3,Wallet,406,10,2,227.8,2,0,4.0,1
994,10511,Apparel,759.27,22.3,Prepaid_Card,699,13,1,145.6,3,0,2.0,0
995,51080,Beauty,2437.55,11.6,Prepaid_UPI,1880,37,2,272.2,2,1,,0
996,15852,Electronics,19596.51,29.4,Prepaid_UPI,543,14,3,292.0,4,1,3.0,0
997,43033,Home,13364.35,27.2,Prepaid_UPI,31,2,0,189.7,6,0,3.0,0
998,25883,Apparel,1112.54,42.8,COD,90,0,0,151.3,5,1,1.0,0
999,99114,Beauty,2543.18,17.0,Prepaid_UPI,879,17,5,426.2,5,1,2.0,0
1000,66614,Apparel,1520.6,8.8,Prepaid_UPI,105,0,0,222.7,2,0,2.0,0
1001,15999,Apparel,1179.09,0.0,Prepaid_UPI,65,0,0,182.7,8,0,5.0,0
1002,22940,Electronics,35497.58,50.7,Wallet,320,9,0,193.9,4,1,,0
1003,88084,Apparel,2041.31,29.3,Prepaid_Card,645,16,0,251.0,4,1,5.0,0
1004,13750,Apparel,1387.79,10.3,Prepaid_Card,204,3,0,147.3,5,0,1.0,0
1005,60970,Home,6668.6,43.7,Prepaid_UPI,271,5,0,288.3,1,1,1.0,0
1006,61723,Electronics,29293.53,39.0,Prepaid_Card,147,3,0,25.2,4,0,5.0,0
1007,73856,Beauty,1817.72,1.1,Prepaid_UPI,502,11,0,96.7,4,1,3.0,0
1008,25976,Electronics,21848.48,9.5,COD,243,1,0,178.6,4,0,5.0,0
1009,99171,Footwear,4667.15,18.1,COD,175,5,1,300.6,7,0,1.0,1
1010,30148,Electronics,20586.35,5.0,Prepaid_Card,31,0,0,179.8,2,0,2.0,0
1011,18667,Home,7068.48,18.6,COD,524,13,0,382.4,4,0,5.0,0
1012,96917,Home,9277.11,30.0,Wallet,42,0,0,448.4,3,1,4.0,1
1013,80313,Electronics,49355.6,0.8,COD,24,0,0,208.4,4,0,1.0,0
1014,83270,Beauty,892.96,24.1,Prepaid_UPI,1194,26,10,125.6,6,1,1.0,0
1015,91085,Electronics,12365.69,36.4,COD,193,4,0,213.0,4,0,3.0,0
1016,85164,Apparel,730.31,25.6,Wallet,87,2,0,375.4,4,1,5.0,1
1017,97794,Home,10496.94,18.9,COD,801,15,3,118.9,1,0,1.0,1
1018,12856,Footwear,2970.02,10.6,COD,54,1,0,318.6,6,1,,0
1019,33907,Apparel,1185.5,31.6,COD,418,10,1,204.5,1,0,1.0,1
1020,97357,Electronics,11000.43,3.5,Prepaid_Card,339,11,2,331.4,4,0,4.0,0
1021,54813,Beauty,2689.74,23.4,Wallet,967,22,1,286.9,3,0,5.0,0
1022,53301,Footwear,2937.45,20.4,Wallet,118,0,0,157.3,1,1,2.0,0
1023,51967,Beauty,1881.93,35.8,COD,94,0,0,206.6,5,1,,0
1024,17862,Home,2131.68,11.8,Prepaid_Card,41,0,0,294.8,4,1,3.0,0
1025,59242,Home,2065.6,13.0,COD,40,1,0,366.3,6,1,1.0,0
1026,38320,Electronics,4300.37,2.6,Prepaid_Card,168,6,0,205.8,6,1,3.0,0
1027,37859,Beauty,1196.94,26.1,Prepaid_Card,638,11,1,374.5,6,1,4.0,0
1028,19163,Electronics,24171.44,14.1,COD,931,21,5,598.3,6,1,5.0,0
1029,79753,Footwear,1845.18,7.9,Prepaid_Card,19,0,0,388.9,5,1,5.0,1
1030,39464,Electronics,18134.2,9.3,Prepaid_UPI,490,13,1,224.3,6,1,4.0,0
1031,56183,Home,590.77,27.5,COD,207,7,1,219.9,5,0,4.0,1
1032,21487,Footwear,2430.99,4.6,COD,19,0,0,86.2,5,0,,1
1033,18263,Home,2227.98,5.8,COD,284,9,2,200.1,4,0,,0
1034,32505,Beauty,515.9,32.5,COD,11,1,0,321.1,5,1,1.0,1
1035,25797,Electronics,1220.8,17.7,COD,521,9,0,366.1,6,1,2.0,0
1036,16089,Home,10597.52,33.4,Prepaid_Card,28,0,0,115.0,5,0,5.0,0
1037,67047,Electronics,46632.9,15.0,COD,228,5,1,284.1,4,1,,0
1038,33064,Electronics,31455.73,20.0,Prepaid_UPI,295,5,0,411.9,9,1,,0
1039,62437,Electronics,5713.9,22.2,Prepaid_UPI,293,3,0,111.9,8,1,1.0,0
1040,40663,Apparel,2477.75,39.4,Wallet,138,0,0,262.8,3,0,3.0,0
1041,77763,Apparel,2447.51,38.3,Prepaid_UPI,664,11,0,160.8,4,1,3.0,0
1042,92277,Home,7289.4,36.1,COD,1369,34,19,98.2,8,0,4.0,0
1043,95998,Home,2064.1,11.2,COD,11,0,0,208.6,3,1,3.0,0
1044,27019,Home,10950.72,6.2,COD,25,7,0,79.1,2,0,4.0,0
1045,68641,Apparel,2417.16,30.7,Wallet,20,1,0,157.6,10,0,1.0,0
1046,84517,Electronics,39156.28,39.3,Wallet,9,1,0,232.7,4,1,1.0,0
1047,70159,Apparel,1692.04,36.3,COD,383,5,0,367.2,1,1,2.0,0
1048,83593,Footwear,3859.58,20.2,COD,350,7,5,118.0,3,0,4.0,1
1049,27279,Beauty,2937.07,30.2,Prepaid_Card,163,3,0,192.2,4,1,3.0,0
1050,60495,Apparel,507.21,30.4,COD,451,8,1,370.9,6,0,2.0,0
1051,11517,Home,2668.56,22.1,Wallet,1024,21,4,140.9,5,0,4.0,0
1052,49384,Apparel,2136.24,22.7,COD,138,4,0,102.3,2,0,3.0,0
1053,19945,Apparel,661.99,21.4,COD,57,2,2,443.0,1,0,5.0,1
1054,46084,Apparel,1174.09,9.0,Prepaid_Card,3,0,0,216.5,5,0,2.0,0
1055,71703,Apparel,955.22,10.4,COD,917,21,0,380.2,5,1,4.0,0
1056,91937,Home,4029.95,10.2,COD,501,12,1,154.4,7,0,2.0,0
1057,27322,Beauty,223.31,0.0,Prepaid_UPI,299,4,0,325.3,3,1,1.0,0
1058,95840,Apparel,1567.44,22.0,COD,365,6,1,376.1,4,0,4.0,0
1059,18660,Home,6317.97,19.4,Prepaid_Card,22,1,0,164.4,3,0,5.0,0
1060,73096,Footwear,3533.75,30.7,Prepaid_Card,460,2,0,315.4,3,1,2.0,0
1061,92146,Beauty,1017.85,37.7,COD,239,5,1,147.0,5,1,,0
1062,87737,Home,14151.18,38.5,COD,137,7,3,437.9,4,1,5.0,0
1063,43458,Apparel,1621.4,39.9,COD,179,0,0,147.5,1,0,3.0,0
1064,80565,Home,14437.5,9.4,COD,93,4,1,453.2,7,0,3.0,1
1065,70572,Electronics,18150.29,0.0,COD,1612,37,3,282.4,5,0,2.0,1
1066,74288,Beauty,156.53,33.0,Prepaid_UPI,439,5,0,195.4,6,1,5.0,0
1067,78455,Electronics,39282.01,39.3,Prepaid_UPI,297,8,1,484.5,7,0,2.0,1
1068,31704,Footwear,5050.58,41.8,Wallet,23,3,0,159.5,4,1,4.0,0
1069,44295,Apparel,476.21,26.8,Prepaid_Card,26,0,0,594.2,4,1,2.0,0
1070,47300,Electronics,31643.09,0.0,Prepaid_UPI,935,18,1,316.6,2,1,1.0,0
1071,66523,Beauty,2033.9,25.1,Prepaid_UPI,664,14,3,107.8,6,0,3.0,0
1072,32401,Home,2613.14,27.8,COD,66,4,0,178.4,1,1,4.0,0
1073,22001,Electronics,28073.7,37.5,COD,131,1,0,201.1,5,0,1.0,1
1074,77799,Beauty,843.12,40.0,Prepaid_Card,451,9,0,603.5,6,0,4.0,0
1075,43013,Beauty,196.89,32.7,Prepaid_UPI,421,7,1,423.7,2,1,2.0,0
1076,37101,Electronics,43478.64,11.8,Prepaid_Card,183,4,1,368.6,7,0,1.0,0
1077,99633,Home,7629.58,5.6,COD,316,10,4,163.0,1,0,5.0,0
1078,73332,Electronics,39303.26,27.5,Wallet,463,10,1,212.1,2,1,1.0,0
1079,73321,Home,10981.95,8.9,COD,754,15,6,321.5,4,1,1.0,1
1080,39769,Electronics,49691.56,40.7,Wallet,68,1,0,330.6,6,0,5.0,0
1081,21673,Apparel,1291.6,0.0,Prepaid_UPI,171,1,0,220.2,2,1,1.0,0
1082,15623,Beauty,1368.52,27.9,Prepaid_UPI,454,7,1,204.8,6,0,3.0,1
1083,79646,Beauty,953.0,24.5,Prepaid_UPI,48,4,0,323.3,6,1,2.0,0
1084,90291,Footwear,3938.31,17.1,COD,2600,62,1,486.6,4,1,4.0,0
1085,85993,Beauty,1535.42,7.0,Prepaid_Card,1282,23,0,12.5,5,0,5.0,0
1086,47343,Footwear,4508.19,0.0,Prepaid_UPI,375,10,2,80.8,7,1,,0
1087,44251,Footwear,2460.81,12.6,Prepaid_UPI,140,5,1,325.9,8,0,1.0,1
1088,30703,Footwear,1219.65,12.8,COD,429,5,2,174.8,3,0,,0
1089,88459,Electronics,43259.34,35.6,COD,1809,38,4,134.3,3,0,5.0,0
1090,58171,Electronics,41574.3,9.0,COD,33,0,0,92.7,4,0,1.0,0
1091,20361,Apparel,1104.65,26.3,Prepaid_Card,332,13,1,142.5,2,1,1.0,0
1092,21968,Home,10510.1,1.9,Prepaid_Card,334,12,0,240.1,7,1,1.0,0
1093,15129,Apparel,1408.67,26.7,Prepaid_UPI,92,0,0,206.9,5,1,3.0,0
1094,11008,Apparel,1986.09,0.0,Prepaid_UPI,455,5,0,221.0,4,0,2.0,1
1095,73502,Home,6156.92,49.3,Prepaid_UPI,84,4,1,216.1,7,0,5.0,0
1096,12184,Electronics,27246.32,18.0,COD,395,10,0,306.2,6,0,3.0,0
1097,76182,Apparel,474.3,0.0,Prepaid_Card,42,4,3,321.3,6,0,5.0,1
1098,99158,Footwear,1462.0,10.0,COD,1092,21,0,115.5,6,1,4.0,0
1099,84831,Beauty,2378.03,7.7,COD,1074,26,12,186.9,7,1,5.0,1
1100,81619,Apparel,1170.37,10.8,COD,1519,31,14,577.9,2,1,2.0,1
1101,80531,Apparel,425.48,14.9,COD,71,3,0,118.8,6,0,4.0,0
1102,86034,Electronics,9214.18,10.7,COD,1107,24,3,262.1,8,1,4.0,1
1103,16097,Footwear,2763.79,8.6,Prepaid_Card,613,19,5,341.8,4,0,5.0,1
1104,54276,Footwear,4448.52,3.8,COD,53,2,0,412.8,3,1,4.0,0
1105,39437,Apparel,1131.49,31.5,COD,131,1,0,300.8,4,0,2.0,0
1106,57795,Footwear,4598.52,36.8,COD,483,11,1,194.5,5,1,3.0,1
1107,44123,Apparel,2194.83,16.4,Prepaid_Card,8,0,0,159.6,7,0,2.0,0
1108,26576,Electronics,17715.69,19.8,Prepaid_Card,22,0,0,296.9,5,0,,0
1109,64748,Beauty,2431.07,4.2,COD,16,6,2,359.1,7,0,3.0,0
1110,54821,Apparel,622.79,21.0,COD,1186,31,6,473.5,5,1,4.0,1
1111,29083,Apparel,1242.86,23.2,Wallet,23,0,0,433.3,6,1,1.0,1
1112,62207,Electronics,5780.56,16.9,Prepaid_Card,103,4,2,375.7,5,0,5.0,0
1113,23414,Home,1261.66,25.5,Prepaid_UPI,32,6,1,97.2,4,1,2.0,0
1114,84031,Beauty,333.9,24.3,Prepaid_Card,927,24,3,117.1,2,1,2.0,0
1115,64393,Beauty,448.54,5.2,Prepaid_UPI,463,9,2,744.2,1,1,3.0,0
1116,86804,Apparel,2146.81,36.7,Prepaid_UPI,212,4,1,220.0,4,1,2.0,0
1117,52422,Apparel,1518.91,17.1,COD,715,10,0,279.6,1,1,3.0,1
1118,83731,Footwear,5710.64,43.5,Prepaid_UPI,370,10,5,49.7,4,1,3.0,0
1119,31715,Apparel,1506.7,25.9,COD,601,17,3,387.0,6,1,1.0,1
1120,95770,Beauty,1941.83,47.6,Prepaid_UPI,275,9,3,246.7,5,1,2.0,0
1121,98071,Home,3175.02,36.5,COD,438,11,4,240.9,1,1,1.0,0
1122,91439,Apparel,1512.25,23.2,COD,518,12,2,709.8,4,1,1.0,1
1123,77241,Footwear,2619.16,9.9,Wallet,119,0,0,301.8,6,1,5.0,0
1124,34981,Apparel,2352.59,10.2,Prepaid_UPI,340,8,0,207.7,7,0,5.0,0
1125,66404,Electronics,46762.14,27.5,COD,182,2,2,242.6,6,1,,1
1126,27707,Home,3378.23,22.0,Wallet,111,4,1,166.5,4,0,2.0,0
1127,43403,Home,9491.9,11.8,COD,173,1,0,125.2,5,1,4.0,0
1128,43792,Footwear,4009.97,31.7,Prepaid_Card,255,7,0,217.5,8,0,3.0,1
1129,23109,Home,8656.76,20.5,Prepaid_UPI,1422,35,4,85.1,5,1,5.0,0
1130,17528,Beauty,504.34,31.7,COD,841,19,3,186.9,1,0,1.0,0
1131,29878,Beauty,2013.94,6.3,Prepaid_Card,364,9,4,42.2,4,1,5.0,0
1132,84744,Home,12086.74,34.0,Prepaid_UPI,1435,34,4,379.9,3,1,4.0,0
1133,59543,Apparel,1092.24,27.0,COD,65,6,0,617.1,2,0,5.0,1
1134,51889,Footwear,3330.03,36.8,Prepaid_Card,9,0,0,216.4,3,0,3.0,0
1135,94282,Beauty,481.53,33.7,COD,94,3,0,134.0,10,0,4.0,0
1136,20812,Electronics,46603.75,18.8,Prepaid_UPI,490,15,3,262.3,2,0,1.0,0
1137,22790,Electronics,6367.35,17.7,COD,780,19,3,409.6,3,0,4.0,0
1138,50992,Electronics,11210.48,45.0,COD,458,4,0,151.6,10,1,2.0,0
1139,72526,Apparel,991.73,15.9,Prepaid_UPI,1,0,0,326.3,6,0,1.0,0
1140,59649,Home,12473.96,30.5,COD,1258,30,1,91.2,5,0,4.0,0
1141,87577,Electronics,35332.14,14.7,Prepaid_Card,147,2,0,259.3,6,0,2.0,0
1142,42531,Footwear,538.58,0.0,Prepaid_UPI,870,23,8,341.0,5,1,5.0,0
1143,72526,Footwear,1509.59,2.8,Prepaid_UPI,140,8,1,77.8,3,1,2.0,0
1144,38354,Footwear,4625.83,25.7,COD,1181,24,3,344.1,5,1,1.0,0
1145,33192,Electronics,20787.89,29.8,Prepaid_UPI,68,0,0,203.8,6,1,2.0,0
1146,49822,Electronics,2284.46,25.7,Prepaid_UPI,192,3,0,510.6,1,0,1.0,0
1147,62604,Footwear,5801.54,36.0,COD,83,0,0,256.6,4,0,5.0,0
1148,32509,Footwear,1331.78,25.5,Prepaid_UPI,40,5,0,356.0,1,0,5.0,0
1149,96248,Electronics,26012.87,9.1,Prepaid_UPI,88,0,0,580.3,3,1,4.0,0
1150,43899,Beauty,857.7,28.3,Prepaid_Card,226,7,2,203.9,5,1,4.0,0
1151,54380,Apparel,1935.56,22.4,Prepaid_Card,980,25,1,61.1,4,1,2.0,0
1152,73513,Beauty,2363.67,11.9,Prepaid_UPI,1112,27,4,132.9,4,0,5.0,0
1153,38514,Apparel,1204.02,26.6,Wallet,1206,28,16,236.4,1,1,4.0,0
1154,91302,Apparel,1765.67,21.1,Prepaid_Card,16,0,0,773.0,2,0,1.0,0
1155,78372,Home,13681.57,11.5,Prepaid_UPI,66,7,2,503.9,2,0,3.0,0
1156,14759,Apparel,2101.84,17.5,Prepaid_UPI,1128,24,3,153.2,1,1,4.0,0
1157,45957,Apparel,1242.03,39.8,Prepaid_UPI,834,21,1,199.8,5,1,1.0,0
1158,97308,Apparel,1299.17,39.3,Wallet,600,12,1,333.6,5,1,2.0,0
1159,78519,Electronics,44457.04,22.6,COD,1379,25,6,450.9,6,1,1.0,0
1160,48013,Footwear,689.05,20.8,COD,879,18,1,81.9,7,1,2.0,0
1161,96148,Apparel,399.04,0.0,Prepaid_Card,613,13,3,336.0,7,1,1.0,0
1162,85984,Home,3484.03,44.1,Prepaid_Card,624,13,3,238.3,5,1,3.0,0
1163,56002,Footwear,5051.92,34.5,Prepaid_Card,69,0,0,69.2,5,1,1.0,0
1164,69331,Apparel,679.41,30.5,Prepaid_UPI,5,1,0,182.5,5,0,2.0,1
1165,73977,Apparel,963.35,0.0,Wallet,863,21,1,160.7,2,1,2.0,0
1166,84124,Beauty,1942.85,20.6,Prepaid_Card,64,0,0,158.1,5,1,3.0,0
1167,24496,Footwear,1513.34,18.2,Prepaid_UPI,312,5,0,450.2,3,0,3.0,0
1168,23948,Home,4895.19,29.6,COD,86,0,0,288.8,2,0,2.0,0
1169,43640,Footwear,3068.02,13.7,Prepaid_Card,377,9,6,184.1,1,1,3.0,0
1170,21297,Apparel,840.43,16.8,COD,70,5,1,159.2,1,0,4.0,0
1171,28874,Electronics,49628.27,28.7,Prepaid_Card,1481,37,8,264.9,4,0,4.0,0
1172,14235,Footwear,1398.95,9.2,Prepaid_Card,428,7,2,176.6,3,0,2.0,0
1173,93866,Apparel,2177.36,12.0,Prepaid_UPI,364,14,2,343.8,3,0,5.0,1
1174,29591,Footwear,3085.55,22.7,Prepaid_Card,32,0,0,209.2,2,0,1.0,0
1175,33591,Home,2372.29,38.7,COD,739,13,5,57.2,3,0,3.0,1
1176,68071,Footwear,1151.67,31.3,COD,139,0,0,84.8,2,1,,1
1177,40662,Electronics,25514.51,35.1,COD,180,0,0,145.6,5,1,4.0,1
1178,55267,Electronics,18322.49,20.9,Wallet,1252,28,8,207.5,6,1,5.0,0
1179,11345,Apparel,854.39,40.9,Wallet,40,0,0,288.3,4,0,2.0,1
1180,69894,Apparel,2411.72,0.0,COD,1084,22,4,276.1,7,1,5.0,0
1181,94949,Footwear,3048.59,48.3,COD,728,13,2,535.1,3,1,5.0,0
1182,97525,Apparel,2346.94,50.1,Prepaid_Card,757,13,3,31.7,1,0,3.0,1
1183,92614,Apparel,702.6,26.4,Prepaid_UPI,994,19,1,26.5,7,1,3.0,1
1184,24506,Apparel,744.45,31.7,COD,369,11,0,75.8,1,0,3.0,1
1185,31314,Apparel,1631.46,19.5,COD,570,18,1,123.5,3,1,2.0,0
1186,29954,Footwear,1984.32,17.1,Prepaid_Card,1308,34,7,353.3,6,1,2.0,1
1187,82189,Electronics,10061.95,11.4,COD,14,2,0,263.4,7,0,2.0,0
1188,30222,Beauty,419.85,19.3,COD,1259,26,1,76.2,4,0,3.0,0
1189,73498,Apparel,513.98,27.8,COD,271,4,0,125.0,3,0,5.0,1
1190,75179,Home,11420.94,25.9,Prepaid_UPI,80,4,2,131.0,9,0,1.0,0
1191,94765,Electronics,14825.99,47.8,Prepaid_Card,240,4,2,111.3,6,0,1.0,1
1192,12836,Electronics,48942.54,21.4,COD,85,3,0,177.3,7,0,4.0,0
1193,21220,Beauty,671.9,0.0,Prepaid_Card,15,6,1,151.2,5,0,4.0,0
1194,40315,Beauty,1160.17,43.0,Prepaid_Card,142,3,1,159.2,6,0,4.0,0
1195,76175,Beauty,1218.49,2.9,Prepaid_UPI,132,9,1,80.3,5,1,2.0,0
1196,59412,Apparel,1425.33,12.2,Wallet,44,0,0,287.6,4,1,5.0,1
1197,38867,Apparel,2221.87,23.8,COD,162,4,1,213.2,1,1,1.0,1
1198,11220,Home,12604.17,25.8,Prepaid_UPI,1117,25,2,143.6,2,0,4.0,0
1199,11911,Apparel,371.41,0.0,Prepaid_UPI,471,7,0,95.2,6,0,5.0,0
1200,93881,Footwear,2750.9,9.5,Prepaid_UPI,1045,25,14,167.8,7,1,1.0,0
1201,99929,Home,12505.08,0.0,COD,227,9,0,59.2,5,1,5.0,1
1202,96544,Home,502.87,28.7,COD,119,9,1,265.8,2,1,5.0,1
1203,76237,Footwear,3435.02,36.6,COD,1656,38,13,278.9,5,1,2.0,1
1204,83937,Footwear,1927.12,2.9,Wallet,287,0,0,206.4,5,0,2.0,1
1205,55626,Apparel,1237.45,33.9,Prepaid_Card,271,7,0,520.9,1,1,2.0,0
1206,52407,Apparel,1253.66,33.0,Prepaid_Card,178,6,0,284.3,8,0,4.0,0
1207,96914,Home,6180.44,10.8,Prepaid_Card,722,15,4,333.9,6,1,4.0,0
1208,62624,Electronics,44705.56,0.0,COD,16,1,0,273.2,2,0,2.0,0
1209,79126,Apparel,1503.4,5.0,COD,70,0,0,275.0,4,1,4.0,1
1210,12285,Electronics,45283.59,11.7,Prepaid_Card,89,1,0,234.3,4,1,3.0,0
1211,27741,Footwear,4497.08,41.6,Prepaid_Card,146,6,4,326.4,7,0,2.0,1
1212,82438,Footwear,2431.16,18.3,Prepaid_UPI,893,24,4,222.4,3,0,,0
1213,51155,Home,7656.67,5.9,Prepaid_UPI,342,3,2,101.8,2,0,3.0,1
1214,11140,Electronics,20103.07,22.1,Prepaid_Card,741,14,2,350.8,4,1,4.0,0
1215,65459,Apparel,2131.43,1.9,Prepaid_UPI,921,15,4,269.3,2,1,4.0,0
1216,66590,Home,3220.17,27.2,COD,119,8,1,108.4,6,1,2.0,1
1217,35534,Electronics,46884.2,6.3,Prepaid_UPI,217,7,0,198.6,4,1,2.0,0
1218,18055,Home,8916.16,8.3,Prepaid_UPI,478,4,1,69.0,2,0,3.0,0
1219,47030,Home,9370.49,25.3,COD,490,10,0,441.7,3,1,1.0,0
1220,81254,Apparel,1461.12,44.5,COD,10,0,0,258.6,4,1,1.0,0
1221,10678,Apparel,1542.17,50.8,COD,182,1,0,87.9,4,1,1.0,0
1222,57664,Apparel,1785.5,5.4,COD,115,5,0,185.0,1,0,3.0,0
1223,59845,Beauty,2016.85,11.6,Prepaid_Card,47,4,2,102.9,2,1,4.0,1
1224,24140,Home,3605.13,27.2,COD,377,9,2,150.0,5,0,5.0,0
1225,51097,Apparel,1602.25,36.4,Prepaid_UPI,106,0,0,276.0,7,1,4.0,0
1226,16034,Beauty,1160.69,0.0,COD,396,6,1,344.6,3,1,3.0,0
1227,41858,Electronics,32214.48,21.2,COD,331,7,0,92.5,5,0,,1
1228,32104,Electronics,27843.89,13.2,COD,172,2,0,442.1,9,1,3.0,0
1229,55106,Beauty,662.09,0.0,COD,138,3,0,391.3,5,0,5.0,1
1230,97226,Apparel,1929.68,1.3,Wallet,41,2,0,163.1,1,1,3.0,0
1231,29911,Apparel,1332.58,12.1,COD,18,0,0,131.6,6,0,,0
1232,20895,Home,8495.9,20.8,COD,220,2,0,318.5,5,0,1.0,0
1233,60011,Apparel,1796.18,34.1,COD,186,4,0,706.8,4,0,2.0,0
1234,51006,Home,9966.64,25.0,COD,218,9,0,211.9,2,1,,1
1235,13176,Apparel,1960.2,33.3,Prepaid_Card,308,9,2,155.0,6,1,2.0,0
1236,34503,Apparel,794.52,20.4,Prepaid_UPI,308,6,1,143.5,1,1,5.0,0
1237,67588,Apparel,587.34,10.1,COD,742,17,5,18.6,4,0,2.0,1
1238,69593,Electronics,33789.8,17.4,Prepaid_Card,793,17,10,120.2,4,0,5.0,0
1239,83794,Apparel,857.37,29.7,Prepaid_Card,441,13,2,24.0,3,0,2.0,0
1240,79009,Apparel,596.4,34.5,Prepaid_UPI,58,2,1,355.5,4,1,1.0,0
1241,44957,Beauty,524.03,17.9,Prepaid_Card,236,9,0,417.8,2,1,5.0,0
1242,94432,Electronics,16327.21,7.0,COD,145,0,0,160.7,6,1,4.0,0
1243,46899,Electronics,49597.57,24.7,Prepaid_UPI,100,0,0,197.6,10,1,3.0,1
1244,51908,Apparel,688.11,26.7,Prepaid_UPI,830,19,2,121.9,3,0,3.0,0
1245,22757,Electronics,15628.29,37.3,Prepaid_Card,148,4,0,127.0,5,0,3.0,1
1246,51607,Apparel,2329.58,10.5,Wallet,38,8,1,202.5,5,1,,0
1247,94667,Home,14467.97,10.7,Prepaid_UPI,32,0,0,249.1,5,1,5.0,0
1248,35120,Apparel,842.01,30.6,COD,279,6,1,536.7,4,0,3.0,1
1249,99116,Beauty,2659.29,14.3,Prepaid_UPI,1914,42,2,71.8,5,1,4.0,0
1250,77271,Beauty,545.92,13.7,Prepaid_Card,29,1,0,187.8,5,1,2.0,0
1251,29236,Apparel,1987.3,37.6,Prepaid_Card,708,20,6,241.7,6,1,,0
1252,99299,Apparel,377.97,0.8,Prepaid_Card,661,17,2,174.0,6,1,1.0,1
1253,85294,Apparel,1224.23,48.8,Prepaid_UPI,132,0,0,287.6,7,0,2.0,0
1254,42087,Home,4086.36,11.4,Prepaid_Card,150,7,1,372.0,3,0,4.0,1
1255,89650,Apparel,1863.62,32.1,Prepaid_Card,905,24,0,176.4,5,1,2.0,0
1256,73250,Beauty,195.76,18.5,COD,392,9,0,193.8,4,0,4.0,0
1257,11252,Footwear,3056.96,23.8,Prepaid_Card,2120,42,10,147.6,6,0,5.0,0
1258,79399,Footwear,4332.01,16.3,Wallet,614,13,3,296.8,1,1,5.0,0
1259,89099,Home,1177.22,32.0,Prepaid_UPI,1286,29,2,113.9,7,0,2.0,0
1260,83264,Beauty,2707.59,15.1,COD,440,12,0,354.5,5,1,1.0,0
1261,51390,Apparel,1126.57,12.0,Prepaid_UPI,369,2,0,134.6,7,0,5.0,0
1262,64414,Electronics,9098.03,45.4,Prepaid_UPI,551,9,0,258.6,5,0,5.0,0
1263,77939,Electronics,12047.76,20.4,Prepaid_Card,241,8,0,256.0,4,1,5.0,1
1264,46505,Beauty,1115.88,10.5,COD,488,15,0,455.3,3,0,1.0,0
1265,45607,Home,3376.44,0.0,Prepaid_Card,67,2,0,61.7,4,0,1.0,0
1266,63199,Footwear,3308.18,46.1,COD,549,15,0,375.9,1,0,3.0,0
1267,11543,Apparel,1710.8,12.3,COD,195,5,1,115.6,4,0,4.0,0
1268,19040,Beauty,1385.28,48.9,Prepaid_Card,144,6,3,369.0,3,1,3.0,0
1269,87441,Electronics,21924.58,25.6,Wallet,120,3,0,104.9,5,1,1.0,0
1270,97282,Electronics,39303.28,22.0,COD,336,8,0,218.6,3,0,1.0,0
1271,50216,Beauty,1007.9,22.4,Prepaid_UPI,1290,25,2,155.5,5,0,2.0,0
1272,24042,Electronics,31515.67,51.0,Wallet,139,5,0,350.5,4,0,4.0,1
1273,21017,Electronics,44753.16,0.0,COD,284,2,1,100.3,1,0,2.0,1
1274,29629,Home,3711.96,23.0,COD,494,13,0,74.8,5,0,2.0,0
1275,45004,Apparel,1682.79,16.3,Prepaid_UPI,180,2,2,242.2,6,1,,1
1276,63883,Electronics,47450.62,17.0,Prepaid_UPI,8,1,0,109.2,6,1,5.0,0
1277,35595,Apparel,1489.06,22.1,COD,147,0,0,276.4,3,1,,1
1278,58549,Apparel,2450.33,16.3,Prepaid_UPI,327,5,1,258.5,1,0,3.0,0
1279,71232,Beauty,1033.63,22.6,Prepaid_Card,217,5,2,209.4,7,1,2.0,1
1280,15924,Home,8682.26,19.7,Prepaid_UPI,39,3,0,216.3,5,0,1.0,0
1281,60566,Electronics,16240.75,1.6,Prepaid_UPI,351,11,0,274.9,3,0,4.0,0
1282,60404,Electronics,1182.25,25.3,COD,1001,18,3,197.6,3,0,3.0,0
1283,74579,Electronics,49868.1,30.0,COD,667,10,1,143.0,5,0,1.0,0
1284,69838,Home,3980.87,12.4,COD,62,0,0,190.2,6,0,5.0,1
1285,97149,Beauty,2923.34,46.2,Wallet,21,0,0,189.5,4,0,3.0,0
1286,53157,Beauty,2011.14,38.7,Wallet,35,5,2,221.4,2,1,5.0,0
1287,31545,Electronics,45292.75,31.8,Prepaid_UPI,1301,32,5,620.2,1,0,2.0,0
1288,61948,Electronics,48392.93,31.6,COD,5,0,0,188.3,3,0,4.0,0
1289,26072,Electronics,28823.63,20.4,Prepaid_Card,26,5,2,447.6,3,0,2.0,0
1290,20423,Home,14995.52,36.0,COD,196,8,0,376.3,2,1,5.0,0
1291,70031,Electronics,38599.17,42.0,COD,141,0,0,115.9,7,1,4.0,0
1292,90758,Home,8095.31,31.3,COD,43,0,0,99.8,1,1,4.0,0
1293,60826,Home,9996.68,12.0,Prepaid_UPI,567,7,2,239.5,3,0,2.0,0
1294,99446,Electronics,10519.3,19.4,COD,425,9,3,369.8,9,1,1.0,0
1295,60255,Electronics,1540.6,28.0,Prepaid_Card,369,8,1,200.9,3,1,4.0,0
1296,65293,Electronics,13582.68,31.7,Wallet,69,1,0,242.2,4,0,2.0,0
1297,67006,Apparel,1285.19,18.9,Prepaid_UPI,118,0,0,233.6,7,1,4.0,0
1298,59514,Apparel,840.31,12.1,COD,94,0,0,508.4,4,0,,0
1299,33929,Footwear,3327.2,42.2,Wallet,27,1,0,352.5,5,0,2.0,0
1300,73068,Electronics,33239.26,5.0,Prepaid_Card,210,6,0,158.7,3,0,3.0,0
1301,58455,Apparel,1759.96,6.8,Prepaid_Card,196,0,0,77.1,3,1,3.0,0
1302,89639,Home,13459.58,1.4,Prepaid_UPI,5,0,0,210.8,1,0,,0
1303,22816,Footwear,5814.76,6.8,Prepaid_UPI,878,22,2,202.1,4,1,3.0,0
1304,26599,Apparel,2264.99,37.5,Prepaid_Card,1064,19,0,784.3,5,1,4.0,0
1305,67192,Footwear,3910.96,37.9,Prepaid_Card,26,0,0,221.3,8,0,1.0,1
1306,54701,Beauty,736.43,19.0,Prepaid_Card,1298,24,0,224.0,3,0,1.0,0
1307,46154,Home,14180.04,26.9,COD,2265,52,0,176.6,7,1,3.0,0
1308,46417,Home,3035.48,19.9,Prepaid_UPI,544,6,1,170.4,6,0,1.0,0
1309,69231,Apparel,675.57,3.3,COD,75,0,0,351.2,3,1,1.0,1
1310,24411,Beauty,1055.07,51.1,COD,1061,26,2,332.1,5,1,5.0,0
1311,53362,Electronics,29106.67,39.2,COD,1,1,0,189.8,5,1,1.0,0
1312,47073,Beauty,2092.2,25.0,COD,343,6,1,301.9,2,0,5.0,1
1313,60611,Home,692.74,8.0,Prepaid_Card,931,18,0,232.9,4,0,3.0,0
1314,89021,Apparel,2022.75,16.9,Prepaid_Card,565,11,1,244.1,3,1,2.0,0
1315,13752,Apparel,726.29,10.3,COD,25,0,0,122.3,4,0,4.0,0
1316,20233,Footwear,2130.67,21.4,COD,1303,28,1,316.7,4,1,1.0,0
1317,53016,Home,5170.26,24.3,Prepaid_UPI,768,16,3,189.0,4,0,2.0,0
1318,26307,Apparel,1064.76,15.2,Wallet,172,2,1,420.0,3,0,2.0,0
1319,60249,Footwear,4682.02,0.0,Prepaid_Card,179,6,0,87.2,2,1,1.0,0
1320,67737,Beauty,266.69,49.8,COD,91,0,0,179.2,1,0,,1
1321,97523,Electronics,10629.37,23.3,COD,491,5,0,91.2,6,0,2.0,0
1322,29121,Electronics,2093.64,26.4,COD,249,3,0,363.7,5,0,4.0,0
1323,25311,Apparel,2023.34,14.1,COD,151,3,0,263.5,7,1,3.0,0
1324,25605,Footwear,5910.47,0.0,Wallet,359,7,2,87.4,4,1,3.0,1
1325,77109,Electronics,33317.81,18.8,Prepaid_UPI,117,2,0,233.9,4,0,2.0,0
1326,93140,Beauty,1831.9,15.5,COD,311,3,0,190.9,4,1,3.0,0
1327,38064,Electronics,45495.24,29.9,Wallet,172,0,0,175.9,4,1,5.0,0
1328,49598,Home,4196.83,32.7,Prepaid_Card,32,0,0,217.4,5,0,5.0,0
1329,98861,Apparel,492.89,30.7,COD,61,0,0,571.3,4,0,,0
1330,29284,Apparel,1446.44,33.8,Prepaid_Card,12,3,0,577.1,6,0,3.0,0
1331,14506,Footwear,1931.92,45.3,COD,47,1,0,236.8,7,0,5.0,0
1332,55558,Electronics,23103.0,25.5,Prepaid_UPI,68,0,0,197.8,7,1,1.0,0
1333,60485,Home,7116.35,35.4,COD,794,20,0,81.1,8,0,,0
1334,16039,Beauty,1058.67,26.9,Prepaid_UPI,13,1,0,242.2,2,0,5.0,0
1335,61916,Beauty,1536.03,0.0,COD,103,0,0,585.7,7,0,,0
1336,30955,Beauty,1233.43,17.8,Wallet,472,0,0,277.7,5,1,3.0,0
1337,22312,Apparel,593.08,7.9,Prepaid_Card,502,7,0,182.8,5,1,5.0,0
1338,61290,Home,13067.52,23.2,Prepaid_Card,778,19,0,116.3,3,0,1.0,1
1339,87535,Beauty,2148.63,8.9,COD,514,14,1,222.2,4,0,,0
1340,26344,Electronics,3024.13,28.5,Wallet,251,0,0,547.6,1,0,5.0,0
1341,23244,Apparel,598.94,33.7,Prepaid_Card,1,1,0,190.4,6,0,4.0,0
1342,93112,Footwear,1030.83,36.8,COD,5,1,1,408.4,4,0,1.0,1
1343,82586,Electronics,4025.43,42.7,Prepaid_UPI,39,5,3,201.4,3,1,5.0,1
1344,32012,Home,1356.32,0.0,COD,1494,36,3,57.2,7,0,,0
1345,36279,Beauty,597.77,3.2,COD,196,8,0,72.9,5,1,4.0,0
1346,35771,Home,12794.11,61.0,Prepaid_Card,1052,24,6,318.3,3,1,2.0,0
1347,49302,Electronics,41583.43,34.1,COD,655,15,8,233.4,4,0,,0
1348,73674,Electronics,39374.18,23.1,Prepaid_Card,1018,21,5,384.0,8,1,,1
1349,80535,Electronics,31120.62,20.4,COD,250,8,0,210.6,4,0,5.0,1
1350,87944,Apparel,1905.51,19.2,COD,349,3,0,401.4,6,1,,1
1351,99425,Footwear,4561.65,0.0,COD,252,5,3,305.3,3,1,2.0,1
1352,17434,Footwear,5391.22,9.2,COD,18,2,0,92.5,5,0,2.0,0
1353,69155,Apparel,1924.54,18.4,Wallet,223,9,1,187.5,5,0,,0
1354,60123,Electronics,37086.51,10.0,Prepaid_Card,848,17,3,150.4,5,1,2.0,0
1355,90578,Beauty,2441.63,11.8,Prepaid_Card,1364,33,5,112.9,4,0,3.0,0
1356,76023,Apparel,1546.16,55.8,COD,361,7,3,202.1,4,0,3.0,1
1357,84670,Home,3588.92,16.5,Prepaid_UPI,457,13,0,398.7,1,0,1.0,0
1358,87853,Electronics,5142.58,23.9,COD,481,8,4,158.7,1,1,5.0,0
1359,82609,Footwear,2804.74,23.4,COD,150,5,0,106.1,1,0,2.0,1
1360,17885,Apparel,547.12,28.3,Prepaid_UPI,388,8,3,359.4,1,0,3.0,0
1361,65916,Home,2954.91,13.3,Prepaid_Card,46,0,0,234.2,4,1,5.0,0
1362,99526,Electronics,2168.16,37.5,Prepaid_UPI,38,0,0,63.0,3,1,3.0,0
1363,51673,Home,4852.99,26.2,Prepaid_UPI,1283,32,7,289.1,2,1,,0
1364,18919,Apparel,2435.5,2.0,Prepaid_UPI,736,13,7,293.2,7,1,1.0,0
1365,14244,Electronics,19567.63,18.5,COD,133,0,0,210.9,4,0,2.0,1
1366,82286,Home,3992.94,17.6,COD,37,2,1,87.3,6,1,1.0,1
1367,86759,Apparel,1217.42,16.9,COD,61,0,0,145.9,2,1,,0
1368,23300,Apparel,997.88,27.1,Prepaid_UPI,406,13,0,174.5,5,0,1.0,0
1369,96283,Apparel,1798.84,28.9,Wallet,343,12,6,212.2,6,1,1.0,0
1370,65548,Electronics,32088.87,27.2,Wallet,1012,25,2,104.7,5,1,1.0,0
1371,39379,Apparel,408.79,24.7,COD,34,0,0,332.3,4,1,3.0,0
1372,40616,Beauty,1607.27,21.2,Prepaid_UPI,78,6,1,593.8,4,0,2.0,0
1373,30953,Electronics,2773.78,0.0,Prepaid_Card,860,23,2,120.1,5,0,5.0,0
1374,40617,Footwear,4225.5,30.9,Prepaid_UPI,357,6,0,145.3,5,0,2.0,0
1375,20174,Beauty,2817.05,26.8,Prepaid_Card,9,4,0,137.8,7,1,1.0,0
1376,43328,Apparel,2301.1,6.2,COD,120,0,0,840.5,3,0,4.0,0
1377,23951,Home,3482.83,23.9,COD,235,4,0,255.5,6,1,,0
1378,74750,Beauty,2266.54,29.1,Wallet,42,0,0,408.2,5,1,4.0,0
1379,75104,Home,11999.46,36.4,Prepaid_Card,90,2,0,273.8,5,1,3.0,0
1380,44911,Electronics,43354.01,27.1,COD,1116,23,2,93.2,4,0,2.0,0
1381,99629,Electronics,13720.33,24.5,COD,225,3,0,115.6,7,0,,0
1382,94018,Apparel,1319.29,33.3,COD,410,8,1,137.3,3,1,2.0,0
1383,78887,Home,3711.81,15.7,Wallet,406,7,2,147.9,2,0,3.0,0
1384,27937,Beauty,219.28,25.8,COD,132,3,0,335.6,5,1,2.0,0
1385,53522,Beauty,2028.19,11.3,COD,558,16,7,732.3,3,1,,1
1386,10450,Apparel,1277.65,35.5,Prepaid_UPI,571,9,0,192.5,5,1,2.0,1
1387,14701,Footwear,1864.64,0.0,Prepaid_Card,231,7,3,236.5,8,0,1.0,0
1388,25790,Electronics,42508.09,31.4,COD,633,14,0,214.4,5,0,3.0,0
1389,72135,Beauty,1562.69,20.2,COD,52,2,0,80.0,5,0,3.0,1
1390,96319,Apparel,2488.51,33.5,COD,93,1,1,467.6,8,0,4.0,0
1391,11879,Beauty,2411.07,9.1,COD,80,0,0,309.7,5,1,4.0,0
1392,67698,Footwear,5280.66,21.3,COD,391,10,1,200.0,7,0,3.0,1
1393,51512,Apparel,2012.66,20.8,COD,115,4,1,638.5,4,1,4.0,1
1394,65313,Apparel,577.74,26.1,Prepaid_UPI,68,0,0,65.2,4,1,2.0,0
1395,48202,Footwear,857.66,5.3,Prepaid_UPI,151,0,0,347.5,3,0,2.0,0
1396,97981,Apparel,2317.42,28.9,Prepaid_UPI,426,9,0,209.1,5,0,3.0,0
1397,32076,Home,2503.86,0.0,COD,21,2,0,168.3,5,0,,1
1398,50800,Beauty,1264.99,10.7,COD,37,3,0,160.2,6,0,5.0,0
1399,73056,Home,9343.71,0.0,Wallet,303,10,1,194.4,5,0,5.0,0
1400,38152,Electronics,11383.02,31.6,Prepaid_UPI,38,1,0,181.2,4,1,3.0,0
1401,98789,Electronics,12038.97,25.6,Prepaid_Card,327,6,0,285.8,6,0,4.0,1
1402,10911,Apparel,1352.42,26.4,COD,732,16,0,251.7,7,0,,0
1403,66193,Beauty,1178.55,40.6,COD,296,2,0,447.3,5,0,2.0,1
1404,35117,Electronics,34152.21,15.6,Prepaid_Card,1093,22,2,180.3,2,1,3.0,0
1405,20329,Apparel,511.41,28.5,Prepaid_Card,67,1,0,538.0,3,0,1.0,0
1406,52966,Apparel,1400.83,20.9,COD,82,1,0,507.3,5,1,5.0,0
1407,63688,Beauty,646.64,18.8,Wallet,129,3,0,159.5,3,1,5.0,0
1408,10142,Apparel,1654.46,38.3,Prepaid_Card,453,5,2,553.8,3,0,3.0,0
1409,66965,Beauty,481.21,49.1,Prepaid_Card,368,4,0,130.2,3,1,5.0,0
1410,87493,Footwear,1586.98,14.0,COD,339,9,0,349.4,5,0,1.0,1
1411,10681,Footwear,4921.39,31.7,Prepaid_UPI,167,1,0,277.9,8,1,4.0,0
1412,59222,Beauty,820.23,24.5,Prepaid_UPI,110,0,0,151.1,2,1,5.0,0
1413,96761,Footwear,4553.86,24.6,COD,11,0,0,277.4,7,0,1.0,0
1414,89125,Beauty,928.23,23.5,Prepaid_Card,187,1,0,149.7,6,0,2.0,0
1415,52532,Apparel,855.31,15.3,Prepaid_UPI,274,9,1,253.0,5,0,2.0,0
1416,73820,Footwear,2145.35,0.0,Prepaid_UPI,106,0,0,231.6,4,1,2.0,0
1417,37854,Home,13273.51,41.5,COD,477,10,2,164.5,6,1,2.0,0
1418,66376,Home,6258.9,10.3,Prepaid_UPI,210,2,1,549.9,5,1,5.0,0
1419,22538,Beauty,844.72,16.6,Prepaid_Card,58,1,0,571.9,4,0,1.0,0
1420,73958,Beauty,1679.42,16.9,COD,378,6,1,186.3,1,1,1.0,1
1421,51862,Footwear,2621.03,9.0,COD,46,0,0,479.7,5,0,3.0,1
1422,76593,Electronics,39719.68,23.4,COD,352,11,0,143.3,7,0,,0
1423,82861,Electronics,49531.84,19.4,COD,309,4,1,63.7,2,1,5.0,0
1424,46071,Electronics,26802.15,10.0,Prepaid_Card,604,11,2,202.9,3,0,5.0,0
1425,36420,Electronics,23135.7,22.1,Prepaid_UPI,496,10,4,193.7,4,0,2.0,1
1426,74569,Electronics,17808.73,19.5,COD,1910,46,4,98.4,4,1,5.0,1
1427,44626,Apparel,2442.68,33.0,Wallet,1791,39,16,144.6,3,0,4.0,0
1428,88036,Apparel,1389.06,1.2,COD,77,5,0,492.7,7,1,1.0,1
1429,52196,Footwear,1478.98,8.7,Prepaid_Card,673,14,2,242.1,8,0,1.0,0
1430,77627,Electronics,48491.58,30.2,Wallet,52,4,0,508.0,5,0,4.0,1
1431,95238,Beauty,2888.51,11.0,Prepaid_UPI,214,5,1,286.9,3,0,1.0,0
1432,70722,Home,6818.01,7.4,Prepaid_Card,242,7,2,337.7,5,0,1.0,0
1433,63473,Apparel,1098.6,11.7,Prepaid_UPI,6,0,0,292.3,2,0,4.0,0
1434,85160,Apparel,1812.94,18.6,COD,591,8,0,268.6,4,1,3.0,0
1435,83268,Apparel,2132.19,18.6,COD,65,4,2,187.5,6,0,3.0,1
1436,28895,Beauty,1570.82,17.1,Prepaid_Card,50,4,0,313.0,6,1,4.0,0
1437,45688,Apparel,1061.25,5.6,COD,493,18,7,323.6,6,1,1.0,0
1438,39171,Home,4870.21,30.8,COD,472,6,0,376.8,4,1,3.0,0
1439,83363,Beauty,1080.81,38.6,COD,291,7,1,420.4,5,1,2.0,0
1440,61881,Beauty,486.39,0.0,Wallet,783,14,1,524.8,4,1,5.0,0
1441,20763,Apparel,2024.03,0.0,Prepaid_UPI,133,0,0,274.6,6,0,1.0,0
1442,28309,Apparel,575.66,34.0,Prepaid_UPI,107,0,0,297.3,5,0,3.0,0
1443,36516,Apparel,1206.38,42.0,Prepaid_UPI,137,4,1,261.1,8,0,1.0,1
1444,72509,Apparel,2145.13,0.0,COD,758,14,1,513.4,5,1,1.0,0
1445,63809,Apparel,1218.83,31.4,COD,117,2,0,280.7,3,0,2.0,1
1446,77861,Home,4774.05,42.9,Prepaid_UPI,485,13,3,279.2,2,1,1.0,0
1447,48771,Beauty,2852.52,7.9,Prepaid_Card,855,22,0,305.9,5,1,4.0,1
1448,12319,Home,2334.88,42.1,COD,20,2,1,305.0,1,0,,1
1449,37905,Home,13330.38,17.5,Prepaid_Card,219,6,1,262.0,4,1,5.0,0
1450,69406,Apparel,483.47,24.4,Prepaid_Card,579,12,0,164.7,3,0,3.0,0
1451,38925,Footwear,2774.41,9.9,COD,128,1,0,162.6,3,1,3.0,0
1452,12743,Home,9659.96,34.0,COD,73,3,0,98.6,5,1,,0
1453,82379,Beauty,1204.61,31.7,Prepaid_Card,685,12,2,206.2,2,1,5.0,0
1454,14254,Beauty,1673.63,44.1,Prepaid_Card,887,20,0,95.1,1,1,4.0,0
1455,74334,Electronics,10996.08,40.2,Wallet,70,0,0,54.4,5,0,1.0,1
1456,23410,Apparel,1573.42,19.9,Prepaid_Card,185,3,0,402.7,4,1,2.0,1
1457,79945,Apparel,639.3,63.5,Prepaid_UPI,1374,27,8,163.9,5,0,1.0,0
1458,30633,Electronics,40008.72,38.9,Prepaid_UPI,435,8,1,36.0,5,0,2.0,0
1459,61378,Beauty,1813.8,27.6,COD,492,8,1,428.1,6,0,3.0,0
1460,87704,Electronics,24614.67,6.0,Prepaid_UPI,1392,28,1,123.5,5,1,3.0,1
1461,27109,Footwear,800.67,0.0,Prepaid_Card,412,8,2,201.3,6,1,1.0,0
1462,60163,Home,7746.73,0.0,Prepaid_Card,151,0,0,395.7,8,0,3.0,1
1463,82729,Apparel,1561.67,6.9,COD,3,0,0,317.9,5,1,,0
1464,14950,Electronics,14017.71,39.3,Wallet,331,9,0,83.7,6,1,2.0,0
1465,49211,Home,10325.06,26.8,Wallet,549,12,0,102.6,5,0,4.0,0
1466,96528,Home,1613.09,11.4,COD,133,0,0,231.3,1,0,1.0,0
1467,83531,Electronics,11225.76,18.1,COD,197,7,0,113.5,4,0,,0
1468,52021,Apparel,1935.73,16.4,COD,4,0,0,283.4,7,0,5.0,1
1469,12637,Footwear,1309.72,31.2,Prepaid_UPI,477,8,2,246.7,5,1,1.0,1
1470,59541,Apparel,877.93,7.7,Prepaid_Card,1739,36,6,561.6,4,0,5.0,0
1471,14096,Beauty,2004.94,24.9,COD,19,6,0,243.2,5,0,5.0,0
1472,73653,Apparel,1917.01,24.2,Prepaid_UPI,591,13,3,157.4,2,0,4.0,0
1473,38608,Apparel,460.7,8.1,COD,52,1,1,133.0,6,1,2.0,1
1474,85494,Electronics,7202.88,42.2,Prepaid_Card,522,12,2,153.8,4,0,2.0,0
1475,49242,Home,6968.71,15.9,COD,229,0,0,433.4,5,1,4.0,1
1476,63058,Home,9095.53,6.1,Prepaid_Card,1555,32,14,236.4,2,1,3.0,0
1477,25736,Electronics,23235.28,31.9,Prepaid_Card,523,12,4,200.3,5,0,2.0,0
1478,66275,Beauty,1994.15,20.8,COD,1485,32,9,270.6,1,0,,0
1479,54179,Electronics,38043.65,25.7,Prepaid_Card,523,18,1,91.8,4,1,4.0,0
1480,17721,Electronics,47527.65,3.4,Wallet,671,13,0,277.6,3,0,5.0,0
1481,69344,Electronics,18144.15,31.4,Prepaid_Card,16,3,0,205.9,3,0,5.0,1
1482,14852,Apparel,700.68,50.4,Wallet,942,23,2,192.3,1,1,2.0,0
1483,92458,Home,4329.22,2.3,Prepaid_Card,1687,37,0,511.6,3,0,4.0,0
1484,33376,Apparel,668.55,25.0,Prepaid_UPI,1086,25,5,193.9,5,0,4.0,1
1485,51383,Home,6216.56,9.0,COD,126,1,0,215.3,3,0,3.0,1
1486,59364,Apparel,2226.02,57.7,Prepaid_UPI,635,8,3,148.1,5,0,3.0,1
1487,67299,Beauty,1139.12,37.4,COD,1467,33,3,337.1,6,1,4.0,0
1488,90711,Electronics,8292.31,23.9,COD,613,14,3,805.9,5,1,1.0,0
1489,54643,Beauty,1639.5,2.8,COD,422,11,0,109.1,5,1,3.0,0
1490,25624,Electronics,49605.25,6.2,COD,619,13,2,217.0,5,0,4.0,0
1491,95012,Apparel,754.59,30.4,Wallet,68,4,1,140.3,6,0,3.0,0
1492,94592,Footwear,4778.31,0.9,Wallet,294,3,0,407.8,3,0,2.0,0
1493,45927,Home,12438.7,1.4,Prepaid_UPI,709,20,1,415.1,3,1,2.0,0
1494,33780,Footwear,2707.36,20.1,COD,371,5,0,167.8,3,1,4.0,1
1495,75230,Electronics,31358.02,21.9,Prepaid_UPI,299,6,2,270.2,6,1,5.0,0
1496,83760,Home,6769.42,25.3,Prepaid_UPI,397,10,1,225.7,3,1,5.0,0
1497,19653,Beauty,897.63,13.8,COD,255,4,0,179.3,4,0,,0
1498,35667,Home,6678.72,32.9,Prepaid_Card,991,24,0,364.3,4,1,2.0,0
1499,35652,Electronics,5669.22,7.9,Prepaid_UPI,7,0,0,162.0,5,1,3.0,0
1500,46447,Home,10750.86,28.8,COD,295,6,0,288.0,6,0,,0
1501,62516,Home,12523.3,23.0,Prepaid_Card,76,1,0,123.6,6,0,3.0,0
1502,73231,Beauty,1026.09,28.4,Prepaid_UPI,191,2,0,693.6,1,1,2.0,0
1503,85330,Electronics,28757.36,36.5,COD,71,8,1,227.3,5,1,5.0,1
1504,89393,Electronics,12375.28,13.6,Prepaid_Card,601,10,1,167.7,4,0,2.0,0
1505,46429,Footwear,1201.03,10.7,Prepaid_Card,251,0,0,175.0,5,0,3.0,0
1506,32124,Home,10122.47,0.0,Prepaid_UPI,999,19,3,212.4,4,1,,0
1507,15898,Footwear,1237.59,0.0,Wallet,1127,25,1,209.4,3,0,2.0,0
1508,79494,Electronics,39316.97,17.5,Prepaid_UPI,756,15,2,86.2,6,1,4.0,0
1509,31414,Apparel,934.27,18.5,Prepaid_Card,730,19,3,415.7,4,0,3.0,0
1510,99411,Footwear,5001.82,4.8,Prepaid_Card,402,11,2,166.9,7,0,3.0,0
1511,39786,Apparel,1142.28,7.8,Prepaid_Card,298,5,0,607.3,4,1,3.0,0
1512,45943,Apparel,1143.01,41.3,Prepaid_Card,658,9,4,276.5,4,1,1.0,1
1513,75304,Home,11383.31,32.3,COD,135,0,0,158.8,3,1,3.0,0
1514,18796,Footwear,3306.46,2.3,Prepaid_UPI,474,10,1,327.7,4,1,1.0,0
1515,32441,Beauty,722.79,13.8,Prepaid_UPI,21,0,0,229.9,6,0,3.0,0
1516,61403,Apparel,2178.38,25.7,Prepaid_Card,418,8,0,615.7,4,1,4.0,0
1517,52002,Apparel,1081.33,11.2,Prepaid_UPI,128,7,1,273.5,5,0,3.0,0
1518,31444,Beauty,442.91,8.7,Prepaid_UPI,543,13,0,409.9,8,1,3.0,1
1519,41107,Apparel,1244.4,15.3,COD,521,11,1,328.2,2,0,2.0,1
1520,18317,Apparel,1584.02,35.3,COD,390,5,1,128.4,3,1,1.0,0
1521,88618,Apparel,1661.25,36.5,COD,286,6,0,596.7,5,1,2.0,1
1522,64346,Home,12616.31,9.7,COD,103,1,0,94.7,1,1,1.0,0
1523,89988,Beauty,1693.01,26.4,Prepaid_Card,385,9,3,215.6,6,0,5.0,0
1524,41661,Footwear,1730.41,19.9,COD,8,2,1,283.8,3,1,1.0,1
1525,82320,Footwear,1939.16,5.9,COD,212,7,0,52.2,4,1,,0
1526,37224,Apparel,566.81,15.8,COD,254,6,1,155.4,6,0,,1
1527,42348,Electronics,37060.29,2.3,Prepaid_UPI,44,2,1,262.6,2,0,2.0,0
1528,91897,Electronics,6191.14,36.3,Prepaid_UPI,144,1,0,270.7,1,1,4.0,0
1529,43824,Apparel,1652.5,41.7,COD,759,20,5,658.9,1,0,,0
1530,19920,Apparel,1633.44,14.3,COD,1014,19,8,442.5,5,1,4.0,0
1531,65904,Electronics,39489.67,10.9,COD,246,4,0,174.7,6,1,,0
1532,50185,Apparel,510.45,34.8,COD,1813,43,6,52.0,2,0,2.0,0
1533,88383,Home,3442.21,37.0,COD,155,1,0,79.1,7,1,5.0,0
1534,74207,Footwear,5502.59,4.4,COD,472,6,1,227.0,4,0,4.0,1
1535,85167,Apparel,1580.31,17.9,COD,58,0,0,349.2,5,0,,0
1536,65847,Electronics,23426.82,19.2,Wallet,1739,42,1,146.7,6,1,5.0,0
1537,21879,Footwear,4612.22,9.2,Prepaid_Card,340,0,0,645.8,1,1,,1
1538,67668,Footwear,5463.92,25.4,Prepaid_UPI,265,6,0,235.0,6,0,5.0,0
1539,62727,Footwear,1946.55,10.2,COD,370,6,1,201.5,1,0,,0
1540,82449,Electronics,45172.31,12.4,COD,1179,25,3,695.9,1,0,3.0,0
1541,11808,Footwear,1097.82,18.6,Wallet,883,18,0,620.3,2,1,3.0,0
1542,40538,Apparel,2452.02,0.0,COD,177,6,1,419.6,6,1,4.0,0
1543,23888,Electronics,9077.74,0.0,Prepaid_Card,127,2,0,187.5,6,0,,0
1544,50687,Apparel,922.41,32.9,Wallet,23,3,1,657.2,6,0,1.0,0
1545,99946,Electronics,5733.1,9.6,Prepaid_Card,886,23,1,452.8,4,1,3.0,0
1546,39583,Electronics,40380.15,49.9,COD,104,2,1,228.9,4,0,4.0,1
1547,13074,Apparel,2466.1,47.6,Prepaid_Card,142,2,0,557.0,5,1,5.0,0
1548,33055,Footwear,2133.37,12.9,COD,171,4,0,179.1,4,1,2.0,1
1549,76635,Electronics,16954.99,52.7,COD,50,2,0,95.5,5,0,,1
1550,42968,Apparel,949.81,33.1,COD,196,0,0,193.2,4,1,2.0,0
1551,28020,Apparel,682.88,11.0,Prepaid_UPI,610,14,2,88.5,4,0,4.0,0
1552,40373,Electronics,39584.77,0.0,Prepaid_UPI,434,8,1,238.4,8,0,3.0,0
1553,72604,Electronics,3975.27,29.6,COD,264,4,2,229.2,6,0,2.0,0
1554,48091,Electronics,48420.93,20.4,COD,432,7,0,158.5,5,0,,0
1555,35523,Apparel,2343.73,26.0,Prepaid_UPI,716,14,2,449.3,4,0,2.0,0
1556,87087,Footwear,1151.41,16.8,Wallet,51,4,0,278.7,4,1,3.0,1
1557,55385,Beauty,1659.14,4.0,COD,229,3,0,173.2,6,1,5.0,1
1558,41379,Electronics,49649.72,14.0,COD,217,8,3,203.0,5,0,4.0,1
1559,86762,Home,12862.98,29.9,Prepaid_UPI,465,10,1,366.8,4,0,4.0,1
1560,49993,Beauty,2188.13,15.0,Prepaid_UPI,19,0,0,437.4,1,0,2.0,0
1561,28489,Beauty,214.01,15.0,Wallet,697,16,0,264.2,4,0,1.0,0
1562,48794,Home,1491.47,0.0,COD,140,0,0,138.0,6,0,5.0,0
1563,80693,Beauty,2412.95,21.3,COD,134,4,1,212.3,2,0,,1
1564,35489,Beauty,1222.87,4.4,Prepaid_Card,184,3,0,342.7,7,1,1.0,0
1565,26829,Footwear,4176.38,32.9,COD,245,8,2,498.0,5,0,3.0,1
1566,53319,Electronics,37219.9,9.7,Prepaid_UPI,852,23,9,189.0,7,1,1.0,0
1567,90659,Apparel,1257.7,15.9,COD,61,0,0,125.8,4,1,3.0,0
1568,88014,Apparel,658.27,50.3,Prepaid_Card,70,0,0,382.2,1,0,5.0,0
1569,89265,Electronics,19948.03,15.7,Wallet,1017,18,3,485.7,4,1,1.0,0
1570,34782,Electronics,43681.37,13.8,Wallet,1042,29,1,253.3,3,1,4.0,0
1571,86193,Electronics,17223.2,28.2,Prepaid_UPI,726,14,0,149.5,3,1,3.0,0
1572,53805,Home,1408.42,0.0,Wallet,49,0,0,191.7,5,0,1.0,1
1573,39828,Home,14407.41,37.5,COD,210,11,0,261.5,3,0,2.0,0
1574,53482,Footwear,4243.72,33.9,COD,116,0,0,167.2,1,0,3.0,1
1575,74584,Apparel,1512.84,27.3,COD,16,0,0,106.7,3,0,5.0,0
1576,72319,Apparel,2132.58,0.0,Wallet,186,0,0,165.5,6,0,1.0,0
1577,80676,Footwear,2761.38,16.4,Wallet,2149,48,2,190.8,4,0,3.0,1
1578,55045,Footwear,5918.14,2.2,COD,345,7,1,189.4,3,1,3.0,0
1579,27243,Beauty,2594.08,35.7,COD,176,1,0,45.1,3,0,,1
1580,30386,Beauty,949.55,34.7,COD,66,0,0,1002.2,6,0,5.0,0
1581,29016,Beauty,1207.49,25.4,COD,7,0,0,169.4,5,1,,0
1582,43170,Electronics,14511.41,3.2,Prepaid_UPI,76,5,0,119.0,5,0,4.0,0
1583,20774,Electronics,33307.7,40.9,COD,46,2,0,203.1,5,1,2.0,0
1584,25638,Apparel,1724.56,16.3,Prepaid_UPI,444,8,0,461.9,1,0,4.0,0
1585,68519,Home,8076.34,45.3,Prepaid_Card,124,2,0,449.6,4,1,,0
1586,17900,Beauty,2902.65,23.7,COD,503,13,2,405.5,6,1,5.0,0
1587,61873,Electronics,24141.49,27.1,COD,1232,32,4,574.0,1,0,2.0,0
1588,24733,Home,11863.97,13.6,Wallet,308,3,1,137.9,1,0,3.0,0
1589,31142,Apparel,1764.9,39.7,Prepaid_Card,112,5,1,109.1,2,0,3.0,1
1590,18878,Apparel,1464.1,28.5,Prepaid_Card,141,2,1,342.7,3,1,4.0,1
1591,61821,Apparel,440.5,40.2,COD,537,7,0,183.9,4,1,3.0,0
1592,18267,Apparel,1763.61,22.5,Wallet,28,0,0,395.5,2,0,2.0,0
1593,94275,Beauty,1981.4,19.3,Prepaid_UPI,57,5,0,437.7,5,1,5.0,0
1594,22742,Electronics,7118.83,28.3,Prepaid_UPI,366,12,2,283.4,9,0,3.0,0
1595,41870,Footwear,4877.53,40.2,Prepaid_Card,441,8,1,221.9,3,0,5.0,0
1596,43690,Footwear,3068.47,34.2,Prepaid_UPI,861,18,2,529.9,1,0,4.0,0
1597,20536,Apparel,1046.91,21.9,COD,819,12,2,269.5,3,0,4.0,1
1598,22858,Apparel,2121.51,0.0,Prepaid_UPI,64,3,0,172.6,5,1,3.0,0
1599,54689,Footwear,2388.54,31.3,Prepaid_Card,205,4,1,226.0,5,0,1.0,0
1600,53856,Apparel,1686.98,0.0,Prepaid_Card,20,0,0,255.2,6,1,3.0,0
1601,48268,Beauty,1911.06,20.5,Wallet,94,2,1,61.0,4,1,,1
1602,33048,Apparel,463.53,18.4,Wallet,248,1,0,603.1,5,1,2.0,0
1603,98321,Home,6631.09,0.2,Prepaid_Card,244,7,0,149.1,9,0,4.0,1
1604,85379,Footwear,1725.28,25.2,Prepaid_Card,170,0,0,79.4,3,0,2.0,0
1605,40821,Apparel,779.08,50.2,Prepaid_UPI,256,6,0,265.5,4,1,4.0,0
1606,20406,Apparel,1758.17,15.6,Wallet,265,3,2,291.0,5,0,5.0,0
1607,46025,Beauty,182.52,30.7,Prepaid_UPI,246,0,0,153.8,9,1,2.0,0
1608,74400,Apparel,2433.52,53.0,COD,1025,25,4,189.9,6,0,1.0,0
1609,83953,Electronics,20374.16,32.1,COD,96,5,2,265.3,4,0,5.0,0
1610,16573,Electronics,15641.37,11.0,Prepaid_UPI,257,4,0,258.7,3,0,4.0,0
1611,30021,Apparel,2327.94,23.3,Prepaid_UPI,294,7,1,388.2,7,1,5.0,0
1612,97204,Footwear,3176.7,26.7,Prepaid_UPI,317,8,1,268.0,4,0,4.0,0
1613,42671,Footwear,3878.79,40.1,Prepaid_UPI,28,2,0,71.7,7,0,1.0,0
1614,74046,Electronics,35096.69,37.0,Prepaid_Card,1199,31,5,221.1,4,0,1.0,0
1615,81571,Footwear,5292.76,0.0,Prepaid_Card,830,19,6,330.3,3,1,4.0,0
1616,87628,Apparel,628.95,8.0,Prepaid_UPI,220,3,1,164.6,1,1,1.0,0
1617,98388,Apparel,525.55,19.0,COD,113,3,0,215.6,5,0,5.0,1
1618,18290,Home,14908.81,5.8,Prepaid_UPI,402,7,1,368.5,1,1,2.0,0
1619,39732,Beauty,175.32,0.0,Prepaid_UPI,760,13,5,260.3,7,1,2.0,1
1620,64848,Apparel,1872.62,9.8,Prepaid_UPI,1695,41,7,326.7,1,0,3.0,0
1621,21657,Apparel,1663.79,19.9,COD,18,2,0,283.1,1,1,3.0,0
1622,10633,Home,8511.99,12.6,Prepaid_UPI,62,0,0,207.8,4,0,1.0,0
1623,58289,Footwear,4822.05,6.0,COD,796,15,5,708.6,6,1,5.0,0
1624,43384,Apparel,2483.82,20.6,COD,727,18,3,129.2,4,1,2.0,1
1625,24954,Electronics,3297.41,24.8,Prepaid_Card,47,0,0,83.7,6,1,3.0,0
1626,98414,Footwear,3879.92,13.4,COD,1425,29,2,242.6,5,1,2.0,0
1627,52045,Electronics,36122.11,39.2,Wallet,1781,47,8,209.8,6,0,4.0,0
1628,42944,Apparel,1007.77,20.8,Wallet,997,21,9,243.4,7,1,1.0,0
1629,94832,Apparel,2269.65,7.8,COD,348,10,0,414.1,3,0,3.0,0
1630,61785,Electronics,23392.65,4.3,Prepaid_UPI,327,11,0,142.9,5,0,1.0,0
1631,32107,Electronics,9059.44,17.0,Prepaid_Card,22,0,0,44.7,1,1,2.0,0
1632,56500,Beauty,2585.06,35.6,Prepaid_UPI,928,21,6,901.2,7,0,1.0,0
1633,79476,Home,14172.42,8.5,Prepaid_UPI,791,23,3,212.4,4,1,3.0,0
1634,38100,Footwear,1047.33,28.3,Prepaid_Card,162,4,1,321.8,4,0,5.0,1
1635,33321,Beauty,2292.29,21.3,COD,1111,31,6,219.2,4,1,,0
1636,15235,Electronics,11535.7,47.9,COD,104,0,0,188.9,3,1,,0
1637,60784,Electronics,1329.39,25.5,Prepaid_Card,90,7,3,221.2,6,1,2.0,1
1638,88357,Beauty,892.75,10.2,Wallet,678,15,0,332.3,5,0,3.0,0
1639,16406,Apparel,2188.06,30.3,Prepaid_Card,482,9,0,402.8,3,1,1.0,1
1640,69942,Footwear,1276.51,30.8,COD,183,5,0,522.7,8,1,1.0,0
1641,19825,Footwear,1218.68,14.4,COD,913,19,2,354.5,6,1,1.0,1
1642,97934,Apparel,1938.95,3.7,Wallet,726,15,3,214.8,8,0,,0
1643,25852,Electronics,20911.62,27.5,COD,116,4,0,693.8,1,1,4.0,1
1644,65638,Apparel,669.25,20.9,Prepaid_UPI,751,11,5,329.4,3,0,5.0,0
1645,99836,Apparel,844.5,0.0,Prepaid_UPI,413,6,0,360.6,6,1,3.0,1
1646,19541,Electronics,39935.49,23.6,COD,242,7,0,526.7,2,1,5.0,1
1647,57275,Apparel,1690.03,11.1,COD,681,18,5,239.7,3,1,,0
1648,49880,Footwear,4685.11,0.0,COD,8,1,0,501.3,2,1,3.0,0
1649,13006,Beauty,428.65,15.1,COD,87,2,0,82.7,5,1,5.0,0
1650,33820,Footwear,3019.57,38.0,Prepaid_UPI,332,8,1,225.4,4,0,1.0,0
1651,71525,Apparel,2063.78,36.9,Prepaid_UPI,338,10,4,560.8,2,0,5.0,1
1652,94282,Apparel,921.45,33.3,COD,342,3,0,444.9,8,0,2.0,1
1653,74979,Apparel,713.76,23.8,Prepaid_Card,176,2,0,298.4,6,1,1.0,0
1654,29102,Apparel,1170.84,28.3,COD,291,6,1,114.5,6,0,5.0,1
1655,63155,Beauty,1100.13,21.4,COD,942,21,2,66.1,5,0,,0
1656,50021,Electronics,10088.17,4.5,Prepaid_UPI,117,0,0,233.3,6,1,5.0,0
1657,40757,Apparel,2400.98,7.3,Prepaid_UPI,180,0,0,219.2,5,0,,0
1658,95045,Footwear,3157.04,11.5,Prepaid_UPI,206,4,0,398.7,1,1,4.0,1
1659,24149,Electronics,30795.74,39.6,COD,431,12,0,264.7,8,1,4.0,1
1660,17781,Apparel,610.38,35.1,Prepaid_Card,185,2,0,432.4,8,0,2.0,0
1661,31409,Apparel,1661.58,4.9,Prepaid_Card,38,0,0,289.8,3,1,3.0,1
1662,77019,Home,8552.18,20.7,Wallet,64,3,1,130.8,1,1,1.0,1
1663,43330,Footwear,5625.61,14.4,Prepaid_UPI,157,2,0,316.6,2,0,2.0,0
1664,67745,Apparel,1236.48,17.8,Wallet,220,7,0,251.7,2,1,3.0,0
1665,48293,Beauty,2378.88,12.5,COD,1867,40,10,235.5,5,1,1.0,0
1666,48874,Beauty,1016.92,39.7,Prepaid_Card,2012,41,4,259.2,4,1,2.0,1
1667,33806,Footwear,3684.17,19.7,Prepaid_UPI,1102,28,4,297.1,3,1,5.0,0
1668,19095,Apparel,2342.99,23.0,COD,987,25,4,242.5,6,1,2.0,0
1669,33756,Apparel,1693.9,23.1,Prepaid_Card,299,3,0,88.7,4,1,5.0,0
1670,85367,Beauty,2176.8,5.6,Prepaid_Card,123,3,3,102.4,6,0,5.0,0
1671,98202,Electronics,43923.24,21.5,Wallet,641,13,0,188.4,4,1,,1
1672,12457,Home,13918.65,34.9,COD,1271,30,19,478.1,8,1,1.0,1
1673,58767,Footwear,1645.51,40.6,Wallet,384,5,0,272.4,9,0,4.0,1
1674,80643,Apparel,771.05,3.9,Prepaid_Card,366,10,5,238.4,5,0,2.0,1
1675,69092,Footwear,3527.62,0.0,Prepaid_Card,158,7,2,681.3,4,1,4.0,0
1676,64401,Beauty,2987.22,20.9,Prepaid_Card,231,2,2,289.5,4,0,2.0,1
1677,47669,Footwear,3195.84,35.5,COD,458,10,2,242.7,7,1,,1
1678,27350,Electronics,17214.34,25.0,Wallet,73,5,1,199.8,6,0,5.0,0
1679,24096,Beauty,1681.19,29.5,Wallet,1023,19,2,181.8,1,1,3.0,0
1680,60462,Home,1433.74,1.0,Wallet,75,0,0,75.6,6,1,1.0,0
1681,67288,Footwear,1474.64,12.0,Wallet,777,19,2,240.1,4,1,2.0,0
1682,72460,Footwear,1319.06,0.0,Prepaid_UPI,61,0,0,109.6,5,1,3.0,0
1683,52197,Footwear,653.54,18.0,Prepaid_Card,207,0,0,146.2,4,0,1.0,0
1684,44937,Apparel,1902.76,0.0,Prepaid_UPI,1042,22,1,106.4,4,1,5.0,0
1685,86141,Apparel,1049.77,38.7,COD,1364,35,1,651.8,1,1,1.0,1
1686,82057,Apparel,712.35,41.8,Prepaid_UPI,1114,30,1,283.6,1,0,5.0,0
1687,22328,Home,7927.53,22.0,Prepaid_Card,150,1,0,495.4,4,1,4.0,0
1688,96070,Home,5189.94,0.0,Prepaid_UPI,301,3,1,383.1,4,1,4.0,0
1689,17120,Home,6198.76,25.3,COD,769,15,2,210.4,4,1,,0
1690,76843,Electronics,16461.06,46.0,COD,1802,45,7,161.4,5,0,,0
1691,78149,Footwear,521.91,26.7,COD,45,3,1,208.5,3,1,,0
1692,10191,Beauty,2111.74,36.6,Prepaid_Card,3,4,2,134.3,2,0,4.0,1
1693,54321,Apparel,587.98,13.2,Prepaid_Card,407,12,1,46.6,6,0,3.0,0
1694,40784,Footwear,1705.28,7.8,COD,32,0,0,81.5,6,1,,0
1695,11020,Home,3259.6,19.0,COD,612,10,5,344.5,3,0,4.0,0
1696,92150,Home,5304.83,0.0,Prepaid_Card,819,16,6,88.3,6,1,1.0,0
1697,60829,Apparel,694.43,51.7,COD,300,5,1,146.1,2,0,3.0,0
1698,40423,Footwear,2408.24,22.0,Prepaid_UPI,239,3,0,201.7,5,1,1.0,0
1699,17419,Beauty,843.3,32.1,COD,1352,28,8,111.0,5,0,1.0,1
1700,27106,Footwear,836.68,13.5,Prepaid_Card,758,18,1,325.4,3,0,3.0,0
1701,48967,Beauty,2631.1,0.0,COD,225,5,0,423.9,5,0,2.0,0
1702,22961,Beauty,1020.91,40.0,Prepaid_Card,627,17,4,91.2,2,1,4.0,0
1703,20228,Electronics,5668.83,4.3,Prepaid_Card,899,20,0,85.8,4,0,4.0,0
1704,82132,Home,8062.13,24.9,Prepaid_Card,269,3,0,166.6,4,0,3.0,0
1705,12044,Electronics,7040.5,26.2,Prepaid_Card,444,10,0,359.2,2,0,4.0,0
1706,31922,Beauty,2353.32,21.0,Prepaid_Card,881,15,3,354.2,6,0,,0
1707,32940,Apparel,482.39,9.0,COD,625,6,0,79.4,7,0,2.0,0
1708,51189,Electronics,23767.16,17.9,Prepaid_Card,152,5,0,299.7,4,0,4.0,0
1709,78381,Beauty,2839.91,6.7,COD,164,6,1,208.0,5,1,5.0,1
1710,55271,Apparel,691.78,31.3,Prepaid_UPI,600,13,3,457.1,4,0,2.0,0
1711,20046,Footwear,1607.53,28.0,Prepaid_Card,333,6,1,127.0,4,0,3.0,0
1712,96628,Electronics,30422.78,19.7,Prepaid_UPI,740,12,2,108.2,3,1,5.0,0
1713,81542,Beauty,2942.58,12.0,Prepaid_Card,561,15,1,368.3,4,1,3.0,0
1714,68280,Beauty,1249.63,49.5,COD,669,16,2,80.8,4,1,5.0,0
1715,75438,Electronics,32783.61,1.8,COD,439,10,1,254.0,8,0,2.0,1
1716,96366,Footwear,1337.74,0.0,COD,902,20,8,219.2,4,1,3.0,0
1717,82288,Electronics,32428.46,18.9,Prepaid_Card,383,7,3,170.3,3,0,5.0,0
1718,28787,Home,4163.6,16.4,Prepaid_UPI,25,0,0,191.5,1,0,3.0,0
1719,60247,Home,9392.67,35.4,Prepaid_UPI,206,5,0,253.9,6,0,2.0,0
1720,87473,Footwear,987.64,29.0,Prepaid_Card,1076,22,6,52.3,7,1,2.0,0
1721,67130,Apparel,1478.68,20.4,COD,91,0,0,128.7,2,1,,0
1722,28526,Apparel,860.42,27.0,Prepaid_UPI,741,21,2,62.9,6,0,,0
1723,46584,Footwear,4249.4,26.8,COD,267,5,1,32.2,5,1,2.0,1
1724,34859,Home,11341.21,49.4,COD,108,0,0,75.8,4,0,4.0,0
1725,53224,Electronics,42558.98,23.5,Prepaid_UPI,73,0,0,214.2,2,1,5.0,0
1726,98052,Apparel,2483.65,10.5,COD,873,16,2,327.1,5,1,4.0,1
1727,40449,Electronics,23508.38,22.8,COD,838,18,2,422.5,7,1,5.0,1
1728,54551,Beauty,2061.19,0.0,COD,352,3,1,404.4,7,0,2.0,0
1729,96153,Apparel,389.61,19.5,Prepaid_Card,406,10,0,258.2,5,0,3.0,1
1730,42487,Electronics,45349.26,35.3,COD,495,10,1,46.0,6,1,2.0,1
1731,99952,Beauty,1904.87,28.4,Prepaid_UPI,748,15,3,55.9,1,1,3.0,0
1732,68752,Apparel,1255.89,24.2,Prepaid_Card,263,6,2,77.3,6,1,1.0,0
1733,12588,Footwear,2888.72,29.1,COD,524,11,1,320.8,6,0,2.0,0
1734,80137,Apparel,1979.69,35.4,COD,62,0,0,117.2,4,0,,0
1735,39393,Beauty,2525.39,40.0,Prepaid_UPI,340,6,0,412.6,5,0,,0
1736,50800,Footwear,4943.47,26.3,COD,162,3,0,140.8,3,1,3.0,0
1737,21367,Beauty,1605.17,15.6,Prepaid_UPI,122,3,0,306.5,1,0,1.0,0
1738,85237,Apparel,1147.97,0.0,Prepaid_Card,621,14,2,300.4,6,1,4.0,0
1739,35211,Home,14210.32,33.7,COD,137,6,0,475.9,8,0,2.0,1
1740,67654,Footwear,3988.1,27.2,Prepaid_Card,307,5,1,224.3,3,1,2.0,0
1741,14581,Apparel,1518.85,22.1,Prepaid_Card,656,15,0,224.8,5,1,,0
1742,87315,Apparel,1636.39,10.4,Prepaid_Card,213,12,1,242.4,2,1,,1
1743,74915,Apparel,1704.21,33.5,Prepaid_UPI,105,2,0,404.1,5,1,1.0,0
1744,95391,Beauty,2182.26,16.4,Wallet,48,1,0,123.6,3,1,3.0,0
1745,67948,Footwear,3542.52,19.5,Prepaid_UPI,850,15,0,194.4,4,0,2.0,0
1746,67703,Home,13192.65,19.2,Prepaid_Card,628,11,3,229.1,6,1,5.0,1
1747,76544,Footwear,5228.43,26.3,Prepaid_Card,382,8,0,81.0,5,0,4.0,0
1748,74088,Home,6912.74,3.9,Prepaid_Card,45,2,0,180.9,4,1,3.0,0
1749,98014,Electronics,9258.27,27.9,COD,88,3,0,299.0,3,0,5.0,0
1750,17240,Electronics,29256.13,9.9,Prepaid_UPI,45,1,0,95.6,6,0,4.0,0
1751,54040,Home,9500.72,10.4,Prepaid_UPI,22,2,0,356.2,2,0,2.0,0
1752,81497,Apparel,1475.27,32.4,COD,758,13,4,241.8,7,1,3.0,0
1753,25515,Beauty,2688.15,6.1,Wallet,103,3,0,443.3,5,1,1.0,0
1754,97797,Footwear,1011.61,32.4,Prepaid_UPI,50,1,0,440.1,2,0,5.0,0
1755,64939,Electronics,15083.51,21.4,Prepaid_Card,823,18,1,545.9,1,0,2.0,0
1756,52516,Home,13053.95,0.0,Wallet,146,2,0,242.2,4,0,4.0,0
1757,17747,Apparel,2369.74,39.1,COD,1089,21,6,331.3,4,1,,1
1758,46540,Beauty,1363.89,24.3,COD,557,8,1,258.0,5,0,,0
1759,96481,Beauty,699.04,25.5,COD,156,4,1,194.8,2,1,1.0,0
1760,72926,Beauty,1347.94,34.1,Prepaid_Card,20,1,0,215.2,6,0,1.0,1
1761,75239,Electronics,23352.16,41.0,COD,103,1,0,160.5,1,0,5.0,0
1762,29081,Apparel,1467.07,22.8,Wallet,181,3,1,107.0,5,1,3.0,0
1763,45355,Apparel,939.86,28.6,COD,123,0,0,230.1,3,0,1.0,1
1764,20576,Apparel,1022.15,25.2,COD,45,2,0,269.7,5,0,5.0,0
1765,79034,Apparel,1759.51,15.2,Prepaid_Card,149,3,2,167.6,7,1,5.0,1
1766,93516,Apparel,1686.86,0.0,COD,132,1,0,172.3,6,0,4.0,1
1767,46281,Beauty,2036.99,23.0,Prepaid_UPI,147,5,0,553.9,5,1,3.0,0
1768,16065,Apparel,1161.16,39.3,COD,413,11,3,190.4,7,1,3.0,1
1769,92931,Apparel,1073.38,28.2,Wallet,1170,21,2,87.1,7,0,3.0,0
1770,72589,Footwear,2433.46,5.1,Prepaid_UPI,236,5,0,227.3,8,1,2.0,1
1771,53073,Home,14292.06,35.4,COD,35,0,0,219.8,3,0,1.0,0
1772,37131,Footwear,2673.85,15.7,COD,680,15,1,220.1,6,1,1.0,0
1773,36806,Home,9288.92,0.0,COD,404,0,0,239.0,6,1,,1
1774,10951,Beauty,1640.1,34.3,Wallet,80,2,2,179.1,5,1,2.0,1
1775,69690,Home,13205.22,6.8,Prepaid_UPI,446,12,1,139.0,7,0,3.0,0
1776,31488,Home,5852.19,44.9,Prepaid_Card,511,11,0,53.8,5,0,4.0,0
1777,25344,Footwear,2887.79,36.1,COD,63,0,0,103.9,2,1,3.0,1
1778,84616,Electronics,42296.92,16.8,Prepaid_UPI,170,9,0,304.9,7,0,5.0,0
1779,30919,Electronics,8886.92,26.4,COD,290,9,0,544.4,3,0,2.0,0
1780,11832,Electronics,30120.43,53.9,Prepaid_UPI,195,2,0,138.9,1,0,4.0,0
1781,52438,Apparel,1209.8,34.0,Prepaid_UPI,51,0,0,177.0,11,0,5.0,0
1782,29147,Footwear,5921.85,23.3,COD,897,13,2,224.3,2,0,1.0,0
1783,74392,Apparel,1900.98,60.4,Prepaid_Card,73,3,0,649.6,6,1,3.0,0
1784,76364,Apparel,372.7,21.6,COD,36,0,0,222.4,2,0,2.0,1
1785,47488,Apparel,2154.87,28.1,COD,347,9,4,686.8,4,1,4.0,1
1786,98475,Footwear,4367.49,6.9,Wallet,1466,35,0,53.5,3,1,4.0,0
1787,79687,Electronics,28487.08,0.0,Prepaid_UPI,574,12,1,62.8,3,0,3.0,0
1788,69790,Footwear,1798.71,16.0,Prepaid_UPI,245,2,1,504.5,6,1,5.0,0
1789,44048,Beauty,575.55,20.5,Prepaid_Card,243,9,2,110.3,9,1,1.0,1
1790,58057,Apparel,1701.06,24.6,COD,411,9,0,197.7,5,1,1.0,0
1791,38431,Footwear,2919.67,0.1,Prepaid_UPI,837,18,10,190.1,1,1,5.0,0
1792,45067,Electronics,43219.4,29.2,Prepaid_Card,1363,27,2,72.9,2,0,2.0,0
1793,66454,Apparel,914.1,8.4,COD,54,1,1,202.0,3,1,4.0,1
1794,75876,Footwear,4006.36,28.5,Prepaid_Card,74,1,0,780.3,5,1,2.0,0
1795,61616,Beauty,859.2,33.1,Prepaid_Card,251,1,0,393.6,4,1,1.0,0
1796,29190,Apparel,1718.08,14.5,Prepaid_UPI,354,11,1,83.1,9,1,5.0,1
1797,58428,Home,1201.0,6.5,COD,615,18,1,67.9,4,0,,0
1798,17396,Apparel,1192.17,41.6,Prepaid_UPI,289,9,0,315.9,6,1,,0
1799,36068,Home,3003.94,32.2,COD,450,12,2,564.2,4,1,5.0,0
1800,73133,Home,9286.04,22.1,COD,853,24,4,675.0,4,0,1.0,0
1801,10624,Home,5092.56,40.6,COD,762,13,1,295.2,4,1,4.0,0
1802,91659,Home,11687.22,21.2,Prepaid_UPI,639,11,1,82.4,4,0,3.0,0
1803,77175,Apparel,596.38,11.3,COD,37,0,0,293.8,4,1,,1
1804,88494,Footwear,3559.17,6.0,Prepaid_Card,835,19,2,110.5,5,1,4.0,0
1805,42841,Home,9108.33,18.5,COD,250,4,1,270.0,3,1,3.0,0
1806,43929,Footwear,621.57,30.8,Prepaid_UPI,37,0,0,353.1,9,0,2.0,0
1807,10964,Apparel,427.37,39.5,Prepaid_UPI,67,1,0,142.4,5,1,4.0,1
1808,94461,Electronics,16103.77,20.3,COD,163,3,0,477.4,6,0,,0
1809,33543,Electronics,30844.7,37.0,Wallet,192,6,0,205.8,4,0,4.0,0
1810,17273,Apparel,2419.65,17.0,COD,394,8,4,194.6,2,0,,1
1811,21035,Apparel,545.18,9.1,COD,2173,42,6,138.8,2,0,2.0,0
1812,15861,Electronics,35454.98,1.7,Prepaid_Card,107,3,0,309.0,4,1,4.0,0
1813,14386,Footwear,4309.94,12.9,Prepaid_UPI,552,17,1,339.5,4,1,5.0,1
1814,58995,Apparel,1789.37,2.2,COD,598,13,4,27.5,5,0,2.0,0
1815,38148,Footwear,3338.81,48.1,Prepaid_Card,971,24,0,495.4,5,1,1.0,1
1816,72270,Home,14518.98,26.2,COD,209,3,1,186.9,4,0,1.0,1
1817,21711,Footwear,3259.76,18.7,Prepaid_Card,430,11,3,262.6,10,1,3.0,1
1818,34673,Electronics,42076.56,44.1,Prepaid_UPI,109,0,0,195.8,5,0,1.0,0
1819,58036,Electronics,13863.51,1.8,Wallet,160,2,0,285.4,4,1,5.0,1
1820,62816,Home,12191.47,18.1,Prepaid_Card,119,1,0,364.0,4,1,5.0,0
1821,98799,Beauty,2990.16,48.0,Prepaid_Card,562,13,0,227.3,6,1,4.0,0
1822,15077,Electronics,45594.21,18.0,Prepaid_Card,985,19,2,189.8,4,1,5.0,0
1823,49202,Home,4909.04,54.3,COD,351,3,1,218.8,6,1,3.0,0
1824,90897,Home,12769.28,31.0,COD,77,3,0,289.1,4,1,1.0,0
1825,71645,Footwear,1023.91,38.3,Wallet,645,15,1,229.5,4,0,4.0,1
1826,60343,Apparel,1807.07,38.7,COD,619,14,0,283.7,2,0,1.0,1
1827,97255,Home,5461.12,20.0,Prepaid_UPI,43,3,0,256.9,7,1,1.0,0
1828,94989,Electronics,33274.83,13.2,COD,1167,25,3,227.3,2,1,4.0,0
1829,59816,Beauty,1324.91,18.4,Prepaid_UPI,250,6,1,219.2,6,1,2.0,0
1830,62335,Electronics,1442.62,6.2,COD,13,0,0,220.4,3,0,3.0,1
1831,95651,Electronics,12332.55,19.1,Wallet,628,13,5,188.0,6,1,1.0,0
1832,86290,Beauty,270.8,19.9,Prepaid_UPI,87,2,1,147.9,7,1,2.0,1
1833,58460,Electronics,21936.23,43.6,COD,1188,33,0,196.0,3,0,,0
1834,95504,Apparel,2156.15,28.3,Prepaid_UPI,80,4,0,225.5,3,0,2.0,0
1835,16208,Apparel,1936.69,53.1,Prepaid_Card,370,9,1,336.0,9,1,5.0,0
1836,52293,Apparel,2046.16,0.0,COD,656,16,1,350.3,5,0,2.0,1
1837,82383,Apparel,2085.48,3.0,COD,32,0,0,525.6,6,1,,0
1838,39691,Electronics,19225.05,15.0,Prepaid_UPI,1161,26,0,277.4,2,0,1.0,0
1839,87234,Footwear,3283.14,40.9,Prepaid_UPI,755,19,2,45.3,2,1,3.0,1
1840,39050,Footwear,3296.48,18.5,COD,26,0,0,209.2,5,1,,0
1841,79451,Apparel,593.4,0.0,Prepaid_UPI,1231,27,0,216.4,4,1,1.0,0
1842,43296,Home,9173.06,16.6,COD,138,0,0,182.4,2,0,2.0,0
1843,78853,Apparel,1898.39,3.2,COD,772,15,3,46.9,5,1,5.0,0
1844,33796,Beauty,1891.26,0.5,Prepaid_Card,1124,22,1,339.8,1,1,3.0,0
1845,40585,Apparel,1953.83,48.0,COD,383,11,3,257.2,5,1,3.0,0
1846,94694,Home,2223.92,15.1,COD,25,5,0,175.5,3,1,5.0,0
1847,79958,Electronics,38309.04,22.4,Prepaid_Card,932,26,3,109.0,6,0,4.0,1
1848,57487,Home,3518.03,18.7,COD,1724,35,7,222.8,5,1,1.0,0
1849,19431,Electronics,43964.51,16.5,COD,229,3,3,747.9,6,1,3.0,0
1850,64521,Footwear,1847.12,8.2,Prepaid_UPI,197,2,1,257.1,7,1,4.0,1
1851,46772,Apparel,1407.78,15.7,Prepaid_Card,83,0,0,234.6,3,1,2.0,0
1852,16188,Beauty,1538.71,24.7,Prepaid_UPI,666,11,1,112.0,3,0,1.0,0
1853,32377,Home,4398.33,39.9,Prepaid_Card,393,7,0,300.4,7,1,2.0,0
1854,89419,Footwear,2489.4,33.3,Prepaid_Card,56,3,0,162.8,8,1,3.0,1
1855,75114,Footwear,1520.78,2.9,COD,120,0,0,307.7,7,1,,0
1856,17227,Beauty,1774.79,33.8,Prepaid_UPI,152,6,0,61.1,1,0,1.0,0
1857,78129,Apparel,2313.01,26.7,COD,1,4,0,122.6,6,1,5.0,0
1858,56385,Apparel,1030.71,11.3,COD,329,8,0,159.3,3,1,1.0,0
1859,86088,Apparel,1442.33,22.5,Prepaid_UPI,43,4,0,192.4,6,1,2.0,0
1860,87917,Apparel,2203.04,28.0,Prepaid_UPI,447,5,0,507.2,4,0,1.0,0
1861,72500,Home,7061.24,20.7,Prepaid_Card,172,2,0,430.8,4,0,2.0,1
1862,19432,Beauty,2519.09,26.7,COD,111,3,0,279.1,4,1,2.0,0
1863,26911,Beauty,1422.21,7.9,COD,273,6,2,112.0,3,1,,1
1864,84815,Home,6883.52,47.9,Prepaid_Card,24,4,0,115.0,2,0,2.0,0
1865,35208,Home,2779.98,0.0,Prepaid_UPI,103,0,0,405.4,4,0,4.0,1
1866,74375,Beauty,506.19,28.1,Prepaid_Card,61,0,0,184.6,5,1,1.0,0
1867,57775,Beauty,1892.77,25.1,COD,874,19,6,144.6,7,1,5.0,1
1868,58645,Apparel,2128.77,29.0,COD,792,16,3,171.4,6,0,2.0,0
1869,68769,Home,2463.39,10.1,Prepaid_Card,179,0,0,209.4,4,0,3.0,0
1870,40102,Footwear,5505.52,36.4,Prepaid_UPI,28,0,0,265.9,4,0,2.0,1
1871,52436,Electronics,18585.11,18.5,COD,541,11,0,203.3,1,1,2.0,0
1872,75184,Electronics,21837.6,3.4,COD,252,9,1,48.9,4,1,5.0,0
1873,79484,Beauty,2699.19,4.7,COD,152,0,0,240.4,5,0,3.0,1
1874,94671,Beauty,2704.44,21.7,COD,85,4,0,275.3,3,1,4.0,1
1875,26906,Beauty,1645.85,0.0,Prepaid_Card,130,6,2,270.3,3,1,4.0,1
1876,24721,Footwear,2022.21,45.2,COD,1171,24,2,204.6,1,0,1.0,1
1877,89142,Apparel,719.67,34.7,Prepaid_Card,406,9,0,106.4,2,1,1.0,0
1878,10542,Electronics,14307.42,45.6,Prepaid_UPI,306,8,1,81.4,2,0,4.0,0
1879,82612,Home,11819.1,44.1,Wallet,353,9,1,171.3,3,0,2.0,0
1880,10392,Home,5206.57,15.1,Wallet,33,0,0,341.3,1,0,3.0,1
1881,53358,Home,10571.14,7.8,COD,812,16,0,146.7,4,0,5.0,1
1882,98939,Home,3330.41,0.0,COD,231,7,1,970.9,4,1,3.0,1
1883,62402,Electronics,24446.68,14.3,COD,681,14,0,378.6,5,1,2.0,0
1884,60152,Footwear,2436.58,44.7,Prepaid_UPI,199,4,3,178.9,4,0,2.0,1
1885,66978,Electronics,25677.0,8.4,COD,271,6,4,168.1,6,0,4.0,1
1886,55605,Electronics,28927.32,17.1,COD,273,8,1,191.9,8,1,4.0,0
1887,12372,Apparel,2480.51,12.2,COD,11,6,1,224.8,2,1,4.0,0
1888,27111,Apparel,2284.77,25.2,COD,170,1,0,96.7,2,0,1.0,0
1889,69819,Beauty,2133.22,38.0,Prepaid_UPI,33,0,0,155.5,5,1,1.0,0
1890,37520,Electronics,8533.43,0.0,Prepaid_UPI,1506,29,6,504.4,6,0,2.0,0
1891,43415,Apparel,2325.91,1.1,Prepaid_Card,246,9,4,298.0,2,1,4.0,0
1892,64728,Footwear,5409.22,40.8,Wallet,601,13,0,189.2,8,1,4.0,0
1893,14096,Home,13357.2,30.3,COD,520,10,1,274.4,3,0,,0
1894,23385,Apparel,1379.89,16.4,COD,299,6,0,196.2,4,0,5.0,1
1895,64292,Electronics,9364.63,43.9,COD,666,15,0,360.3,6,0,3.0,0
1896,55032,Apparel,1971.97,0.9,Prepaid_UPI,726,13,3,604.0,7,0,,0
1897,69283,Home,6133.47,33.0,Prepaid_Card,421,12,5,223.0,3,1,5.0,0
1898,11489,Apparel,1090.82,19.0,COD,62,3,0,99.8,6,1,,0
1899,67045,Apparel,1190.18,28.5,Wallet,217,7,2,112.3,4,1,2.0,0
1900,76900,Apparel,1552.0,0.0,COD,142,1,0,403.2,2,0,2.0,0
1901,98497,Home,5336.02,16.4,COD,1392,28,6,590.9,3,0,5.0,0
1902,28025,Apparel,1833.33,30.3,Prepaid_Card,60,0,0,148.7,2,0,,0
1903,81677,Footwear,4062.48,19.1,Wallet,431,11,4,144.6,6,0,,1
1904,98092,Apparel,1444.05,37.6,Prepaid_UPI,710,17,7,302.1,2,0,3.0,0
1905,39922,Home,1282.61,37.1,Wallet,153,1,0,94.6,5,0,5.0,0
1906,96580,Electronics,46890.59,6.6,COD,14,2,1,302.0,4,0,,1
1907,60102,Electronics,21173.12,31.5,Prepaid_Card,151,0,0,325.7,5,0,1.0,0
1908,18328,Apparel,1316.32,6.1,Prepaid_UPI,228,3,0,137.5,4,0,4.0,0
1909,76533,Footwear,3008.18,20.8,Prepaid_Card,98,2,1,63.6,3,1,5.0,0
1910,52990,Beauty,1190.33,29.2,COD,241,1,0,135.4,5,0,5.0,0
1911,16755,Apparel,1800.36,8.3,Wallet,476,7,0,344.5,5,1,2.0,1
1912,35713,Apparel,379.92,31.0,COD,679,19,1,285.4,3,0,4.0,0
1913,55840,Beauty,2639.5,12.9,Prepaid_Card,21,4,1,206.7,10,1,3.0,0
1914,59621,Home,1985.37,11.9,Prepaid_UPI,463,17,6,416.3,2,1,5.0,0
1915,51857,Apparel,2499.38,29.9,Wallet,295,7,0,272.0,6,1,3.0,0
1916,61479,Apparel,1700.38,8.3,Wallet,373,10,0,254.1,6,0,4.0,0
1917,74641,Home,1460.57,7.6,Prepaid_UPI,188,3,2,82.3,4,0,2.0,0
1918,78221,Footwear,3593.4,34.6,COD,1395,29,0,281.9,5,1,,0
1919,55204,Home,5303.96,21.5,Wallet,31,3,0,342.4,5,1,4.0,0
1920,67640,Beauty,2866.17,0.0,Prepaid_Card,112,6,1,579.9,4,0,4.0,0
1921,85258,Electronics,38018.08,32.0,Prepaid_UPI,168,6,0,153.1,3,1,5.0,0
1922,25369,Electronics,25843.72,14.3,COD,332,4,0,207.3,4,0,1.0,0
1923,44040,Electronics,22059.09,0.4,Prepaid_UPI,1348,31,4,458.6,3,0,3.0,1
1924,57442,Electronics,49797.57,0.0,Prepaid_Card,99,0,0,322.6,7,1,1.0,0
1925,33155,Apparel,1784.88,32.6,Prepaid_UPI,259,4,1,308.1,6,0,1.0,0
1926,94419,Apparel,1454.95,8.0,COD,557,17,7,117.8,5,0,5.0,0
1927,58770,Electronics,20499.26,2.6,COD,36,0,0,208.3,3,0,4.0,0
1928,12938,Footwear,2285.21,29.0,Prepaid_Card,309,13,6,334.8,4,0,5.0,0
1929,21669,Apparel,1866.65,31.3,COD,761,18,5,135.2,3,1,,0
1930,13914,Electronics,29806.39,9.0,Prepaid_UPI,702,14,2,240.3,4,1,1.0,1
1931,33383,Home,12798.68,32.8,COD,235,5,0,200.6,1,0,5.0,1
1932,32200,Home,8526.63,48.8,Prepaid_Card,788,15,7,317.0,3,0,2.0,0
1933,22433,Footwear,3702.82,38.9,COD,73,0,0,272.5,2,0,,0
1934,78761,Footwear,3125.46,36.7,COD,6,0,0,51.2,3,1,5.0,0
1935,36965,Footwear,4694.42,24.4,Prepaid_Card,200,3,0,203.3,8,0,5.0,0
1936,99922,Apparel,1242.23,13.8,COD,40,0,0,539.5,4,1,1.0,0
1937,17284,Electronics,42745.04,19.2,COD,240,4,0,386.7,5,1,2.0,0
1938,26308,Home,5242.15,26.2,COD,142,0,0,197.3,4,0,5.0,0
1939,68628,Apparel,1839.14,2.4,COD,1391,27,12,356.5,6,0,,1
1940,36182,Apparel,2269.89,9.2,Prepaid_Card,71,0,0,176.4,4,0,5.0,0
1941,86066,Apparel,2003.51,0.0,COD,210,9,1,315.9,3,0,2.0,0
1942,87596,Electronics,17787.8,23.3,COD,473,11,1,148.8,3,1,5.0,0
1943,42064,Electronics,35610.61,21.2,Prepaid_UPI,179,5,0,621.6,3,0,2.0,0
1944,68657,Apparel,795.02,10.9,Prepaid_Card,952,21,0,202.2,8,0,5.0,0
1945,50147,Footwear,819.91,31.5,Prepaid_Card,997,23,0,236.6,5,0,2.0,0
1946,38015,Beauty,2405.44,5.4,COD,246,8,2,415.9,3,0,3.0,0
1947,15195,Apparel,2087.22,10.3,Wallet,65,2,2,233.0,6,1,4.0,1
1948,72887,Beauty,215.35,30.9,Prepaid_Card,1039,28,2,257.1,7,0,5.0,0
1949,37684,Apparel,2387.76,33.0,COD,226,4,0,254.8,3,1,2.0,0
1950,26138,Beauty,1420.81,8.9,Wallet,427,11,0,282.8,4,0,1.0,0
1951,21099,Beauty,2730.03,23.2,Prepaid_UPI,110,4,4,115.2,5,1,3.0,0
1952,74001,Apparel,2044.58,9.1,Prepaid_Card,1232,24,2,297.6,3,0,1.0,0
1953,44212,Footwear,5453.59,17.2,Prepaid_UPI,345,7,0,169.7,4,1,2.0,1
1954,19865,Beauty,2525.12,22.0,COD,2600,52,7,156.3,4,1,4.0,0
1955,60626,Beauty,2925.89,27.8,Prepaid_UPI,50,0,0,193.2,4,1,2.0,0
1956,61553,Beauty,1942.94,24.4,Prepaid_UPI,178,3,1,95.1,11,0,1.0,0
1957,84342,Home,3795.25,23.8,COD,718,14,0,191.9,3,0,1.0,0
1958,53999,Apparel,1187.56,4.9,COD,44,0,0,109.4,2,1,4.0,0
1959,27555,Footwear,4635.34,25.4,COD,9,1,0,48.0,6,0,1.0,0
1960,49312,Home,2776.05,27.7,Wallet,426,6,3,354.0,5,0,4.0,0
1961,75431,Home,13982.71,29.6,COD,40,6,3,191.2,4,0,,1
1962,59189,Electronics,11058.67,9.9,COD,680,16,0,264.8,6,1,4.0,0
1963,34762,Home,13201.63,32.8,Prepaid_UPI,1043,20,1,320.7,2,0,5.0,0
1964,98965,Apparel,1390.01,1.6,Prepaid_UPI,309,8,0,466.3,5,1,1.0,0
1965,88097,Footwear,5123.41,14.0,COD,52,4,0,194.6,4,1,,0
1966,58117,Apparel,2410.34,16.1,Prepaid_UPI,266,7,1,229.6,5,1,5.0,0
1967,82426,Footwear,2821.81,2.3,Prepaid_Card,426,6,0,307.5,5,0,2.0,1
1968,23766,Footwear,4331.32,15.9,Prepaid_UPI,1303,35,16,76.3,9,1,4.0,0
1969,77544,Electronics,12109.16,23.1,COD,62,3,1,178.5,3,0,3.0,0
1970,27186,Home,12111.39,0.0,COD,1,0,0,224.1,3,0,2.0,0
1971,83732,Electronics,41176.36,14.5,Prepaid_Card,77,2,1,158.2,6,0,5.0,0
1972,31652,Beauty,991.45,0.0,COD,219,4,1,159.1,7,0,3.0,0
1973,58784,Footwear,632.77,48.6,Prepaid_Card,20,0,0,137.4,2,1,4.0,0
1974,75793,Electronics,22129.06,23.0,COD,137,0,0,895.4,5,1,2.0,0
1975,12205,Apparel,715.5,21.8,Prepaid_UPI,159,3,1,223.7,2,0,4.0,0
1976,26631,Apparel,2109.88,23.2,Prepaid_UPI,52,0,0,131.5,2,0,4.0,0
1977,29816,Electronics,13793.77,28.5,Prepaid_UPI,212,3,0,196.7,4,1,,0
1978,28646,Beauty,2839.52,33.7,Wallet,137,4,2,125.3,3,0,3.0,0
1979,80858,Footwear,5844.95,0.0,Wallet,87,0,0,235.9,2,0,3.0,0
1980,98020,Apparel,2304.0,38.3,Prepaid_Card,226,4,0,265.7,3,0,2.0,0
1981,47552,Beauty,1858.9,37.4,COD,512,13,2,471.2,3,0,3.0,1
1982,78130,Electronics,14103.97,19.1,Prepaid_UPI,424,6,2,86.8,6,0,5.0,0
1983,30280,Beauty,2450.69,18.3,Wallet,383,6,0,385.3,3,1,5.0,0
1984,44218,Apparel,1858.43,0.0,Wallet,1149,21,3,231.7,5,0,2.0,0
1985,24825,Home,14668.94,2.6,Prepaid_UPI,34,0,0,344.6,1,1,5.0,0
1986,62604,Beauty,1225.17,27.3,COD,198,4,0,395.5,4,0,,0
1987,35977,Apparel,476.35,36.8,Wallet,54,3,1,440.6,6,1,3.0,1
1988,51974,Footwear,5991.12,30.2,Wallet,918,17,2,106.9,4,0,2.0,0
1989,70608,Beauty,2539.05,18.9,Prepaid_UPI,686,17,3,318.0,6,1,3.0,0
1990,65536,Apparel,826.2,47.0,Prepaid_UPI,857,19,0,133.6,1,0,3.0,0
1991,50093,Apparel,1910.1,34.1,Prepaid_Card,249,1,0,131.0,2,0,3.0,0
1992,95837,Home,510.01,14.5,Wallet,195,4,1,287.9,6,1,2.0,0
1993,90047,Electronics,28332.64,50.5,COD,182,7,1,295.9,6,0,5.0,0
1994,80709,Apparel,1130.1,4.7,Prepaid_UPI,383,2,0,332.9,8,1,3.0,0
1995,13022,Electronics,19685.32,0.0,COD,403,14,5,169.1,6,1,1.0,0
1996,57081,Footwear,1844.86,14.1,COD,542,10,3,268.5,7,0,5.0,0
1997,98648,Apparel,940.92,9.4,COD,154,0,0,281.8,3,1,1.0,0
1998,23190,Electronics,23278.76,14.9,Prepaid_Card,797,18,8,200.3,4,1,1.0,0
1999,60288,Footwear,1864.8,31.2,COD,893,22,6,417.3,2,0,3.0,0
2000,15675,Home,7263.38,19.5,Wallet,113,1,0,64.7,7,1,5.0,0
2001,74340,Footwear,3675.41,19.9,Prepaid_Card,305,7,4,126.0,4,1,5.0,0
2002,53834,Electronics,35844.46,20.8,Prepaid_UPI,469,16,7,415.0,5,0,5.0,0
2003,31936,Beauty,2079.87,0.0,COD,313,7,5,287.2,1,1,3.0,0
2004,15942,Home,4008.84,0.0,COD,1975,52,15,702.3,1,1,4.0,0
2005,20164,Apparel,434.26,14.6,Prepaid_UPI,827,22,6,326.4,8,1,2.0,1
2006,98199,Beauty,2523.14,8.2,Prepaid_UPI,161,3,0,151.4,11,1,3.0,0
2007,86717,Electronics,43743.33,16.8,Prepaid_Card,129,3,0,395.1,5,1,5.0,0
2008,55478,Apparel,2454.61,39.7,Prepaid_UPI,109,1,0,437.2,8,0,3.0,1
2009,94887,Apparel,2413.38,19.0,Prepaid_UPI,120,3,0,275.2,3,1,1.0,0
2010,24570,Footwear,3985.98,1.5,Prepaid_Card,27,2,1,117.4,1,1,4.0,1
2011,16221,Apparel,2272.68,8.9,Wallet,637,12,2,270.9,8,1,4.0,0
2012,31028,Apparel,1313.22,43.9,Prepaid_UPI,18,0,0,180.1,4,0,5.0,0
2013,49711,Apparel,2042.77,41.5,Prepaid_UPI,86,5,0,157.9,4,0,5.0,0
2014,30469,Electronics,47811.39,28.3,COD,849,21,6,253.2,8,0,2.0,1
2015,96257,Electronics,40017.65,0.0,COD,213,0,0,68.1,4,0,5.0,0
2016,56149,Home,6528.6,24.3,COD,680,15,3,213.0,2,0,,0
2017,31275,Apparel,1162.18,25.4,Prepaid_UPI,364,11,7,152.8,2,0,5.0,1
2018,49608,Apparel,976.82,20.4,Prepaid_UPI,81,4,2,118.8,4,0,2.0,0
2019,99022,Home,5822.42,12.0,COD,182,1,0,188.4,6,1,3.0,0
2020,66473,Electronics,41208.26,14.9,Prepaid_Card,247,8,1,172.9,4,0,3.0,0
2021,19028,Home,10671.75,11.0,COD,599,13,6,393.7,4,1,5.0,0
2022,46143,Apparel,887.24,4.0,COD,85,3,1,222.2,3,1,3.0,0
2023,91100,Apparel,1879.8,39.1,Wallet,1113,21,1,289.4,3,1,2.0,1
2024,70769,Apparel,1165.7,32.4,Prepaid_Card,135,0,0,461.2,8,1,,1
2025,66082,Electronics,28330.85,16.0,COD,481,8,0,153.9,4,1,3.0,1
2026,43863,Electronics,19148.09,24.9,Prepaid_Card,388,10,2,229.1,3,1,1.0,0
2027,92250,Footwear,3368.96,25.5,COD,901,19,1,310.9,8,0,1.0,1
2028,37619,Electronics,36760.39,52.8,Prepaid_UPI,146,5,2,245.8,4,1,5.0,0
2029,27208,Home,11101.39,32.2,Wallet,357,11,1,209.2,4,1,1.0,0
2030,13649,Home,11421.15,31.7,Prepaid_Card,608,12,2,196.5,4,1,5.0,0
2031,77674,Apparel,1190.73,20.5,Prepaid_Card,337,6,1,278.9,1,0,3.0,1
2032,81591,Home,10512.18,13.9,COD,419,2,0,135.8,4,0,5.0,0
2033,13585,Electronics,12696.87,39.4,Prepaid_Card,338,2,0,131.6,5,1,3.0,0
2034,55200,Electronics,24393.99,29.1,COD,1207,22,1,509.4,4,1,2.0,0
2035,31911,Apparel,1603.68,8.4,COD,1368,32,6,63.5,6,1,3.0,1
2036,27841,Footwear,4275.65,26.4,Prepaid_UPI,132,1,0,141.5,2,1,2.0,1
2037,90836,Beauty,2749.19,31.7,Prepaid_Card,291,4,0,329.3,5,1,2.0,0
2038,51232,Apparel,1005.25,0.0,Prepaid_Card,303,4,0,396.8,3,1,1.0,0
2039,70519,Home,12756.65,7.1,COD,562,10,0,96.9,6,0,3.0,1
2040,39648,Footwear,2211.18,25.1,Prepaid_UPI,216,7,1,420.2,8,1,4.0,1
2041,71179,Apparel,1536.61,0.0,COD,348,8,6,955.5,7,1,4.0,1
2042,29405,Footwear,5054.55,0.0,Prepaid_Card,170,6,2,475.2,5,1,1.0,0
2043,48539,Home,10985.67,16.2,Prepaid_UPI,423,2,1,215.2,4,0,1.0,1
2044,69827,Beauty,2609.18,26.9,Prepaid_Card,284,7,1,215.2,4,0,4.0,1
2045,27029,Beauty,2472.41,27.5,Wallet,414,7,2,262.2,2,1,3.0,0
2046,51790,Apparel,944.15,42.2,COD,45,0,0,124.8,6,0,2.0,0
2047,57319,Electronics,49653.9,21.2,Prepaid_UPI,354,11,0,173.9,1,1,3.0,0
2048,48770,Home,14086.48,14.8,Wallet,191,3,1,209.5,4,1,,0
2049,33260,Apparel,1274.88,1.7,Prepaid_Card,893,21,4,349.8,8,1,2.0,0
2050,52122,Electronics,3313.26,14.6,Prepaid_UPI,83,0,0,335.4,1,0,1.0,1
2051,32694,Beauty,1014.97,29.9,COD,766,17,1,117.3,5,1,1.0,1
2052,68688,Apparel,2147.73,30.5,Prepaid_UPI,38,0,0,200.6,6,0,5.0,0
2053,36582,Electronics,47592.65,23.7,Wallet,23,0,0,101.4,3,0,2.0,1
2054,81851,Footwear,5074.2,27.7,Prepaid_UPI,552,13,1,435.6,2,1,1.0,0
2055,37448,Electronics,20440.42,37.9,Wallet,86,5,3,193.7,1,0,2.0,1
2056,51631,Electronics,3770.29,21.1,Prepaid_Card,1,0,0,273.4,4,0,1.0,0
2057,55201,Beauty,1625.11,39.1,Prepaid_Card,180,2,0,224.8,3,0,1.0,0
2058,58822,Electronics,19442.74,9.8,COD,267,4,0,329.0,2,1,1.0,0
2059,23814,Apparel,614.39,19.0,Prepaid_UPI,105,1,0,115.3,6,0,4.0,0
2060,68091,Apparel,577.58,13.3,Prepaid_UPI,314,4,0,78.0,3,1,2.0,0
2061,57281,Beauty,586.16,31.1,Prepaid_Card,299,0,0,88.6,5,1,,0
2062,25755,Apparel,792.52,5.8,COD,590,9,0,117.0,3,1,4.0,0
2063,67053,Home,11429.9,15.5,Prepaid_Card,777,17,1,104.1,6,0,3.0,1
2064,79405,Apparel,1170.66,0.0,Prepaid_UPI,590,12,2,145.4,5,1,3.0,0
2065,53944,Electronics,22409.97,28.3,Wallet,540,13,2,160.0,7,0,1.0,0
2066,12976,Beauty,1855.39,37.5,COD,457,12,3,65.3,1,1,3.0,0
2067,71081,Home,14421.94,32.7,COD,321,5,0,225.3,3,1,1.0,0
2068,31361,Beauty,2305.94,31.4,Prepaid_Card,13,0,0,286.0,6,0,3.0,1
2069,65261,Apparel,1738.28,31.8,COD,538,13,1,107.9,3,1,1.0,0
2070,98644,Home,11285.57,29.8,Wallet,128,2,0,238.3,4,0,4.0,0
2071,39248,Beauty,2199.98,28.6,Prepaid_Card,44,0,0,126.4,6,0,3.0,0
2072,66202,Electronics,34822.21,29.5,Prepaid_Card,15,3,1,411.7,4,0,4.0,1
2073,86824,Apparel,1417.28,10.8,COD,60,2,0,275.8,5,1,,0
2074,47974,Beauty,1765.51,17.2,Prepaid_Card,80,2,0,453.4,4,1,3.0,0
2075,46799,Electronics,23613.08,21.0,Wallet,26,1,0,515.8,4,1,5.0,0
2076,76263,Home,6226.9,15.3,Prepaid_Card,563,15,1,53.1,2,1,1.0,0
2077,98428,Beauty,921.69,0.0,COD,315,4,0,224.2,4,0,,1
2078,45126,Apparel,1113.71,2.7,COD,66,0,0,433.0,6,0,1.0,0
2079,56324,Electronics,21997.95,23.2,Wallet,301,5,0,377.2,4,0,1.0,0
2080,42525,Apparel,1595.67,32.7,Wallet,9,0,0,141.8,5,1,2.0,0
2081,28960,Electronics,25493.88,20.1,COD,721,15,1,166.8,4,0,1.0,0
2082,77532,Apparel,582.09,58.7,Prepaid_Card,282,6,2,216.5,5,0,1.0,1
2083,12003,Footwear,2369.86,7.1,COD,297,6,0,463.6,3,1,4.0,0
2084,52084,Apparel,1158.82,26.2,Prepaid_Card,95,1,0,376.9,2,1,2.0,0
2085,73848,Home,10750.43,38.1,COD,299,11,1,495.1,6,1,4.0,0
2086,52389,Apparel,1065.72,34.9,Prepaid_UPI,259,8,2,415.6,2,1,5.0,0
2087,19301,Electronics,1389.83,29.2,Wallet,747,16,7,224.9,3,1,2.0,0
2088,20034,Electronics,5132.49,35.0,COD,129,3,0,636.2,4,0,2.0,0
2089,42390,Footwear,3233.49,20.8,Prepaid_Card,861,23,3,93.8,1,0,2.0,0
2090,84263,Electronics,10236.28,43.3,COD,1312,27,0,201.8,3,1,5.0,1
2091,35123,Electronics,25236.5,38.0,COD,249,2,0,208.8,3,1,1.0,0
2092,41146,Beauty,1786.49,8.1,COD,1423,32,5,406.4,4,0,4.0,0
2093,90044,Home,14034.85,24.5,COD,896,21,3,170.9,4,1,2.0,0
2094,60840,Apparel,1759.5,0.0,Wallet,325,8,0,568.2,4,1,1.0,0
2095,92706,Beauty,238.47,41.3,COD,435,12,4,314.4,4,0,3.0,0
2096,46885,Electronics,19655.8,23.1,Prepaid_UPI,284,4,2,185.7,7,1,4.0,0
2097,56998,Apparel,2055.93,38.9,COD,530,7,2,114.8,9,0,5.0,0
2098,64752,Electronics,13767.56,18.5,Prepaid_Card,17,0,0,45.4,5,0,4.0,0
2099,81702,Apparel,2338.69,0.0,Prepaid_Card,278,7,0,50.2,4,1,1.0,0
2100,57428,Apparel,1487.37,56.9,Wallet,15,0,0,205.4,3,0,4.0,0
2101,46652,Footwear,1008.46,21.8,COD,1566,28,5,761.2,3,1,,0
2102,96268,Apparel,869.59,6.0,COD,971,22,8,307.8,4,1,1.0,0
2103,38340,Footwear,5484.65,36.0,Prepaid_UPI,80,0,0,355.7,7,1,1.0,1
2104,96196,Beauty,2975.66,48.5,Prepaid_UPI,96,0,0,138.0,2,1,1.0,0
2105,72587,Home,13013.73,17.2,Prepaid_UPI,217,5,0,141.8,5,0,,0
2106,25349,Footwear,2263.72,18.6,COD,449,8,4,59.5,3,1,5.0,1
2107,70755,Footwear,4728.5,23.3,COD,408,14,0,419.6,6,1,,0
2108,90384,Beauty,783.35,4.4,Prepaid_UPI,134,3,0,43.1,4,0,4.0,0
2109,21951,Electronics,19841.59,10.3,Prepaid_Card,192,6,1,248.9,3,1,3.0,1
2110,49456,Apparel,1848.91,44.9,Prepaid_Card,63,1,0,218.5,3,1,3.0,0
2111,89725,Home,14549.07,18.1,COD,87,0,0,227.8,8,1,4.0,1
2112,52139,Home,6868.38,8.3,COD,108,0,0,465.8,4,0,4.0,0
2113,58527,Apparel,1416.05,13.7,Wallet,1092,27,7,239.5,7,1,1.0,1
2114,76461,Home,3692.44,35.0,Prepaid_UPI,908,22,2,133.4,5,1,3.0,0
2115,16049,Apparel,1216.93,0.0,COD,488,6,1,378.5,6,0,2.0,0
2116,55605,Beauty,329.6,23.6,Wallet,472,6,1,409.8,4,1,3.0,0
2117,13214,Apparel,2195.96,54.5,Prepaid_Card,207,1,0,141.6,4,1,2.0,1
2118,74781,Apparel,400.17,48.4,COD,27,3,1,124.5,2,1,5.0,1
2119,57384,Apparel,1819.58,28.0,COD,312,1,0,170.9,2,1,,0
2120,47720,Apparel,937.43,38.4,Prepaid_UPI,36,3,2,159.1,4,0,1.0,0
2121,46929,Apparel,1373.64,38.3,COD,1,1,0,311.4,4,1,5.0,0
2122,75151,Apparel,955.35,18.2,Prepaid_Card,98,2,1,179.2,4,0,2.0,1
2123,82667,Apparel,1210.15,32.9,Prepaid_UPI,315,5,2,253.5,6,1,3.0,1
2124,54203,Apparel,1525.57,45.0,COD,663,18,0,745.9,8,0,1.0,0
2125,85406,Electronics,32403.78,2.3,Wallet,218,5,2,205.7,2,0,4.0,1
2126,20071,Electronics,47074.02,28.1,COD,554,7,0,164.6,5,1,2.0,0
2127,82527,Electronics,17277.84,25.1,Prepaid_Card,37,0,0,482.5,3,0,4.0,0
2128,63880,Electronics,29658.02,21.4,Prepaid_UPI,176,0,0,777.6,1,1,5.0,0
2129,27317,Apparel,2288.7,20.2,Prepaid_Card,525,15,3,506.6,9,0,3.0,0
2130,70766,Apparel,974.0,23.2,Prepaid_Card,122,6,0,215.3,4,0,,0
2131,72724,Apparel,2209.86,24.4,Prepaid_Card,713,19,9,372.6,4,1,2.0,0
2132,32247,Footwear,5766.55,35.7,Wallet,15,0,0,544.9,6,0,3.0,1
2133,97024,Beauty,2565.36,26.7,Prepaid_UPI,1689,33,7,161.8,9,1,1.0,1
2134,69959,Beauty,1774.1,17.5,Prepaid_UPI,1042,19,8,259.4,5,1,,0
2135,23610,Home,10970.68,8.2,COD,690,12,3,149.3,9,1,3.0,0
2136,99576,Home,7475.46,13.4,Prepaid_Card,154,3,1,104.5,4,0,3.0,0
2137,82779,Electronics,30265.53,23.7,Prepaid_Card,17,4,1,337.5,6,0,2.0,0
2138,53479,Footwear,5859.61,10.1,COD,110,6,3,201.0,3,1,3.0,1
2139,90383,Footwear,1881.16,33.2,Prepaid_UPI,458,8,1,120.6,3,0,2.0,0
2140,38107,Footwear,4859.01,26.0,COD,306,0,0,120.9,5,0,1.0,1
2141,28093,Beauty,1592.76,36.0,COD,45,0,0,403.0,7,0,5.0,0
2142,25310,Electronics,9666.79,11.1,COD,43,4,0,338.1,3,0,1.0,0
2143,73162,Footwear,4039.44,8.4,COD,747,17,2,350.2,6,0,1.0,0
2144,27753,Footwear,4858.35,35.9,COD,193,3,1,161.8,5,1,1.0,1
2145,30067,Electronics,28869.04,21.8,Prepaid_Card,185,2,0,470.1,4,0,5.0,0
2146,30410,Beauty,2536.68,17.2,Prepaid_Card,255,3,0,424.2,6,0,4.0,1
2147,65533,Apparel,1136.62,29.8,COD,1298,25,7,487.3,3,0,5.0,0
2148,42498,Beauty,2754.24,29.3,COD,847,25,7,103.9,7,0,3.0,0
2149,48815,Footwear,4065.76,2.4,Prepaid_UPI,1500,38,3,300.1,4,0,5.0,0
2150,12297,Apparel,2076.79,39.4,COD,997,19,2,299.4,6,1,4.0,0
2151,49510,Home,4458.28,14.3,Prepaid_Card,283,1,0,149.1,5,1,,0
2152,52947,Apparel,1309.18,43.8,Prepaid_Card,343,8,1,216.6,5,0,1.0,0
2153,21353,Footwear,5502.9,1.3,Prepaid_Card,377,7,1,276.5,1,0,2.0,0
2154,89749,Footwear,779.93,24.4,Prepaid_UPI,311,8,1,476.3,3,0,2.0,1
2155,96229,Home,6357.73,17.4,Prepaid_Card,413,11,0,253.2,3,0,4.0,0
2156,51969,Beauty,2373.91,0.0,Wallet,442,6,0,323.2,6,1,2.0,0
2157,12483,Apparel,1949.2,29.2,Prepaid_UPI,662,18,0,81.5,4,0,1.0,0
2158,55839,Apparel,2180.99,0.0,COD,269,4,0,183.4,1,0,4.0,1
2159,16906,Electronics,37230.13,15.9,COD,564,14,2,196.4,6,0,2.0,1
2160,61440,Apparel,2386.25,35.5,COD,282,5,0,440.4,4,1,1.0,0
2161,30466,Electronics,25414.72,12.6,COD,1367,33,14,88.0,4,1,5.0,0
2162,97741,Apparel,1692.22,7.3,Prepaid_Card,470,3,0,446.4,5,1,2.0,1
2163,55395,Electronics,42537.58,31.2,COD,426,11,0,102.4,5,0,,1
2164,36190,Electronics,35382.86,16.5,COD,233,2,1,154.1,9,1,,1
2165,67095,Beauty,440.86,14.3,COD,71,1,0,290.0,6,1,5.0,0
2166,96340,Apparel,1139.04,37.8,Prepaid_UPI,47,4,0,209.7,5,1,4.0,0
2167,29695,Beauty,1724.88,3.7,Prepaid_UPI,77,0,0,188.5,5,1,3.0,0
2168,78661,Electronics,37981.16,13.6,Wallet,878,16,5,176.2,4,1,5.0,1
2169,92638,Electronics,27634.81,32.1,COD,78,0,0,275.5,4,0,1.0,0
2170,49896,Home,11774.46,2.8,COD,856,17,0,276.1,6,1,5.0,1
2171,93545,Electronics,42042.86,44.9,Wallet,231,1,0,164.2,8,0,5.0,0
2172,85803,Apparel,920.03,17.0,Prepaid_UPI,693,15,11,178.2,4,1,5.0,0
2173,56670,Home,9433.42,32.2,Prepaid_Card,377,8,2,216.6,6,1,4.0,0
2174,95995,Apparel,1547.79,32.2,Prepaid_Card,404,10,3,244.0,3,1,4.0,0
2175,25936,Electronics,12138.55,17.9,COD,581,10,7,39.7,6,1,5.0,1
2176,94581,Home,7603.23,13.3,Prepaid_UPI,171,0,0,144.0,3,0,1.0,0
2177,37561,Electronics,27879.85,19.4,Prepaid_Card,32,0,0,158.4,5,0,4.0,0
2178,50621,Footwear,4995.37,30.0,Prepaid_Card,442,9,1,210.4,5,0,3.0,0
2179,36834,Apparel,1341.13,6.2,Prepaid_Card,196,3,0,272.9,7,0,4.0,0
2180,91846,Beauty,380.61,3.2,COD,354,5,0,150.5,1,1,1.0,0
2181,35866,Footwear,3180.13,40.8,COD,493,11,2,202.1,8,1,1.0,1
2182,73358,Beauty,2538.16,9.7,Prepaid_UPI,105,0,0,59.8,7,0,,0
2183,57449,Footwear,3641.9,25.0,Prepaid_Card,226,4,0,489.3,6,1,,0
2184,17018,Apparel,1035.56,17.2,COD,177,3,0,94.2,4,1,4.0,1
2185,78776,Home,13854.08,17.8,COD,33,0,0,611.5,7,1,2.0,0
2186,13299,Apparel,684.65,40.0,Wallet,248,9,1,261.3,8,0,3.0,1
2187,26226,Footwear,2297.83,18.8,COD,483,6,0,373.8,4,1,1.0,1
2188,45942,Home,6838.45,15.0,Prepaid_Card,3,0,0,222.5,7,1,2.0,0
2189,49363,Apparel,1936.65,16.2,Prepaid_Card,216,3,0,278.1,6,0,4.0,0
2190,68032,Beauty,2531.88,13.0,Prepaid_UPI,173,0,0,276.2,7,1,5.0,0
2191,15502,Apparel,475.91,10.6,Prepaid_UPI,362,0,0,394.9,6,0,4.0,0
2192,90477,Home,11984.52,13.0,Prepaid_UPI,60,6,0,298.9,5,0,,0
2193,14280,Footwear,4462.91,43.3,COD,105,4,1,87.7,2,0,3.0,1
2194,13364,Apparel,2273.5,30.0,Wallet,459,12,2,71.1,4,1,1.0,0
2195,76528,Home,13556.42,15.2,Wallet,237,4,0,117.9,6,1,3.0,0
2196,34320,Footwear,4776.39,33.7,Prepaid_Card,305,8,3,224.5,4,1,3.0,0
2197,32151,Apparel,758.94,0.0,Prepaid_Card,400,7,0,404.6,1,0,1.0,0
2198,77280,Home,5051.14,39.3,COD,40,3,0,149.5,3,1,3.0,0
2199,64359,Apparel,2363.09,38.1,Prepaid_Card,426,10,4,87.6,2,0,4.0,0
2200,42699,Home,9173.51,51.3,COD,480,10,1,113.0,5,0,2.0,0
2201,38384,Apparel,1508.34,34.2,COD,269,6,1,633.7,6,1,1.0,0
2202,64268,Beauty,2759.77,26.1,Wallet,360,12,2,385.3,5,0,2.0,0
2203,87507,Beauty,2641.47,38.1,COD,953,21,6,111.7,2,1,4.0,0
2204,45856,Apparel,1914.12,11.2,Prepaid_Card,881,16,4,185.5,4,0,5.0,0
2205,48749,Electronics,44230.36,14.5,COD,441,10,2,240.0,2,0,5.0,0
2206,28660,Home,2150.61,19.1,COD,612,15,2,298.0,4,0,2.0,0
2207,57787,Footwear,4666.49,39.2,COD,877,19,1,888.7,6,0,,1
2208,15440,Electronics,48316.37,8.0,COD,705,15,1,225.1,5,0,3.0,0
2209,83088,Apparel,455.3,6.5,Prepaid_Card,480,7,2,134.6,5,1,4.0,0
2210,58374,Apparel,829.55,23.3,Wallet,603,13,5,501.0,8,0,1.0,1
2211,36024,Beauty,2412.81,30.0,Prepaid_Card,513,7,1,678.2,3,0,3.0,1
2212,26693,Electronics,26482.31,10.2,Wallet,341,6,1,207.7,7,0,3.0,0
2213,33922,Beauty,396.86,29.4,Prepaid_UPI,305,4,0,308.9,4,1,2.0,0
2214,16243,Electronics,14129.94,39.2,Prepaid_Card,788,20,7,222.1,10,0,3.0,0
2215,95872,Beauty,1073.57,36.8,COD,644,18,5,313.0,5,0,,1
2216,37854,Apparel,1040.28,24.9,COD,131,0,0,362.7,1,1,2.0,1
2217,93139,Apparel,2237.0,18.7,Prepaid_UPI,724,16,0,274.2,4,1,4.0,0
2218,93345,Beauty,2036.8,44.3,Prepaid_Card,1740,37,14,465.6,2,1,1.0,0
2219,11289,Beauty,2244.51,20.2,Prepaid_Card,326,8,0,270.9,9,0,1.0,0
2220,60410,Electronics,1664.93,33.2,Prepaid_UPI,310,7,0,131.5,3,0,3.0,0
2221,81332,Electronics,21948.09,47.4,COD,233,4,1,442.7,7,0,3.0,0
2222,31597,Electronics,16573.21,31.7,Prepaid_UPI,559,12,3,463.6,6,0,1.0,0
2223,98119,Electronics,42744.34,6.0,COD,97,1,0,45.5,2,0,2.0,0
2224,65723,Apparel,2400.82,2.7,Wallet,51,5,0,715.8,1,0,2.0,0
2225,80666,Beauty,1356.52,15.8,COD,226,2,1,122.9,6,0,1.0,0
2226,79346,Apparel,2442.08,29.9,COD,1293,29,8,208.3,4,1,5.0,0
2227,22771,Footwear,578.98,26.2,Prepaid_UPI,372,9,2,183.0,5,1,5.0,0
2228,86499,Apparel,1050.3,50.9,COD,607,14,3,142.9,5,0,2.0,1
2229,20799,Apparel,2016.1,26.1,Wallet,531,10,1,287.7,1,1,3.0,0
2230,99140,Home,5721.44,15.4,Prepaid_UPI,157,7,0,98.3,4,1,3.0,0
2231,66537,Electronics,46127.15,4.1,COD,491,4,1,249.7,7,1,1.0,1
2232,65568,Home,3667.74,36.5,COD,87,0,0,378.5,1,0,3.0,0
2233,95531,Apparel,2060.68,19.9,Wallet,27,2,0,230.0,6,1,2.0,0
2234,48921,Beauty,724.85,0.0,Prepaid_Card,93,0,0,503.7,4,1,5.0,0
2235,54934,Footwear,1584.08,20.3,Prepaid_UPI,404,6,0,96.4,2,0,3.0,0
2236,71146,Beauty,1420.39,6.1,COD,199,3,0,180.0,5,0,2.0,0
2237,30002,Apparel,2381.62,14.0,Wallet,269,3,1,132.8,4,0,4.0,1
2238,19907,Electronics,29687.29,20.1,Prepaid_Card,251,7,0,358.8,7,1,5.0,1
2239,98334,Electronics,32116.61,7.3,Prepaid_UPI,248,8,0,238.8,3,1,5.0,1
2240,76375,Home,641.12,13.2,COD,574,13,3,187.7,7,0,,0
2241,61397,Apparel,471.72,9.6,COD,394,11,4,384.6,4,1,3.0,0
2242,35083,Apparel,493.91,10.0,Wallet,1462,28,1,574.8,5,0,1.0,0
2243,81842,Electronics,41162.47,5.9,Wallet,263,6,0,308.4,4,0,2.0,0
2244,69962,Apparel,859.23,13.2,COD,419,13,2,420.9,3,0,,0
2245,48839,Electronics,17113.07,7.5,Wallet,717,18,7,39.1,6,1,2.0,0
2246,51934,Apparel,1661.4,28.2,COD,13,4,1,315.6,4,1,,0
2247,95176,Apparel,1605.5,22.8,COD,26,0,0,810.5,4,1,4.0,0
2248,32775,Home,6452.68,36.7,COD,417,12,2,313.9,6,1,4.0,0
2249,16734,Electronics,1210.71,46.4,COD,45,0,0,321.3,7,0,2.0,0
2250,79272,Electronics,23030.53,29.5,COD,167,5,0,287.0,3,0,2.0,0
2251,30286,Home,11213.8,26.3,COD,1048,27,11,213.8,8,0,4.0,1
2252,88966,Footwear,1793.82,30.4,COD,1075,21,2,192.4,3,1,,0
2253,63645,Electronics,35709.54,26.5,Prepaid_UPI,30,0,0,226.0,5,1,1.0,1
2254,61360,Home,719.72,20.7,Prepaid_UPI,247,11,4,303.7,6,0,5.0,0
2255,31841,Beauty,2737.82,19.6,Prepaid_UPI,329,8,0,120.7,1,0,4.0,0
2256,85463,Home,14275.57,5.7,COD,855,18,4,224.6,3,0,1.0,1
2257,79218,Beauty,157.02,31.7,Prepaid_UPI,776,16,1,415.5,4,0,1.0,1
2258,85581,Footwear,3018.0,19.6,COD,292,0,0,226.7,5,0,2.0,0
2259,58190,Apparel,1239.72,40.3,Prepaid_UPI,269,6,0,188.9,4,0,5.0,0
2260,31838,Electronics,42252.28,32.8,Prepaid_Card,202,2,0,302.3,1,1,3.0,0
2261,61322,Footwear,3473.97,11.2,COD,470,10,1,75.2,4,1,,0
2262,64891,Beauty,1892.39,37.5,COD,213,4,2,212.5,1,1,5.0,0
2263,27547,Electronics,10922.79,0.0,Prepaid_UPI,51,0,0,114.3,3,1,1.0,0
2264,99386,Apparel,515.69,47.0,Wallet,272,7,2,265.3,4,1,3.0,0
2265,47238,Home,10538.8,1.3,Prepaid_UPI,167,4,0,171.4,5,1,1.0,0
2266,20327,Apparel,1684.45,26.9,Wallet,1033,23,4,307.2,4,0,2.0,0
2267,78797,Footwear,5077.81,26.0,Wallet,186,3,0,215.4,5,1,1.0,1
2268,68194,Home,12747.91,35.7,COD,63,1,0,332.0,3,1,1.0,1
2269,15565,Footwear,3970.69,15.4,Prepaid_UPI,1345,30,11,249.4,5,0,5.0,0
2270,43007,Beauty,1684.33,0.0,COD,991,22,0,108.5,2,0,,0
2271,19076,Home,13753.12,15.4,Prepaid_Card,187,5,0,116.0,4,1,5.0,0
2272,44911,Home,12118.33,16.9,COD,140,3,1,91.8,2,1,5.0,0
2273,14835,Footwear,5353.34,0.0,Wallet,209,10,0,282.0,4,1,2.0,0
2274,15450,Footwear,5977.12,20.6,Prepaid_UPI,649,12,0,184.3,5,0,,0
2275,83600,Beauty,1299.99,4.9,COD,644,13,4,190.5,3,0,1.0,1
2276,35278,Apparel,1891.41,29.1,COD,5,5,3,386.9,4,1,,1
2277,76056,Home,10476.98,16.6,Prepaid_Card,518,11,1,425.3,4,0,1.0,0
2278,86945,Apparel,724.41,47.5,Prepaid_UPI,36,3,0,251.5,9,0,4.0,0
2279,71643,Beauty,1964.16,16.4,Wallet,220,5,0,108.0,5,1,4.0,0
2280,15344,Home,6707.29,26.0,COD,106,1,0,255.7,5,0,3.0,0
2281,83901,Electronics,23081.14,17.0,Prepaid_Card,86,4,1,456.2,3,0,2.0,0
2282,37603,Apparel,737.3,0.0,Prepaid_Card,342,9,4,144.6,1,1,4.0,0
2283,70706,Electronics,37492.23,17.1,COD,644,9,1,390.0,3,0,4.0,0
2284,98791,Footwear,4338.68,30.5,Prepaid_Card,246,5,1,432.5,1,1,3.0,1
2285,14866,Apparel,1494.42,28.4,COD,583,9,1,473.0,5,0,3.0,0
2286,23093,Apparel,686.95,15.9,COD,322,10,2,268.1,5,0,2.0,0
2287,85200,Beauty,1737.06,0.0,Prepaid_Card,378,13,2,305.9,5,1,3.0,0
2288,78602,Footwear,1050.73,29.0,Wallet,144,8,0,152.3,4,1,2.0,0
2289,94772,Apparel,1079.65,25.9,COD,1084,25,7,164.2,3,0,,0
2290,99498,Apparel,1150.57,31.8,COD,1063,22,2,214.5,3,1,4.0,0
2291,16347,Beauty,2667.76,16.2,Prepaid_UPI,299,7,2,47.3,5,1,5.0,0
2292,90070,Footwear,2785.59,0.0,Wallet,273,3,0,93.9,8,1,,0
2293,27986,Home,9177.81,27.5,Prepaid_Card,6,7,1,304.9,5,1,,0
2294,86970,Electronics,43864.17,19.9,COD,173,7,0,443.9,5,1,,1
2295,66807,Apparel,1265.38,39.5,Prepaid_UPI,905,21,5,166.0,8,1,5.0,0
2296,99734,Apparel,2249.96,20.4,Prepaid_Card,806,20,2,82.8,4,0,4.0,1
2297,98354,Footwear,1250.54,19.4,Prepaid_UPI,226,3,0,279.6,3,0,1.0,0
2298,34505,Apparel,1134.41,25.8,COD,21,0,0,178.8,5,1,,0
2299,56829,Apparel,553.66,11.6,COD,1035,16,0,202.0,8,0,4.0,1
2300,96457,Footwear,3585.11,11.0,COD,120,2,1,208.0,6,0,5.0,0
2301,79853,Beauty,2878.25,18.6,Prepaid_UPI,84,1,0,149.6,5,0,4.0,0
2302,58684,Footwear,4113.24,7.1,COD,1393,32,8,123.7,1,0,,0
2303,74263,Electronics,31677.71,16.8,COD,281,6,1,611.7,1,0,,1
2304,19574,Electronics,14629.77,47.2,Prepaid_Card,702,17,5,373.4,5,1,2.0,0
2305,75220,Electronics,46624.23,34.6,Prepaid_UPI,714,18,1,350.9,4,1,4.0,0
2306,87892,Electronics,24105.2,24.3,COD,976,17,5,23.9,4,1,2.0,0
2307,49253,Home,4371.53,41.7,Prepaid_UPI,84,4,1,114.1,6,1,2.0,1
2308,21774,Electronics,49397.3,8.5,Prepaid_UPI,201,3,0,336.3,2,1,2.0,0
2309,18980,Home,6635.3,54.9,COD,23,2,0,82.0,3,1,4.0,0
2310,25937,Beauty,1208.77,13.6,Wallet,411,12,0,229.0,7,0,1.0,0
2311,62565,Beauty,249.64,48.1,Prepaid_UPI,1539,37,2,234.5,2,0,2.0,0
2312,10055,Apparel,733.33,48.0,COD,390,9,1,171.2,7,0,,0
2313,99904,Electronics,40650.38,0.0,COD,412,9,0,285.9,5,0,2.0,0
2314,44006,Apparel,1387.79,40.5,COD,644,16,1,154.1,4,1,5.0,1
2315,54211,Electronics,47788.86,16.0,COD,309,2,0,154.1,5,0,1.0,0
2316,47483,Apparel,530.35,12.0,Prepaid_Card,242,2,0,106.1,5,1,3.0,0
2317,72259,Apparel,1674.28,27.3,Wallet,334,6,1,475.0,6,1,2.0,0
2318,33318,Footwear,4459.91,5.9,Prepaid_UPI,134,0,0,118.5,1,1,1.0,0
2319,87809,Electronics,31437.97,27.0,COD,140,2,1,164.0,7,0,2.0,1
2320,83817,Beauty,1660.15,6.8,Prepaid_Card,231,4,1,216.5,5,0,3.0,0
2321,78279,Apparel,1593.34,22.5,COD,269,6,1,179.6,7,0,1.0,1
2322,89304,Apparel,1832.53,38.7,Prepaid_Card,591,12,0,477.8,5,1,3.0,0
2323,78472,Electronics,43299.91,25.4,COD,289,9,1,384.3,9,0,3.0,0
2324,36509,Apparel,1073.14,15.0,Wallet,993,23,4,211.0,3,1,4.0,1
2325,70693,Apparel,1338.26,27.6,Prepaid_UPI,437,9,2,210.7,8,1,4.0,0
2326,56773,Beauty,1962.34,0.3,COD,721,15,1,136.8,3,1,3.0,0
2327,71594,Apparel,1025.56,8.3,Prepaid_UPI,118,2,0,37.5,6,1,3.0,0
2328,94767,Apparel,734.38,14.0,Prepaid_Card,402,8,0,79.9,7,1,4.0,1
2329,16840,Home,14509.45,31.0,Prepaid_UPI,1460,40,8,467.9,5,0,4.0,1
2330,26247,Electronics,10541.72,25.7,Prepaid_Card,13,0,0,307.5,1,1,1.0,0
2331,95186,Home,3874.63,27.5,COD,321,4,2,155.8,5,1,2.0,0
2332,29689,Electronics,31315.62,19.6,Prepaid_Card,227,1,0,282.8,4,0,5.0,0
2333,53935,Footwear,925.53,9.0,COD,30,1,0,714.0,6,0,4.0,0
2334,43870,Apparel,423.2,40.8,Prepaid_Card,42,1,0,329.0,3,1,5.0,0
2335,84624,Electronics,4136.67,10.2,COD,362,6,1,103.3,3,1,1.0,0
2336,31760,Footwear,1177.95,25.9,Prepaid_UPI,527,14,5,196.1,3,1,1.0,0
2337,23913,Beauty,1373.21,18.4,Prepaid_UPI,999,23,1,289.9,4,0,4.0,0
2338,13309,Electronics,41633.77,27.9,COD,693,18,2,440.6,5,0,,0
2339,37962,Home,5458.59,11.5,Prepaid_Card,1377,34,0,228.8,6,1,3.0,0
2340,90867,Apparel,1269.19,34.7,Prepaid_UPI,13,0,0,200.1,5,1,5.0,0
2341,86173,Apparel,1640.54,39.3,COD,1474,34,10,154.1,2,1,1.0,1
2342,14740,Apparel,999.61,33.9,Prepaid_Card,402,5,1,86.3,3,1,2.0,1
2343,97914,Footwear,2878.96,22.2,Prepaid_UPI,378,9,0,347.5,3,1,2.0,0
2344,42856,Apparel,1180.57,13.9,COD,181,3,0,194.7,4,0,1.0,0
2345,22075,Footwear,2380.36,59.5,Prepaid_UPI,491,10,0,84.6,3,0,5.0,0
2346,18577,Apparel,1185.05,6.1,Prepaid_Card,1266,24,2,139.5,3,1,1.0,0
2347,36272,Beauty,181.69,32.3,Prepaid_Card,438,12,2,258.2,7,1,4.0,1
2348,41314,Footwear,5374.43,24.7,COD,125,0,0,232.3,5,0,1.0,1
2349,67369,Apparel,2451.3,19.1,COD,443,12,3,318.4,2,0,2.0,1
2350,19741,Apparel,2204.37,22.6,COD,307,2,0,162.6,5,0,2.0,1
2351,56017,Apparel,362.35,12.9,Wallet,160,3,2,215.6,4,0,1.0,0
2352,20009,Beauty,2290.02,26.0,Prepaid_UPI,335,12,0,71.6,8,0,4.0,0
2353,65921,Apparel,1582.17,24.4,Prepaid_UPI,232,12,0,147.8,3,0,1.0,1
2354,67692,Home,1865.54,57.5,COD,128,0,0,388.5,4,0,1.0,1
2355,71804,Electronics,46710.1,35.0,Prepaid_Card,20,0,0,251.1,4,1,2.0,0
2356,49867,Footwear,4769.19,27.2,Prepaid_UPI,67,0,0,182.7,2,0,3.0,0
2357,48038,Electronics,8119.52,28.1,Prepaid_UPI,828,25,1,340.4,5,1,1.0,0
2358,34558,Home,14478.6,45.8,COD,240,5,0,269.5,5,1,5.0,0
2359,93390,Beauty,509.67,6.4,Prepaid_UPI,146,6,1,404.2,5,0,2.0,0
2360,95931,Apparel,1327.56,17.4,COD,330,8,0,99.9,5,1,5.0,1
2361,19354,Footwear,1374.37,0.0,COD,474,6,1,278.9,5,1,2.0,0
2362,97337,Apparel,672.91,27.8,Wallet,418,3,1,246.7,8,1,4.0,1
2363,59780,Electronics,48422.48,31.9,Prepaid_Card,139,1,0,379.4,6,1,1.0,0
2364,65142,Beauty,1780.55,6.1,COD,2077,53,2,139.1,1,0,2.0,0
2365,70824,Home,4258.04,40.1,Prepaid_Card,139,3,0,297.1,5,0,5.0,0
2366,28358,Footwear,4770.2,9.9,Wallet,156,6,0,19.5,7,1,,0
2367,94761,Apparel,2231.78,15.2,COD,224,0,0,365.8,1,1,2.0,0
2368,93760,Electronics,45962.59,21.7,Prepaid_UPI,973,20,8,316.9,2,0,3.0,1
2369,46790,Electronics,46716.26,42.3,COD,352,10,2,115.1,6,1,2.0,0
2370,42956,Home,13630.94,8.0,COD,87,0,0,215.8,6,1,5.0,1
2371,90991,Electronics,32307.69,24.1,Prepaid_Card,203,4,0,101.6,5,0,2.0,1
2372,53580,Electronics,17780.87,30.8,Prepaid_Card,103,0,0,98.2,5,0,2.0,0
2373,34443,Electronics,46352.82,28.0,COD,227,7,1,246.9,7,1,,1
2374,76385,Apparel,613.37,28.5,Prepaid_Card,204,5,1,355.6,3,0,,1
2375,11453,Electronics,9271.19,30.7,Prepaid_Card,27,2,0,341.2,3,1,3.0,0
2376,76752,Apparel,1282.73,12.2,Prepaid_Card,153,6,2,277.7,4,0,1.0,0
2377,69268,Beauty,958.45,43.6,Prepaid_UPI,475,9,3,75.8,5,0,,0
2378,51335,Home,9428.13,18.4,Prepaid_UPI,821,21,2,301.9,5,1,3.0,0
2379,59641,Apparel,2296.4,16.6,Prepaid_Card,187,2,0,291.5,6,1,2.0,1
2380,58474,Footwear,3200.67,38.9,Prepaid_Card,237,7,0,335.4,8,1,2.0,0
2381,31783,Footwear,3546.29,11.2,Prepaid_Card,734,10,1,131.3,5,1,,1
2382,97553,Apparel,1259.74,24.5,Prepaid_Card,509,9,3,161.5,2,0,5.0,1
2383,55006,Apparel,1871.27,9.9,COD,1117,31,2,643.5,3,0,3.0,0
2384,54584,Apparel,566.48,55.3,COD,239,7,0,25.3,5,0,3.0,1
2385,64863,Apparel,454.47,52.3,COD,53,3,0,98.2,7,0,2.0,1
2386,73561,Footwear,4027.36,18.5,COD,64,0,0,259.0,6,1,4.0,1
2387,52187,Beauty,1674.4,27.3,Wallet,212,1,0,126.9,3,0,3.0,0
2388,29107,Apparel,1225.82,20.1,Prepaid_Card,649,13,0,197.6,3,1,5.0,1
2389,47061,Footwear,2336.96,15.1,Prepaid_Card,710,15,4,214.1,4,1,1.0,1
2390,65731,Apparel,461.39,21.7,Prepaid_Card,136,8,1,297.9,5,0,5.0,1
2391,32149,Home,10368.06,19.4,Prepaid_UPI,100,5,0,234.2,4,1,4.0,0
2392,26028,Footwear,2818.07,0.0,Prepaid_Card,814,18,0,49.3,3,1,,0
2393,23333,Electronics,22818.13,23.7,Prepaid_Card,500,11,2,136.6,3,0,3.0,0
2394,42956,Apparel,2270.91,19.4,Prepaid_UPI,47,3,0,186.7,4,1,4.0,0
2395,80233,Home,11194.44,24.4,COD,233,1,0,362.6,5,0,4.0,0
2396,50370,Beauty,775.41,18.9,Prepaid_Card,395,3,1,162.5,3,0,4.0,0
2397,37706,Apparel,1762.91,15.0,Prepaid_Card,856,21,2,224.2,5,0,1.0,0
2398,70399,Apparel,634.35,32.2,Prepaid_UPI,53,1,0,254.6,8,0,3.0,0
2399,81271,Apparel,767.24,27.5,Wallet,839,14,3,248.1,5,0,5.0,0
2400,17331,Home,10855.16,39.5,Prepaid_UPI,79,0,0,227.1,5,1,5.0,0
2401,94663,Home,2325.41,26.9,Prepaid_Card,153,6,0,116.0,2,0,1.0,0
2402,19025,Footwear,2041.07,17.2,COD,627,12,0,162.6,6,1,2.0,0
2403,75098,Footwear,5439.33,28.6,Prepaid_Card,1544,35,7,348.9,3,0,5.0,0
2404,14685,Beauty,2254.2,0.0,Prepaid_UPI,20,0,0,388.0,7,1,1.0,0
2405,37041,Footwear,5612.03,49.5,Wallet,1246,27,5,415.7,8,1,3.0,0
2406,44315,Apparel,2245.94,23.8,Prepaid_UPI,139,1,0,147.3,3,0,1.0,0
2407,27652,Home,5032.4,50.6,COD,425,9,1,176.2,3,0,5.0,0
2408,28133,Apparel,1709.61,7.8,Prepaid_UPI,205,6,1,276.3,6,1,4.0,0
2409,42692,Electronics,19556.09,4.4,Prepaid_UPI,397,7,5,556.4,2,0,5.0,1
2410,79249,Beauty,2136.75,25.1,Prepaid_UPI,460,9,1,753.3,5,1,3.0,0
2411,54241,Footwear,2416.51,25.1,Prepaid_UPI,586,14,1,147.1,4,1,1.0,1
2412,84264,Beauty,153.75,24.7,Prepaid_Card,4,2,0,134.0,4,0,4.0,0
2413,82836,Electronics,5602.97,22.6,Prepaid_Card,415,5,1,86.6,1,1,5.0,0
2414,32019,Home,11679.68,11.2,COD,187,4,0,306.7,6,1,,0
2415,50254,Electronics,5116.26,0.0,COD,276,4,1,77.6,9,1,1.0,0
2416,65354,Apparel,1638.76,24.0,Prepaid_UPI,1206,26,2,288.2,4,1,4.0,1
2417,34889,Apparel,2194.22,2.0,Wallet,584,17,2,292.7,2,1,1.0,1
2418,54060,Home,11245.97,0.7,Prepaid_UPI,231,6,2,508.4,6,0,3.0,1
2419,36766,Apparel,1238.89,14.7,COD,376,14,2,131.4,3,1,2.0,1
2420,28048,Beauty,744.52,26.0,COD,769,17,7,48.7,5,1,1.0,0
2421,16614,Apparel,2333.46,47.8,COD,981,21,0,91.4,3,1,3.0,1
2422,67257,Apparel,1567.76,33.7,Prepaid_UPI,188,4,1,188.4,2,1,3.0,0
2423,53359,Footwear,2729.81,40.1,Prepaid_UPI,42,1,1,129.6,5,1,3.0,1
2424,76337,Apparel,2375.42,29.2,Wallet,484,11,2,164.3,3,0,3.0,0
2425,16087,Beauty,762.8,25.1,COD,216,1,0,346.0,1,1,2.0,0
2426,85375,Footwear,2932.55,55.1,Prepaid_Card,55,0,0,169.3,5,0,4.0,0
2427,96083,Apparel,583.59,1.5,Prepaid_UPI,422,7,2,175.1,10,0,1.0,0
2428,37182,Footwear,1186.84,14.2,COD,83,4,0,254.3,7,1,3.0,0
2429,97701,Home,6279.65,15.3,Wallet,73,0,0,147.4,4,1,3.0,0
2430,23889,Footwear,4348.13,32.5,Prepaid_Card,671,15,1,290.7,11,1,3.0,1
2431,57716,Footwear,2363.92,6.3,COD,334,2,1,354.5,1,0,5.0,0
2432,93857,Footwear,4292.79,30.7,COD,297,7,4,133.9,6,1,4.0,1
2433,48748,Home,12175.26,28.1,Prepaid_UPI,118,1,1,486.7,8,0,4.0,0
2434,93783,Electronics,44001.32,31.4,Prepaid_Card,500,5,2,81.1,2,1,5.0,1
2435,28289,Footwear,745.96,31.1,Prepaid_UPI,321,9,0,94.8,5,0,5.0,0
2436,35737,Beauty,2355.14,41.5,Prepaid_UPI,326,0,0,176.3,3,0,3.0,0
2437,67861,Home,2633.56,19.3,Prepaid_Card,101,2,0,99.2,4,0,3.0,0
2438,15068,Home,10624.8,27.4,Prepaid_UPI,1431,33,3,254.2,5,1,,0
2439,31428,Electronics,19211.46,9.7,Wallet,499,15,4,718.1,1,0,5.0,0
2440,73782,Footwear,4392.86,6.5,COD,102,0,0,177.5,2,1,3.0,0
2441,21922,Beauty,759.4,44.7,Prepaid_UPI,234,3,0,170.6,5,0,4.0,0
2442,42853,Apparel,1736.73,8.6,COD,923,23,4,94.8,1,1,2.0,0
2443,60121,Apparel,619.86,29.0,COD,973,25,1,808.0,4,1,2.0,0
2444,78276,Home,2961.31,27.4,Prepaid_Card,294,10,0,482.0,1,1,2.0,0
2445,56965,Electronics,31108.63,36.4,Prepaid_UPI,1501,41,7,383.8,2,0,4.0,1
2446,16449,Home,5383.19,0.0,COD,381,6,1,200.2,6,0,4.0,0
2447,63186,Apparel,1863.12,32.5,Prepaid_Card,221,6,0,413.6,5,0,3.0,0
2448,51313,Electronics,34572.81,19.2,Prepaid_UPI,96,1,0,309.4,4,0,3.0,0
2449,45464,Home,9513.69,11.6,COD,263,0,0,148.1,4,0,5.0,0
2450,39914,Home,11092.84,16.5,Prepaid_UPI,1208,26,12,795.7,5,1,4.0,0
2451,83536,Home,12012.06,34.5,Wallet,991,16,3,55.8,4,0,3.0,1
2452,67838,Footwear,5512.83,30.2,COD,966,19,1,187.0,3,1,3.0,0
2453,13124,Home,1667.48,18.2,COD,100,0,0,137.9,7,0,4.0,0
2454,73849,Footwear,3643.52,4.1,Wallet,480,11,0,31.6,3,1,1.0,1
2455,36201,Home,11357.26,5.0,COD,890,17,5,28.9,7,1,,1
2456,95385,Home,3645.65,30.5,COD,1030,17,1,55.3,3,0,3.0,1
2457,50614,Home,4322.51,2.1,Wallet,324,9,0,558.0,6,1,5.0,0
2458,41298,Apparel,923.97,18.3,Prepaid_UPI,452,8,0,163.6,5,0,3.0,1
2459,21034,Apparel,1580.52,57.5,Prepaid_UPI,14,0,0,192.6,6,0,1.0,1
2460,21625,Home,5809.47,26.4,Prepaid_Card,787,14,0,166.8,5,1,4.0,0
2461,76610,Beauty,2048.37,30.4,Wallet,643,17,2,171.7,6,0,5.0,1
2462,96502,Home,9348.48,5.1,Prepaid_UPI,756,17,3,52.7,7,0,4.0,0
2463,45643,Apparel,1762.79,2.8,Prepaid_UPI,49,0,0,275.9,3,0,4.0,1
2464,61315,Home,4158.61,31.1,Prepaid_UPI,1504,27,1,297.9,7,0,1.0,0
2465,95920,Apparel,1999.85,16.0,Prepaid_UPI,142,10,0,152.7,4,0,3.0,0
2466,94006,Footwear,4152.2,36.4,Prepaid_Card,243,11,0,355.3,1,0,4.0,0
2467,71930,Footwear,1218.57,22.0,COD,386,12,3,564.1,6,1,,0
2468,84750,Home,3402.51,69.8,Prepaid_Card,499,8,3,58.9,6,0,4.0,0
2469,56518,Home,4863.99,13.4,Prepaid_Card,424,7,2,197.8,6,0,3.0,0
2470,54173,Electronics,46866.03,25.4,COD,158,4,2,274.2,4,0,,0
2471,49442,Electronics,16991.14,8.9,Prepaid_Card,836,15,0,64.1,3,0,2.0,0
2472,17970,Beauty,206.66,35.8,Prepaid_UPI,118,0,0,486.7,3,0,3.0,1
2473,64635,Footwear,1278.94,27.6,Prepaid_Card,75,6,1,332.0,5,0,5.0,0
2474,36932,Home,966.49,7.9,COD,299,6,0,335.5,4,1,1.0,0
2475,74537,Electronics,20739.12,17.0,COD,65,0,0,487.6,2,1,4.0,0
2476,72927,Apparel,2063.88,40.6,COD,1451,35,2,194.5,4,1,1.0,0
2477,39123,Apparel,1318.44,38.9,Prepaid_UPI,508,9,0,197.6,3,0,2.0,0
2478,76071,Apparel,2153.84,1.6,Prepaid_Card,153,0,0,233.0,3,1,3.0,0
2479,25522,Electronics,3328.94,14.9,COD,166,0,0,289.5,6,1,2.0,0
2480,32636,Beauty,1488.71,46.9,Prepaid_UPI,772,15,9,299.7,2,0,4.0,0
2481,71490,Home,11912.59,19.1,COD,159,4,0,119.0,5,0,3.0,1
2482,67658,Apparel,1800.65,24.0,COD,328,7,1,92.5,3,1,5.0,0
2483,88879,Apparel,2183.57,35.8,Prepaid_UPI,867,22,3,315.4,5,1,4.0,0
2484,19255,Electronics,14417.9,2.7,Prepaid_Card,299,5,2,300.0,3,0,2.0,0
2485,73225,Footwear,3254.68,8.2,Prepaid_UPI,310,5,0,419.2,4,0,1.0,0
2486,29216,Electronics,34167.05,16.9,Prepaid_UPI,156,7,0,374.7,3,0,4.0,0
2487,40849,Footwear,1426.69,38.3,Wallet,376,11,0,77.2,5,1,,0
2488,21028,Footwear,4986.94,35.7,COD,379,7,1,93.7,1,1,4.0,0
2489,38154,Apparel,1019.66,31.5,Prepaid_UPI,1656,37,20,129.7,4,1,1.0,1
2490,28300,Home,1852.96,19.5,Prepaid_UPI,631,12,0,252.2,2,1,1.0,0
2491,56936,Beauty,2332.25,37.2,COD,539,8,0,465.5,3,1,4.0,0
2492,24895,Electronics,35545.88,19.3,Wallet,33,7,1,252.1,4,0,3.0,0
2493,62063,Apparel,2249.91,29.5,Prepaid_Card,508,9,0,212.5,6,1,5.0,1
2494,74754,Beauty,2692.41,34.2,Prepaid_UPI,96,3,1,97.5,1,0,1.0,1
2495,45964,Beauty,943.8,45.2,Prepaid_Card,425,4,0,206.4,1,0,2.0,0
2496,92395,Home,9799.76,20.6,Prepaid_Card,24,2,0,331.8,7,0,3.0,0
2497,21556,Home,14987.28,16.3,COD,54,0,0,174.6,4,0,5.0,0
2498,96975,Apparel,874.18,39.5,Wallet,923,25,10,158.1,1,0,5.0,0
2499,63845,Footwear,3100.82,40.6,Prepaid_Card,277,11,0,398.9,4,0,5.0,0
2500,45207,Electronics,45598.15,13.8,COD,321,8,0,292.3,4,0,4.0,0
2501,12521,Apparel,571.62,5.9,COD,835,18,5,373.5,3,1,,0
2502,87354,Footwear,5605.37,38.5,Prepaid_UPI,720,15,0,133.7,5,1,4.0,0
2503,94886,Beauty,1541.24,0.0,COD,452,9,2,542.9,1,1,4.0,0
2504,18229,Footwear,5411.72,0.0,Prepaid_Card,220,6,3,153.3,5,0,5.0,0
2505,33826,Apparel,1685.95,17.6,Prepaid_UPI,415,9,2,191.1,4,0,,1
2506,61214,Apparel,1793.59,21.4,COD,679,18,5,314.4,4,1,2.0,1
2507,40235,Beauty,2353.01,5.2,Prepaid_Card,1180,23,7,154.2,6,0,2.0,0
2508,64477,Beauty,341.34,23.1,COD,558,16,8,268.1,6,0,3.0,0
2509,62975,Home,9602.64,23.7,Wallet,36,0,0,273.5,8,0,4.0,0
2510,46910,Home,13897.09,13.3,Prepaid_UPI,1007,20,2,199.6,1,0,2.0,0
2511,75600,Electronics,47850.06,48.5,COD,2,1,0,281.5,5,1,2.0,1
2512,12026,Electronics,48447.75,26.0,Prepaid_Card,737,17,3,170.8,6,0,2.0,0
2513,66713,Apparel,1738.54,35.8,Prepaid_Card,333,2,0,292.2,3,1,3.0,0
2514,39723,Apparel,1711.57,0.0,Wallet,564,11,1,332.7,4,1,4.0,0
2515,29806,Apparel,1537.8,0.0,COD,62,0,0,228.4,7,1,2.0,1
2516,10449,Footwear,3841.54,26.4,Prepaid_Card,311,4,1,357.0,4,1,4.0,0
2517,12543,Apparel,1666.05,46.0,Wallet,286,4,0,136.2,7,0,4.0,0
2518,82750,Apparel,441.18,5.9,COD,230,6,2,232.8,4,0,1.0,1
2519,85603,Home,1788.63,22.0,Prepaid_Card,252,3,2,585.7,5,1,1.0,0
2520,99900,Apparel,1681.75,2.7,COD,658,12,5,229.7,6,0,5.0,0
2521,88692,Apparel,1025.57,9.9,Prepaid_Card,575,16,0,201.1,2,0,4.0,0
2522,28715,Home,4870.67,22.7,COD,144,9,0,108.0,5,1,2.0,0
2523,28630,Electronics,10478.59,13.1,Wallet,218,2,1,143.2,3,1,3.0,0
2524,79438,Home,12115.51,1.7,Prepaid_Card,333,10,0,218.6,7,1,2.0,1
2525,52773,Beauty,2898.34,1.4,COD,194,5,0,402.3,4,1,1.0,1
2526,90232,Apparel,1699.68,0.0,Prepaid_UPI,1969,38,7,346.1,4,1,2.0,0
2527,13919,Beauty,2844.45,26.7,Prepaid_UPI,127,0,0,478.8,3,0,2.0,0
2528,35958,Beauty,2669.07,28.4,Prepaid_UPI,215,0,0,124.8,4,1,2.0,0
2529,28253,Footwear,1698.6,28.3,Prepaid_UPI,750,17,3,274.1,6,1,5.0,0
2530,68353,Home,2726.13,7.3,COD,1827,37,0,230.3,5,0,4.0,0
2531,76161,Home,3568.01,34.1,Prepaid_Card,233,5,0,240.8,9,1,3.0,0
2532,32421,Home,1895.04,29.9,COD,286,14,3,332.3,4,1,4.0,0
2533,84682,Footwear,3705.84,20.1,COD,787,22,2,312.4,3,1,3.0,1
2534,15957,Apparel,957.7,17.8,Wallet,1,0,0,300.6,4,1,4.0,0
2535,10806,Beauty,2751.81,10.9,Prepaid_UPI,85,0,0,312.6,5,0,3.0,1
2536,61954,Home,9394.41,22.7,COD,782,21,0,56.6,2,0,,0
2537,95533,Footwear,2477.86,42.6,COD,121,0,0,597.8,7,0,5.0,1
2538,36169,Electronics,49247.39,35.9,Wallet,316,9,0,236.6,4,1,2.0,1
2539,62838,Apparel,2399.37,16.4,COD,1675,45,8,342.5,8,0,4.0,1
2540,87624,Home,11789.92,27.5,COD,92,4,1,790.7,7,0,,1
2541,19086,Home,11979.41,4.6,COD,154,6,0,402.7,6,1,1.0,1
2542,96224,Electronics,48886.24,30.2,COD,1466,35,13,158.9,4,0,,0
2543,65857,Electronics,30422.35,8.4,COD,1027,21,3,211.7,2,0,4.0,0
2544,25957,Apparel,2242.04,29.7,Wallet,238,6,2,404.2,3,1,,0
2545,55721,Home,1440.0,61.6,COD,254,2,1,467.4,2,0,5.0,1
2546,23501,Electronics,28149.06,12.0,Prepaid_Card,76,5,1,232.3,2,0,3.0,1
2547,12709,Beauty,1582.17,60.9,Prepaid_UPI,617,10,1,74.1,5,1,2.0,1
2548,28023,Apparel,431.11,26.9,Prepaid_Card,31,2,0,131.9,5,1,5.0,1
2549,87736,Electronics,5260.65,9.5,Prepaid_UPI,1311,32,10,172.8,1,0,4.0,0
2550,51879,Apparel,396.95,8.9,Prepaid_UPI,220,3,0,269.3,4,0,3.0,0
2551,40859,Home,4763.22,53.1,Prepaid_Card,31,0,0,284.4,3,1,3.0,0
2552,38629,Electronics,3622.05,26.9,Prepaid_Card,539,11,5,348.8,7,1,5.0,0
2553,93469,Home,6635.82,12.1,Prepaid_UPI,687,12,3,391.2,1,0,2.0,0
2554,67664,Beauty,2466.33,17.2,Prepaid_UPI,230,5,1,34.0,8,0,5.0,0
2555,98001,Apparel,1669.73,26.0,Prepaid_UPI,449,7,1,186.4,6,1,3.0,0
2556,51828,Footwear,4205.84,19.9,COD,337,4,0,388.3,1,0,5.0,0
2557,77111,Apparel,417.74,24.8,Prepaid_UPI,854,20,4,510.6,3,0,1.0,1
2558,11972,Apparel,2154.98,44.8,Prepaid_UPI,279,8,0,297.5,5,1,3.0,0
2559,71233,Electronics,8163.33,4.2,COD,1267,27,4,112.9,3,0,,0
2560,77424,Apparel,1000.7,29.0,Prepaid_UPI,655,9,0,249.9,4,0,5.0,0
2561,89078,Home,7993.51,19.0,COD,374,11,3,431.9,9,0,,0
2562,41775,Home,13984.9,13.0,COD,134,1,1,88.0,4,1,4.0,1
2563,60393,Footwear,5989.82,35.0,Prepaid_UPI,101,8,0,116.4,2,1,5.0,0
2564,69738,Home,11848.58,0.0,COD,802,17,8,118.9,6,1,5.0,0
2565,76077,Home,11075.06,0.0,Prepaid_Card,113,2,0,16.6,2,0,3.0,0
2566,85607,Electronics,26856.43,23.1,COD,279,4,0,311.3,6,0,2.0,0
2567,40815,Apparel,1781.1,18.1,Prepaid_UPI,151,4,1,139.8,6,1,5.0,1
2568,19785,Apparel,660.51,1.1,Prepaid_Card,231,15,3,23.8,8,1,1.0,0
2569,96466,Home,4403.34,0.0,Prepaid_UPI,10,0,0,434.1,5,0,5.0,0
2570,63614,Beauty,2956.23,47.0,Prepaid_UPI,101,6,0,223.0,4,1,3.0,0
2571,24933,Apparel,2456.17,26.5,Prepaid_Card,458,10,0,603.4,4,1,2.0,0
2572,93890,Home,5183.1,20.3,Wallet,574,16,2,338.5,9,1,3.0,0
2573,98620,Footwear,1825.77,50.7,Prepaid_UPI,945,15,2,227.0,5,1,2.0,0
2574,22136,Footwear,1762.35,34.3,Prepaid_Card,118,8,3,364.2,4,0,3.0,1
2575,92637,Home,7530.53,44.8,Wallet,39,1,0,130.2,4,0,2.0,1
2576,64554,Home,3744.62,3.5,Prepaid_Card,85,1,0,277.3,5,1,5.0,0
2577,26005,Footwear,4066.73,3.0,COD,297,9,1,274.3,4,1,5.0,0
2578,29488,Beauty,363.24,28.6,COD,85,2,0,212.2,2,1,5.0,1
2579,27672,Apparel,572.91,25.8,Prepaid_Card,268,2,0,97.0,3,0,3.0,0
2580,48430,Beauty,939.26,37.5,COD,689,8,1,268.1,3,1,1.0,0
2581,82296,Apparel,2021.5,0.0,Prepaid_Card,819,23,4,260.9,4,0,1.0,0
2582,75760,Footwear,2278.09,29.9,COD,447,9,2,153.6,3,1,1.0,1
2583,49573,Apparel,1362.26,33.8,Prepaid_Card,317,5,1,90.7,4,1,2.0,0
2584,85744,Apparel,1761.74,33.1,COD,284,4,3,140.1,4,1,4.0,1
2585,97013,Apparel,2045.36,14.3,Prepaid_UPI,364,12,0,534.1,5,1,1.0,0
2586,93296,Electronics,16048.34,27.3,COD,265,4,0,161.4,3,1,3.0,0
2587,31215,Electronics,36817.5,9.1,COD,6,2,1,266.9,8,0,5.0,1
2588,82327,Apparel,965.04,15.9,Prepaid_Card,261,4,0,258.3,7,0,1.0,0
2589,25818,Electronics,32578.84,5.4,Prepaid_Card,132,0,0,207.8,6,0,2.0,0
2590,88202,Electronics,23093.13,9.4,Prepaid_Card,6,2,2,549.3,6,0,1.0,1
2591,36864,Footwear,5596.45,16.6,Prepaid_Card,109,5,0,325.5,2,1,5.0,0
2592,18163,Beauty,2948.97,13.1,COD,395,6,0,304.4,3,1,2.0,0
2593,10197,Home,11724.79,9.4,Prepaid_UPI,1,0,0,230.0,4,1,3.0,0
2594,73074,Apparel,2318.25,1.8,Prepaid_Card,40,1,0,160.6,2,0,2.0,0
2595,33375,Apparel,643.48,47.5,COD,155,4,0,235.1,4,0,5.0,0
2596,72701,Beauty,2015.22,13.0,Prepaid_UPI,350,13,1,330.0,9,0,1.0,0
2597,41090,Apparel,776.49,24.6,Prepaid_UPI,334,6,1,369.2,5,0,,0
2598,17771,Electronics,14571.46,0.0,Prepaid_Card,302,5,3,331.0,8,0,5.0,1
2599,43659,Beauty,1640.05,39.0,Prepaid_Card,416,8,1,49.8,7,0,5.0,0
2600,40256,Beauty,2264.66,22.3,Prepaid_Card,6,0,0,73.8,3,0,5.0,0
2601,48675,Electronics,36353.21,13.8,Prepaid_Card,45,0,0,195.6,5,0,1.0,0
2602,41782,Home,13107.16,13.9,COD,995,22,0,72.7,4,1,1.0,1
2603,44774,Electronics,28404.47,32.2,COD,133,4,1,125.7,6,0,2.0,0
2604,68236,Footwear,5594.88,0.0,Wallet,571,12,1,102.5,5,1,4.0,0
2605,45490,Apparel,2258.96,8.5,Prepaid_UPI,25,0,0,201.3,8,1,3.0,0
2606,58893,Apparel,2175.47,18.3,Prepaid_Card,215,2,0,231.5,5,1,4.0,0
2607,31143,Home,3828.04,18.2,COD,261,6,1,94.6,6,1,4.0,1
2608,94347,Apparel,1492.61,55.1,Prepaid_UPI,422,9,0,462.2,3,0,3.0,1
2609,96744,Home,11175.43,15.3,COD,829,19,2,278.9,2,0,5.0,0
2610,22824,Electronics,48829.02,33.9,COD,218,5,1,224.1,6,1,3.0,1
2611,86555,Beauty,183.19,45.4,COD,70,2,0,356.8,5,1,,0
2612,63355,Footwear,2299.13,29.4,Prepaid_UPI,264,9,2,220.6,6,1,,0
2613,82474,Electronics,17775.16,10.6,Prepaid_Card,22,2,2,290.1,7,1,5.0,1
2614,21907,Footwear,2086.94,2.0,COD,676,16,0,163.9,5,0,4.0,0
2615,72348,Apparel,2107.46,30.4,COD,255,0,0,131.9,6,1,4.0,1
2616,87324,Electronics,3208.5,43.0,Prepaid_Card,44,4,0,104.7,7,1,1.0,0
2617,41747,Apparel,1122.78,27.6,Prepaid_Card,120,1,0,238.5,4,1,1.0,0
2618,44321,Beauty,2178.3,37.3,Prepaid_UPI,449,10,2,272.3,3,1,3.0,0
2619,97940,Footwear,2737.07,56.3,COD,402,5,0,656.7,8,0,4.0,0
2620,35171,Beauty,560.58,31.7,Prepaid_UPI,60,7,3,48.3,5,1,3.0,0
2621,82449,Beauty,1890.93,4.6,Wallet,22,0,0,221.8,5,1,4.0,0
2622,35546,Beauty,1639.44,20.7,Prepaid_Card,701,20,0,362.5,3,1,5.0,0
2623,53555,Apparel,2460.95,39.2,COD,2,1,0,126.4,5,0,3.0,1
2624,20680,Beauty,2283.3,16.5,Prepaid_UPI,186,0,0,410.7,5,0,5.0,0
2625,90733,Home,14799.55,41.1,COD,170,9,1,362.6,3,0,2.0,1
2626,28780,Electronics,10131.28,19.1,COD,170,5,0,426.9,6,0,3.0,0
2627,73074,Home,11543.13,24.7,COD,132,0,0,299.5,4,0,2.0,1
2628,44581,Electronics,28030.27,15.1,Wallet,393,7,0,133.4,1,1,2.0,0
2629,24414,Apparel,1881.9,22.2,Prepaid_Card,761,18,6,228.7,3,1,4.0,0
2630,13091,Apparel,1355.24,23.0,Prepaid_UPI,376,13,1,384.6,6,1,3.0,1
2631,22086,Apparel,806.64,0.0,Prepaid_Card,236,4,1,142.2,3,0,3.0,1
2632,55551,Electronics,3241.1,13.8,Prepaid_Card,553,4,1,75.1,9,1,3.0,0
2633,26757,Beauty,2539.12,2.7,COD,123,7,3,95.1,5,1,3.0,1
2634,26636,Home,12314.72,14.3,Prepaid_Card,176,5,1,330.7,9,0,3.0,0
2635,95735,Home,2856.83,8.9,COD,266,0,0,149.8,2,0,4.0,1
2636,59539,Electronics,32613.86,34.2,Prepaid_Card,823,19,1,277.0,2,1,3.0,0
2637,15954,Electronics,37148.95,34.3,COD,23,1,0,355.1,4,1,4.0,1
2638,22271,Apparel,1548.89,27.8,COD,70,0,0,172.6,2,0,1.0,0
2639,57226,Footwear,2244.76,2.3,Prepaid_Card,290,3,2,111.9,4,1,3.0,1
2640,33146,Apparel,2244.03,18.6,COD,28,0,0,120.1,8,0,,1
2641,29730,Footwear,4033.42,1.1,COD,401,7,0,608.9,4,0,1.0,0
2642,81235,Footwear,4461.2,17.9,Wallet,24,1,0,125.9,1,0,2.0,0
2643,51960,Home,9955.66,29.1,COD,169,6,0,288.5,5,1,5.0,0
2644,99488,Beauty,2205.67,33.9,COD,559,5,0,53.0,7,1,3.0,0
2645,70494,Apparel,661.89,26.6,COD,402,9,0,373.0,1,1,4.0,1
2646,41336,Beauty,2779.39,37.6,COD,453,11,3,278.2,2,1,4.0,1
2647,82752,Footwear,2071.96,23.6,Prepaid_UPI,672,15,0,201.5,5,0,2.0,0
2648,52544,Footwear,5101.03,16.7,COD,596,12,3,219.6,2,1,4.0,1
2649,76865,Home,13454.07,32.2,Prepaid_Card,743,20,7,252.5,4,0,2.0,1
2650,49695,Footwear,4081.73,32.7,Prepaid_Card,468,14,2,78.7,7,0,5.0,0
2651,10032,Beauty,1855.16,12.7,COD,67,0,0,312.7,4,1,5.0,1
2652,42248,Electronics,6343.36,25.3,Wallet,100,1,0,558.8,5,1,2.0,0
2653,28945,Footwear,2899.22,15.9,Wallet,524,13,0,16.9,6,1,2.0,0
2654,33248,Footwear,3864.04,0.0,COD,976,25,1,140.7,3,0,2.0,0
2655,45231,Electronics,5011.59,26.2,COD,226,2,0,221.8,2,1,4.0,0
2656,67853,Beauty,467.67,1.9,COD,340,4,3,452.0,6,0,2.0,1
2657,83990,Electronics,49680.58,24.6,COD,761,17,1,529.9,5,0,3.0,1
2658,31178,Home,5317.4,0.0,Prepaid_Card,522,8,0,42.8,5,1,1.0,0
2659,63387,Apparel,1101.92,9.9,Prepaid_Card,644,8,0,352.0,4,1,3.0,1
2660,50430,Apparel,890.79,13.9,Prepaid_Card,73,0,0,504.5,4,0,1.0,0
2661,15288,Footwear,4053.11,36.8,COD,52,2,0,60.0,5,0,,1
2662,45599,Electronics,24180.72,12.5,COD,1016,27,1,291.4,2,0,5.0,1
2663,74653,Electronics,39731.12,5.0,Wallet,156,1,0,506.3,5,0,1.0,0
2664,77213,Apparel,1451.86,25.1,Wallet,103,1,0,184.9,2,1,5.0,0
2665,79246,Electronics,1755.38,17.0,COD,27,1,0,269.4,9,1,5.0,1
2666,83550,Footwear,3154.78,31.1,Prepaid_UPI,34,0,0,176.2,6,1,1.0,0
2667,57033,Beauty,307.28,5.8,Prepaid_Card,376,6,2,292.4,5,1,3.0,0
2668,11978,Apparel,2127.59,23.0,Prepaid_UPI,1440,33,0,398.0,2,0,1.0,0
2669,43184,Home,2148.04,54.6,Prepaid_Card,191,0,0,440.3,7,0,,1
2670,60968,Electronics,11630.75,16.7,Prepaid_UPI,801,15,0,147.1,4,1,2.0,0
2671,33434,Home,7169.5,22.6,COD,777,16,1,95.4,6,1,1.0,0
2672,20306,Electronics,10564.02,0.0,COD,211,5,2,291.2,3,1,,0
2673,43291,Electronics,27421.78,8.1,Wallet,234,0,0,331.6,1,0,5.0,0
2674,18088,Electronics,23574.22,26.4,COD,254,5,0,88.9,8,1,4.0,0
2675,82464,Home,14311.58,15.4,COD,1034,19,5,192.1,6,1,4.0,0
2676,40530,Home,1781.42,28.6,Prepaid_UPI,124,0,0,491.5,4,1,5.0,0
2677,63650,Electronics,29259.87,25.9,Prepaid_UPI,41,3,0,189.3,8,0,1.0,1
2678,16381,Footwear,4462.2,1.5,Prepaid_UPI,110,2,0,420.5,4,0,5.0,0
2679,52431,Footwear,1201.95,34.2,Prepaid_UPI,405,14,2,156.3,7,1,2.0,0
2680,93647,Electronics,32186.64,2.6,Prepaid_UPI,423,9,2,420.2,1,1,2.0,0
2681,32645,Footwear,5253.31,9.3,COD,671,17,5,224.7,4,0,3.0,0
2682,72370,Beauty,2394.53,23.2,Prepaid_Card,369,10,6,198.0,4,1,2.0,0
2683,41953,Apparel,2360.62,41.9,Prepaid_UPI,6,0,0,233.2,3,0,5.0,1
2684,68094,Home,10948.49,5.9,Prepaid_UPI,1322,25,1,136.8,3,0,1.0,0
2685,98423,Apparel,1197.07,22.1,COD,1773,39,4,90.3,5,1,3.0,0
2686,25170,Footwear,5562.48,22.2,COD,291,4,1,184.9,4,1,3.0,1
2687,21282,Apparel,834.52,29.2,Prepaid_UPI,172,2,0,331.8,4,1,1.0,0
2688,86566,Home,8963.68,36.6,COD,52,1,1,64.4,3,1,5.0,1
2689,55741,Apparel,1996.16,14.3,COD,21,0,0,444.5,7,1,3.0,1
2690,33467,Home,13148.08,34.2,Prepaid_UPI,49,0,0,197.7,2,0,4.0,1
2691,61951,Beauty,2762.15,38.6,Prepaid_Card,1084,21,1,337.3,5,0,5.0,0
2692,33723,Electronics,5163.81,45.0,COD,1317,28,5,182.9,4,1,2.0,1
2693,50268,Beauty,2219.27,27.0,COD,100,0,0,317.6,3,1,2.0,0
2694,90099,Beauty,731.7,22.2,COD,131,0,0,329.3,1,0,3.0,1
2695,42058,Beauty,2370.49,13.4,Prepaid_UPI,445,10,0,486.9,4,0,2.0,0
2696,66265,Apparel,1856.48,0.0,Prepaid_Card,302,5,1,65.6,3,0,4.0,0
2697,92943,Footwear,1497.44,16.1,COD,1678,37,9,214.7,5,1,2.0,0
2698,70107,Apparel,2140.58,21.6,COD,332,4,1,398.4,11,0,2.0,1
2699,45921,Electronics,23627.65,18.5,COD,164,1,0,219.6,5,1,1.0,0
2700,97541,Beauty,1699.99,28.4,COD,1211,33,2,199.1,5,1,2.0,0
2701,50064,Footwear,5842.72,0.0,COD,43,0,0,187.3,3,0,,0
2702,45943,Home,10021.07,17.5,Prepaid_Card,54,0,0,238.6,5,1,4.0,0
2703,66686,Electronics,29839.59,47.9,COD,146,4,0,325.7,4,1,3.0,0
2704,34672,Footwear,592.2,33.9,COD,343,5,0,199.5,3,1,3.0,1
2705,53994,Footwear,1595.68,28.6,Prepaid_Card,1627,36,8,402.3,3,1,5.0,0
2706,33942,Electronics,2301.71,25.5,Prepaid_Card,459,9,6,265.7,5,0,,0
2707,15485,Beauty,1099.94,14.9,COD,104,3,0,207.8,3,1,3.0,0
2708,27904,Apparel,1090.69,0.0,COD,638,13,1,239.0,3,1,5.0,0
2709,71831,Apparel,1490.21,26.4,COD,134,2,1,396.1,7,1,5.0,1
2710,85301,Home,10501.64,0.0,COD,261,9,0,150.1,8,1,5.0,0
2711,28062,Beauty,661.13,15.4,Prepaid_UPI,842,12,1,189.2,3,1,4.0,0
2712,35934,Apparel,1643.56,19.9,COD,1,0,0,157.7,7,0,5.0,0
2713,23942,Apparel,2321.5,13.7,Prepaid_UPI,669,12,2,191.3,1,1,5.0,0
2714,20463,Apparel,747.77,50.4,Prepaid_UPI,384,3,0,230.3,3,0,3.0,1
2715,27401,Beauty,2028.4,45.5,COD,366,6,1,394.5,2,1,3.0,0
2716,79748,Apparel,448.02,34.5,COD,552,10,0,325.3,3,0,4.0,0
2717,78461,Home,8201.64,7.0,COD,153,6,1,227.1,4,0,3.0,0
2718,96682,Beauty,2263.39,46.9,COD,32,0,0,221.9,2,1,4.0,0
2719,11979,Apparel,423.19,28.7,Prepaid_Card,12,0,0,295.8,4,0,1.0,0
2720,78990,Home,5338.15,6.8,COD,951,19,2,182.9,3,0,3.0,1
2721,62670,Home,13230.38,20.5,Prepaid_UPI,541,8,0,146.4,5,1,2.0,0
2722,39914,Footwear,1740.14,33.4,Prepaid_Card,156,6,3,297.8,5,1,2.0,0
2723,25092,Electronics,36420.85,11.6,Prepaid_UPI,235,8,0,149.5,7,1,4.0,1
2724,25537,Electronics,30999.68,22.0,Prepaid_UPI,770,13,1,127.4,1,1,5.0,0
2725,55773,Apparel,701.93,24.4,Prepaid_Card,133,7,2,689.2,7,0,4.0,1
2726,80831,Footwear,4579.39,4.6,Wallet,201,2,0,56.0,7,0,3.0,0
2727,21914,Footwear,3426.45,16.2,Wallet,491,8,0,47.3,3,1,4.0,0
2728,69679,Apparel,590.86,5.6,COD,181,5,0,216.8,4,1,,0
2729,24274,Electronics,47519.2,32.2,COD,204,6,2,313.8,5,1,4.0,0
2730,27732,Beauty,1552.09,7.3,COD,1170,25,5,203.7,7,0,1.0,1
2731,12460,Apparel,1951.92,24.1,COD,167,2,1,183.1,1,1,5.0,0
2732,95276,Apparel,818.06,0.5,Prepaid_Card,253,9,1,582.1,4,0,2.0,1
2733,37431,Home,2489.16,4.1,COD,371,6,0,156.9,5,1,3.0,1
2734,63291,Electronics,37324.03,3.5,Prepaid_Card,61,1,0,231.6,5,0,3.0,0
2735,23543,Apparel,1798.72,15.9,Prepaid_UPI,593,18,2,193.1,5,0,2.0,0
2736,63250,Electronics,14431.28,22.5,COD,34,0,0,252.7,1,1,1.0,0
2737,72958,Apparel,1954.51,25.1,Prepaid_Card,428,8,3,197.1,3,1,4.0,0
2738,45659,Home,7822.39,0.0,COD,34,3,0,288.8,4,1,3.0,0
2739,62020,Footwear,2417.28,17.6,Prepaid_UPI,1261,29,4,233.8,3,0,4.0,1
2740,28468,Home,11909.93,9.5,Prepaid_Card,1567,37,8,178.9,7,0,2.0,0
2741,49654,Apparel,1676.08,27.5,COD,780,13,1,97.6,4,0,5.0,0
2742,62543,Footwear,3289.98,16.3,Prepaid_UPI,129,3,2,26.1,3,1,5.0,1
2743,17916,Apparel,2012.18,18.9,COD,556,11,2,305.8,8,0,3.0,0
2744,47837,Footwear,3496.56,9.6,Prepaid_UPI,620,20,2,128.5,5,0,4.0,0
2745,44447,Electronics,46988.19,44.1,Prepaid_Card,279,8,1,233.7,5,1,3.0,0
2746,24724,Footwear,4999.31,2.0,Prepaid_Card,249,5,1,97.4,4,1,3.0,1
2747,18249,Apparel,1120.1,14.4,Prepaid_UPI,77,2,1,360.1,3,1,1.0,0
2748,11743,Apparel,1349.58,21.5,Prepaid_UPI,729,16,2,351.2,3,1,4.0,0
2749,42581,Electronics,47909.32,16.5,Prepaid_UPI,306,8,1,135.3,2,1,,0
2750,89613,Apparel,2274.69,9.3,Prepaid_Card,442,7,0,324.9,4,1,5.0,0
2751,74784,Apparel,761.05,0.0,Prepaid_UPI,87,6,0,358.5,1,0,4.0,0
2752,93864,Footwear,2008.67,10.3,Prepaid_Card,30,0,0,459.1,6,1,,0
2753,56050,Footwear,2504.31,6.6,Prepaid_UPI,1,0,0,102.5,3,1,1.0,0
2754,19056,Apparel,2241.68,43.5,Prepaid_UPI,760,14,0,181.7,6,1,4.0,0
2755,54517,Beauty,2793.14,51.7,COD,861,19,0,216.7,3,1,,1
2756,36411,Footwear,4912.87,19.3,COD,592,16,1,191.4,5,0,2.0,0
2757,65631,Beauty,935.77,0.3,COD,616,8,1,502.8,2,1,4.0,0
2758,75299,Footwear,5378.86,30.3,COD,681,14,4,292.7,3,0,4.0,0
2759,95092,Home,976.78,6.3,COD,562,8,2,124.5,3,1,5.0,0
2760,68161,Home,6630.65,12.3,COD,408,8,1,581.2,5,1,3.0,1
2761,64040,Home,5975.62,11.2,Prepaid_Card,729,11,6,311.7,2,1,2.0,0
2762,45793,Beauty,1675.43,13.0,COD,406,9,1,185.7,7,1,,0
2763,27636,Apparel,1555.38,15.0,COD,477,9,3,75.1,4,1,3.0,0
2764,39070,Electronics,12044.82,1.6,Prepaid_UPI,13,2,1,199.1,4,1,4.0,0
2765,61885,Apparel,789.79,10.2,COD,72,5,1,443.9,2,0,5.0,0
2766,98881,Beauty,2440.16,34.3,Prepaid_Card,48,1,0,228.8,5,0,1.0,0
2767,64216,Electronics,4733.64,19.5,Prepaid_UPI,559,15,1,191.2,7,1,5.0,0
2768,19967,Home,7652.65,21.8,Wallet,827,22,3,293.0,3,1,5.0,0
2769,20323,Footwear,1554.06,0.0,Prepaid_Card,18,0,0,208.3,3,0,4.0,0
2770,83967,Beauty,1060.77,33.3,COD,7,4,0,335.9,4,1,2.0,0
2771,85637,Apparel,946.18,10.4,COD,1280,28,5,370.6,4,1,2.0,1
2772,44658,Footwear,4396.87,35.7,Wallet,1055,20,4,134.1,3,0,2.0,0
2773,36964,Beauty,1449.66,22.2,Prepaid_UPI,145,4,0,410.4,5,1,5.0,0
2774,11151,Apparel,993.8,12.1,Prepaid_UPI,182,3,0,133.9,7,1,,0
2775,82349,Footwear,5072.44,0.0,Prepaid_UPI,288,2,1,49.3,4,0,2.0,1
2776,81875,Electronics,5203.96,50.4,COD,377,5,1,250.1,3,1,2.0,0
2777,68488,Home,11612.23,31.2,Prepaid_Card,1245,32,3,515.1,2,1,1.0,0
2778,97784,Home,4100.53,32.1,Prepaid_UPI,64,2,0,243.1,9,0,4.0,0
2779,27107,Apparel,2323.74,45.5,Prepaid_UPI,183,8,2,75.9,4,1,3.0,0
2780,84691,Apparel,361.95,23.1,COD,671,13,1,260.6,6,0,1.0,0
2781,97260,Apparel,1546.83,38.9,Prepaid_Card,807,15,0,343.7,1,0,4.0,0
2782,65971,Apparel,1687.87,13.3,COD,35,0,0,347.9,3,0,1.0,1
2783,69135,Home,8870.85,30.3,Wallet,303,9,0,405.0,7,0,1.0,1
2784,77056,Electronics,40935.75,11.2,COD,241,6,1,255.5,3,1,5.0,0
2785,41649,Apparel,591.15,12.9,Prepaid_UPI,269,4,2,372.5,3,0,5.0,1
2786,35159,Footwear,2785.56,21.4,COD,301,4,3,124.9,5,1,1.0,1
2787,69043,Footwear,5250.55,2.3,Prepaid_Card,23,3,0,331.9,3,0,5.0,0
2788,35016,Home,13386.66,24.6,Prepaid_UPI,181,3,1,177.6,6,0,2.0,0
2789,78843,Beauty,1570.28,15.6,COD,8,0,0,457.6,3,1,3.0,0
2790,87310,Electronics,28340.38,0.0,Prepaid_UPI,267,4,0,252.3,4,0,5.0,0
2791,56450,Footwear,4701.5,13.6,Prepaid_UPI,327,6,0,46.8,6,1,4.0,0
2792,63143,Apparel,2026.16,15.2,Prepaid_UPI,574,14,5,189.2,4,0,3.0,0
2793,18380,Footwear,5384.45,31.9,COD,328,3,1,374.9,2,0,,0
2794,50243,Beauty,2554.99,24.0,Prepaid_UPI,814,18,1,239.9,4,1,2.0,0
2795,99565,Footwear,2779.33,40.3,Prepaid_Card,166,6,0,74.2,3,0,2.0,0
2796,66806,Home,9921.42,27.3,Prepaid_Card,77,1,0,117.4,4,1,2.0,0
2797,16970,Home,7506.91,12.2,Prepaid_Card,104,5,1,631.6,5,1,5.0,0
2798,44353,Electronics,6780.11,19.2,Prepaid_Card,326,11,2,285.7,5,1,2.0,1
2799,73230,Home,12414.37,15.1,COD,104,5,0,259.1,6,0,5.0,1
2800,91072,Footwear,3809.7,26.8,Prepaid_Card,823,16,0,207.5,3,1,2.0,0
2801,75806,Beauty,315.31,20.8,COD,1383,30,2,282.4,4,1,4.0,0
2802,36270,Electronics,34166.55,11.2,COD,138,4,0,303.8,7,1,2.0,0
2803,32471,Apparel,958.67,20.1,COD,1450,30,1,89.0,5,0,2.0,0
2804,24426,Home,1504.35,26.5,COD,324,5,1,187.4,6,1,3.0,1
2805,73178,Apparel,1654.17,5.9,Prepaid_UPI,113,0,0,142.3,4,1,4.0,1
2806,26242,Apparel,1924.25,24.4,Prepaid_Card,103,9,0,94.2,6,1,2.0,1
2807,68725,Electronics,26346.93,0.0,COD,300,5,1,54.2,4,1,5.0,0
2808,93188,Footwear,531.07,35.5,Prepaid_UPI,209,7,0,665.4,2,1,4.0,0
2809,70018,Apparel,1590.3,27.4,Wallet,1594,32,10,835.8,6,1,2.0,1
2810,37717,Apparel,364.21,42.8,Prepaid_UPI,361,13,3,656.7,5,0,5.0,0
2811,30641,Apparel,2341.78,4.4,Prepaid_UPI,273,4,0,375.0,5,1,4.0,0
2812,97951,Beauty,911.82,35.9,Wallet,160,3,1,269.4,3,0,3.0,1
2813,21701,Footwear,5290.54,33.1,Prepaid_Card,842,13,4,169.9,8,1,2.0,0
2814,13650,Apparel,376.03,17.4,Wallet,1047,26,8,189.9,6,1,1.0,0
2815,55856,Apparel,559.02,14.7,Wallet,505,15,2,101.5,3,1,5.0,1
2816,14438,Home,7045.42,4.8,COD,804,14,8,218.0,7,1,3.0,1
2817,83496,Apparel,1981.01,1.2,Prepaid_UPI,258,9,3,69.7,7,0,,0
2818,83838,Home,14167.14,9.5,Prepaid_UPI,465,6,3,252.0,4,0,2.0,1
2819,22195,Electronics,26533.65,2.4,Prepaid_UPI,640,16,4,105.8,3,0,5.0,0
2820,46388,Beauty,1163.06,42.3,Prepaid_UPI,223,4,1,389.5,5,0,2.0,0
2821,94080,Apparel,445.79,0.0,COD,1832,44,3,179.6,4,1,4.0,0
2822,73346,Home,8963.79,22.1,Prepaid_Card,289,7,0,447.9,10,0,3.0,0
2823,21102,Apparel,1167.09,26.1,Prepaid_Card,119,5,0,451.3,2,1,,0
2824,63344,Beauty,2741.03,25.0,Prepaid_UPI,335,11,0,322.2,8,1,,0
2825,58753,Beauty,1518.17,26.2,Prepaid_UPI,409,8,1,491.7,4,0,2.0,0
2826,71843,Footwear,4709.96,33.2,Prepaid_UPI,1031,22,3,244.1,4,0,2.0,0
2827,89893,Electronics,42562.32,13.8,Prepaid_UPI,351,4,0,432.4,3,0,4.0,0
2828,57281,Apparel,561.3,21.2,Wallet,74,0,0,285.2,5,0,1.0,0
2829,95470,Footwear,2924.65,15.9,COD,90,7,1,449.2,3,1,4.0,1
2830,73297,Footwear,5415.45,38.2,Wallet,558,14,5,264.3,4,1,1.0,0
2831,14963,Apparel,1262.58,49.4,COD,169,0,0,420.7,2,1,5.0,1
2832,61287,Electronics,28692.56,3.3,Prepaid_Card,195,9,0,404.6,1,0,2.0,0
2833,46028,Electronics,43782.09,0.0,COD,366,9,3,262.4,4,0,4.0,0
2834,46287,Footwear,1779.26,28.0,Prepaid_Card,178,6,2,138.7,7,1,3.0,1
2835,72952,Footwear,5420.2,35.0,COD,36,2,0,423.0,5,1,3.0,1
2836,72811,Home,6256.91,47.4,COD,8,1,0,262.4,4,0,1.0,0
2837,46501,Home,9098.98,30.3,Prepaid_Card,51,0,0,437.1,10,0,3.0,0
2838,20938,Apparel,1055.28,39.5,Prepaid_UPI,483,14,1,172.0,1,1,4.0,0
2839,18611,Electronics,26828.83,43.2,COD,668,8,2,70.3,5,1,3.0,0
2840,34110,Apparel,455.96,40.5,Prepaid_UPI,480,13,5,60.2,3,1,5.0,0
2841,77317,Footwear,858.93,32.3,COD,195,4,3,136.3,5,1,4.0,1
2842,26880,Electronics,21321.42,2.0,COD,93,4,0,431.4,3,0,5.0,0
2843,87273,Electronics,17412.64,19.9,COD,194,4,0,184.7,3,1,4.0,0
2844,85620,Apparel,1673.95,24.2,Prepaid_Card,249,8,0,314.6,5,0,3.0,0
2845,56324,Apparel,431.51,18.6,Prepaid_UPI,159,3,1,307.2,4,0,1.0,0
2846,66006,Home,2931.2,19.5,Prepaid_Card,865,20,3,48.2,3,0,1.0,0
2847,75782,Apparel,800.62,41.9,Prepaid_UPI,545,13,6,328.9,2,0,2.0,0
2848,10133,Apparel,1297.06,9.4,Prepaid_Card,265,11,3,321.7,6,0,5.0,1
2849,52795,Footwear,1857.59,31.2,Prepaid_UPI,19,2,0,139.8,4,0,3.0,0
2850,84263,Electronics,7745.47,24.4,Wallet,237,1,1,284.1,2,1,5.0,0
2851,94882,Electronics,30281.11,8.0,COD,983,20,4,490.8,1,1,3.0,0
2852,34782,Electronics,37449.73,4.9,COD,483,12,0,242.3,5,0,,0
2853,54586,Footwear,4268.97,0.0,COD,288,10,0,380.8,4,0,5.0,0
2854,10982,Electronics,14532.82,26.8,Prepaid_Card,904,17,7,215.0,5,0,3.0,0
2855,22242,Footwear,5199.45,19.1,Prepaid_Card,316,13,1,648.6,10,0,1.0,1
2856,17236,Beauty,1893.69,8.4,COD,178,4,2,125.0,6,1,2.0,1
2857,41085,Home,9412.67,0.0,Prepaid_UPI,51,2,0,264.8,4,0,1.0,0
2858,59869,Electronics,11429.57,26.1,Wallet,18,0,0,83.3,1,1,4.0,1
2859,38692,Footwear,1832.17,17.6,COD,153,6,0,303.4,8,1,4.0,1
2860,26407,Electronics,24262.76,10.0,COD,118,1,0,58.6,5,0,4.0,0
2861,88305,Electronics,12653.23,6.5,COD,37,0,0,225.0,9,0,,0
2862,66612,Home,10477.13,16.7,COD,330,6,0,537.8,3,0,2.0,0
2863,81250,Electronics,16119.17,26.6,Prepaid_UPI,930,24,4,379.2,2,1,3.0,0
2864,86998,Apparel,676.62,15.4,Prepaid_Card,572,14,1,94.8,7,1,1.0,0
2865,88144,Electronics,8429.08,3.4,COD,47,0,0,464.4,5,1,,0
2866,46809,Apparel,623.54,19.2,Prepaid_Card,18,0,0,222.2,7,0,2.0,0
2867,73111,Electronics,22547.75,34.6,COD,397,13,5,205.6,2,0,1.0,1
2868,88405,Home,544.08,20.6,Prepaid_Card,548,11,5,195.1,2,1,2.0,0
2869,78686,Beauty,1695.76,21.0,Prepaid_Card,645,16,4,185.2,2,0,1.0,1
2870,29244,Apparel,991.35,15.4,Prepaid_Card,267,8,0,119.2,1,1,3.0,1
2871,92847,Home,8510.94,7.5,Prepaid_Card,74,0,0,179.1,3,1,5.0,0
2872,67690,Electronics,46835.85,7.1,Prepaid_UPI,449,13,3,217.6,1,1,5.0,1
2873,22662,Apparel,2218.45,0.0,COD,395,6,0,52.4,5,0,2.0,0
2874,90319,Apparel,1589.32,36.5,Prepaid_UPI,883,18,2,149.7,4,1,1.0,0
2875,81530,Apparel,1248.85,26.5,COD,230,9,0,346.3,3,1,1.0,0
2876,59498,Apparel,1851.48,21.2,COD,106,6,0,217.3,6,0,2.0,0
2877,41981,Apparel,2334.75,24.1,Prepaid_UPI,27,2,0,379.9,5,1,4.0,1
2878,80201,Electronics,24987.81,24.8,Prepaid_UPI,112,4,0,76.2,7,0,3.0,0
2879,62597,Home,1939.96,9.7,COD,583,15,0,73.9,8,1,4.0,1
2880,64452,Apparel,1997.09,15.4,Prepaid_Card,268,10,2,270.6,5,0,3.0,0
2881,15270,Apparel,372.53,13.4,Prepaid_UPI,281,10,0,135.8,5,1,3.0,1
2882,24415,Apparel,1993.97,55.2,Wallet,374,8,0,145.3,6,1,2.0,0
2883,39496,Home,1731.29,34.3,Prepaid_Card,158,1,0,178.5,8,1,3.0,0
2884,92724,Electronics,6224.21,22.4,COD,350,7,4,151.7,2,0,4.0,1
2885,72113,Home,11834.75,39.1,Prepaid_Card,371,8,2,191.0,3,0,1.0,1
2886,28428,Apparel,1832.47,37.4,COD,1460,32,7,296.8,2,0,2.0,0
2887,89322,Apparel,1558.09,0.7,COD,449,6,0,821.0,3,1,4.0,0
2888,80654,Beauty,2488.67,16.9,Prepaid_Card,310,8,2,152.7,4,0,,0
2889,17132,Apparel,2180.44,19.8,Prepaid_UPI,298,1,0,433.0,3,1,3.0,0
2890,18393,Apparel,1333.65,28.6,COD,84,2,0,40.3,5,1,5.0,0
2891,43801,Apparel,2492.04,16.9,Prepaid_UPI,433,10,1,205.1,6,0,2.0,0
2892,54039,Beauty,1169.1,18.6,Prepaid_UPI,140,3,0,241.0,4,0,5.0,0
2893,78863,Home,2986.86,13.5,Prepaid_UPI,162,6,1,149.5,5,0,3.0,0
2894,62411,Home,12766.66,34.7,COD,461,12,1,193.7,8,1,3.0,1
2895,40719,Beauty,1334.38,0.0,COD,368,14,0,223.1,5,1,3.0,0
2896,70769,Apparel,2230.17,14.0,COD,113,0,0,119.5,2,0,2.0,0
2897,69874,Beauty,324.32,0.0,COD,495,11,1,280.5,3,0,5.0,0
2898,73166,Apparel,588.76,5.6,COD,589,13,1,264.1,3,1,,0
2899,64998,Home,1083.95,24.4,COD,94,2,0,210.8,7,1,,0
2900,14951,Electronics,30498.54,24.7,COD,110,0,0,201.9,3,1,2.0,0
2901,93374,Electronics,41761.34,15.6,COD,468,6,1,348.4,2,1,2.0,0
2902,39058,Beauty,1297.58,35.7,Wallet,173,3,1,322.9,2,0,3.0,0
2903,83196,Apparel,545.0,39.0,Prepaid_UPI,47,0,0,152.7,3,0,2.0,0
2904,70127,Beauty,1214.39,19.0,COD,1130,24,6,439.4,3,0,5.0,0
2905,66185,Electronics,18054.26,23.5,Wallet,129,0,0,269.1,3,1,2.0,0
2906,43723,Home,9830.34,13.7,COD,1047,22,1,196.3,6,0,4.0,1
2907,79671,Beauty,2008.63,28.8,Prepaid_Card,236,8,1,441.6,4,0,4.0,0
2908,50189,Apparel,571.5,3.3,Prepaid_UPI,291,3,0,68.9,4,0,3.0,0
2909,32936,Beauty,1347.5,45.1,Prepaid_Card,126,5,0,147.2,6,1,4.0,0
2910,18827,Home,9816.46,36.0,COD,1185,24,2,455.3,6,1,3.0,0
2911,19129,Footwear,1923.74,3.2,COD,197,3,0,275.4,3,1,1.0,1
2912,64044,Apparel,1225.22,9.0,Prepaid_Card,95,3,0,297.5,7,1,2.0,1
2913,49012,Home,9398.58,25.9,Prepaid_Card,44,0,0,218.8,4,1,4.0,0
2914,39488,Home,6341.63,15.3,Prepaid_Card,637,11,1,133.2,3,0,4.0,0
2915,55047,Electronics,2512.19,27.6,Prepaid_Card,455,9,0,212.6,6,1,4.0,0
2916,20212,Apparel,828.62,15.0,COD,66,0,0,335.9,5,1,5.0,1
2917,89889,Apparel,2018.57,41.3,Prepaid_Card,826,19,1,215.5,5,0,4.0,1
2918,55418,Beauty,858.24,20.1,COD,209,0,0,334.8,4,1,5.0,0
2919,92960,Apparel,2108.08,53.9,Prepaid_UPI,225,7,0,283.5,4,1,2.0,0
2920,46183,Footwear,3067.99,28.4,Prepaid_UPI,469,12,1,143.6,3,1,3.0,0
2921,36752,Beauty,1497.83,1.1,Prepaid_Card,1444,36,1,283.4,4,1,4.0,0
2922,66710,Apparel,2006.61,49.2,Prepaid_UPI,292,13,1,362.7,4,0,5.0,0
2923,13169,Apparel,1174.08,35.4,COD,515,14,1,116.5,5,1,,0
2924,30601,Home,3957.97,25.3,COD,1054,21,1,183.2,8,1,1.0,0
2925,55603,Apparel,575.82,29.1,Prepaid_Card,797,24,4,202.5,4,0,4.0,0
2926,23664,Home,10242.69,3.4,Prepaid_Card,506,7,3,260.1,6,0,2.0,0
2927,98992,Footwear,3084.68,0.0,Prepaid_UPI,438,4,0,559.9,5,1,1.0,0
2928,40814,Home,12236.4,19.4,Wallet,690,20,3,137.6,7,1,4.0,0
2929,75003,Electronics,23426.06,39.3,COD,184,5,0,197.4,8,1,4.0,1
2930,92722,Footwear,2781.46,25.5,COD,375,2,1,144.0,3,0,,1
2931,15789,Home,4833.36,43.9,Prepaid_Card,782,13,2,69.1,1,1,3.0,0
2932,29253,Apparel,778.77,38.5,COD,90,3,1,316.8,2,1,5.0,0
2933,16604,Home,12541.34,20.3,COD,205,1,0,544.2,6,0,4.0,1
2934,36622,Beauty,421.35,36.6,Wallet,274,3,0,334.8,5,0,3.0,0
2935,61787,Home,13580.85,41.3,Prepaid_UPI,94,7,0,124.5,3,0,5.0,0
2936,80594,Electronics,2318.55,18.9,Wallet,350,14,1,125.1,8,0,5.0,0
2937,48112,Electronics,26590.36,17.0,COD,10,0,0,194.3,4,1,4.0,0
2938,78383,Apparel,475.41,22.0,COD,1972,43,7,152.3,4,0,4.0,1
2939,84422,Apparel,2026.16,0.0,Prepaid_Card,275,8,2,133.1,4,0,1.0,0
2940,45545,Apparel,804.72,23.9,Wallet,74,0,0,378.4,7,0,4.0,1
2941,40313,Beauty,1762.88,30.1,COD,324,0,0,390.8,3,0,3.0,0
2942,83046,Apparel,2320.36,22.0,COD,537,3,1,179.8,7,0,,0
2943,31449,Footwear,4070.92,24.8,COD,1204,26,11,387.5,6,1,2.0,0
2944,77285,Apparel,733.39,19.4,Prepaid_UPI,169,6,0,385.0,7,1,2.0,1
2945,69084,Apparel,2062.86,0.0,Prepaid_UPI,338,7,0,118.5,6,0,1.0,0
2946,35619,Electronics,22632.5,43.3,Prepaid_UPI,50,3,0,217.0,5,0,1.0,0
2947,27735,Electronics,1645.66,14.9,COD,114,5,0,81.1,6,0,2.0,0
2948,65854,Footwear,3177.21,11.4,Prepaid_UPI,137,7,0,139.9,5,0,4.0,0
2949,71868,Beauty,2465.58,39.0,Prepaid_Card,1,0,0,451.0,3,1,2.0,0
2950,33516,Beauty,1375.38,33.7,COD,316,7,0,531.4,6,1,5.0,0
2951,67642,Apparel,1980.62,23.8,COD,75,1,0,284.5,4,0,4.0,1
2952,56906,Footwear,4380.39,30.8,Prepaid_Card,256,4,0,388.4,7,1,4.0,0
2953,10582,Apparel,1332.36,3.8,COD,848,14,5,160.3,7,0,3.0,1
2954,49909,Beauty,1071.36,18.9,Wallet,168,7,2,156.8,6,1,3.0,0
2955,32782,Home,11034.83,38.1,Prepaid_Card,2,0,0,310.1,6,1,3.0,0
2956,52893,Electronics,19077.0,10.5,COD,306,5,1,197.6,5,1,3.0,1
2957,21104,Apparel,715.69,6.0,Prepaid_UPI,636,12,2,52.8,6,1,3.0,0
2958,95878,Apparel,1039.86,21.1,Prepaid_UPI,1069,19,3,191.5,3,1,2.0,0
2959,16856,Apparel,2235.2,21.4,COD,56,0,0,426.0,5,0,4.0,0
2960,81321,Beauty,957.66,29.1,Prepaid_Card,923,22,2,216.5,5,0,5.0,0
2961,31272,Footwear,1792.28,0.7,COD,941,18,4,396.3,5,1,,1
2962,65665,Beauty,530.25,0.0,COD,530,14,1,66.7,5,0,1.0,0
2963,21396,Apparel,468.63,32.9,Prepaid_UPI,335,6,0,227.9,5,0,4.0,0
2964,14642,Home,14662.04,4.8,Prepaid_Card,430,4,0,179.0,9,1,3.0,0
2965,93541,Apparel,1504.07,11.5,COD,59,5,2,94.1,5,0,1.0,0
2966,21496,Home,11079.84,0.0,COD,1286,29,12,219.7,6,1,1.0,1
2967,62246,Electronics,38875.7,34.3,Prepaid_Card,901,22,0,188.7,5,0,5.0,1
2968,67578,Apparel,1107.48,24.9,COD,272,8,1,491.6,5,1,3.0,0
2969,29843,Home,12084.14,24.3,Wallet,112,0,0,433.3,3,1,3.0,0
2970,92667,Apparel,2417.19,24.2,Prepaid_Card,2451,52,1,198.5,3,1,,1
2971,82254,Electronics,37346.33,0.0,Prepaid_UPI,316,10,5,208.1,4,1,5.0,0
2972,14373,Home,10820.13,6.2,COD,454,15,3,147.9,2,0,1.0,0
2973,12548,Apparel,1279.3,13.7,Prepaid_UPI,1559,34,5,107.0,5,0,2.0,0
2974,99079,Beauty,2547.76,9.5,COD,70,0,0,250.2,3,1,1.0,1
2975,19940,Home,1788.14,16.2,COD,303,11,0,60.2,2,1,5.0,0
2976,52370,Footwear,4623.26,23.4,COD,491,9,4,171.2,9,1,4.0,0
2977,79044,Home,5748.91,34.1,COD,220,5,0,104.3,7,0,2.0,0
2978,44305,Footwear,3612.86,0.0,Wallet,343,6,1,292.1,9,1,,0
2979,96094,Footwear,5411.3,19.9,Prepaid_UPI,739,17,2,358.5,4,1,,0
2980,71387,Beauty,1874.31,30.0,Prepaid_Card,26,0,0,212.0,4,0,5.0,0
2981,77801,Home,870.93,7.1,Prepaid_Card,79,0,0,187.8,5,0,5.0,0
2982,99055,Apparel,1903.6,17.3,Prepaid_Card,290,4,0,378.3,5,1,2.0,1
2983,21510,Apparel,2347.4,26.5,Prepaid_Card,697,17,3,149.4,4,1,2.0,0
2984,28363,Home,9809.17,20.2,Prepaid_UPI,137,3,0,369.2,3,0,5.0,0
2985,19262,Apparel,2202.05,29.4,Prepaid_Card,208,7,3,274.5,6,1,5.0,1
2986,96654,Apparel,2124.39,21.3,Prepaid_UPI,563,10,1,219.7,1,1,3.0,0
2987,59539,Apparel,2201.78,15.6,COD,128,2,0,479.2,6,0,5.0,0
2988,21165,Home,5489.46,3.6,Wallet,915,22,12,373.4,4,1,4.0,0
2989,36412,Apparel,1369.45,23.5,COD,551,14,5,90.9,6,0,1.0,1
2990,82940,Home,12796.49,21.4,COD,315,2,0,174.4,7,0,1.0,0
2991,57384,Footwear,5507.19,6.1,Prepaid_UPI,273,7,0,111.3,6,0,2.0,0
2992,73316,Footwear,1307.63,28.1,COD,206,2,0,191.9,2,0,2.0,1
2993,54039,Electronics,9895.09,37.8,COD,221,7,0,410.1,2,0,2.0,1
2994,53881,Home,5529.03,10.8,COD,724,21,4,340.6,1,0,4.0,1
2995,89502,Home,11669.32,9.8,Prepaid_Card,8,0,0,96.2,4,0,1.0,0
2996,59223,Electronics,43874.08,9.3,Wallet,446,7,2,154.3,2,1,5.0,0
2997,76984,Home,8913.48,0.0,Prepaid_UPI,1217,27,7,179.3,4,0,2.0,0
2998,97917,Apparel,593.53,48.1,Prepaid_Card,1079,23,2,271.2,3,0,5.0,0
2999,51069,Beauty,1015.68,13.7,Wallet,345,10,0,289.0,3,0,1.0,0
3000,78899,Apparel,2192.6,8.0,Prepaid_Card,72,1,0,62.8,5,0,,0
3001,90320,Footwear,2411.55,4.2,Prepaid_UPI,105,0,0,425.7,5,1,3.0,0
3002,99063,Home,1990.71,14.6,COD,284,3,0,185.9,3,1,5.0,0
3003,47341,Apparel,999.45,10.3,Prepaid_Card,118,0,0,391.6,4,1,,0
3004,20219,Footwear,4936.88,40.1,COD,61,0,0,93.2,5,0,,0
3005,91175,Apparel,1410.98,2.5,COD,46,0,0,76.1,4,0,,0
3006,45718,Footwear,1443.65,0.0,Prepaid_UPI,283,7,2,281.1,4,0,4.0,0
3007,16676,Home,5033.17,27.7,COD,850,18,3,164.7,6,1,,0
3008,32381,Apparel,2400.2,18.5,Prepaid_Card,319,5,1,196.1,3,1,2.0,0
3009,87655,Apparel,1278.71,16.9,Prepaid_UPI,404,5,0,189.3,6,1,1.0,1
3010,39353,Footwear,2928.8,27.8,COD,17,0,0,267.9,9,1,2.0,1
3011,64674,Apparel,679.1,21.9,Prepaid_Card,206,2,0,255.4,5,1,2.0,0
3012,97029,Beauty,1017.98,19.3,Prepaid_UPI,152,1,0,313.2,4,1,3.0,0
3013,71639,Footwear,4980.77,0.3,Prepaid_UPI,502,13,4,459.8,2,0,4.0,0
3014,59853,Footwear,4824.09,0.0,COD,37,4,0,634.2,4,1,5.0,0
3015,42029,Apparel,1286.32,10.2,Wallet,504,7,0,395.7,5,0,3.0,1
3016,85043,Footwear,5415.09,4.8,Prepaid_UPI,88,5,1,348.7,4,1,1.0,0
3017,77920,Beauty,1233.74,23.8,Prepaid_UPI,29,2,1,220.6,4,1,3.0,1
3018,10834,Apparel,2208.31,0.0,COD,243,5,1,32.7,4,1,,1
3019,49208,Electronics,2546.71,13.7,Prepaid_UPI,294,11,0,159.9,4,0,2.0,0
3020,56995,Apparel,1096.55,17.6,Prepaid_UPI,516,10,2,284.8,4,1,5.0,0
3021,41238,Electronics,42898.36,19.4,COD,16,1,0,65.2,3,0,1.0,1
3022,96073,Footwear,5457.2,25.6,Wallet,457,10,0,304.2,5,0,1.0,0
3023,96841,Electronics,38064.78,15.4,Wallet,241,5,0,81.7,5,1,5.0,0
3024,40746,Home,10213.05,10.7,Prepaid_Card,1618,37,8,150.8,7,0,1.0,0
3025,10402,Electronics,40959.74,37.4,Prepaid_UPI,624,14,7,184.8,3,1,3.0,1
3026,54459,Apparel,1871.25,15.5,Prepaid_Card,784,18,1,125.8,6,1,4.0,0
3027,69455,Apparel,896.58,39.9,Prepaid_UPI,1350,27,0,152.1,6,1,5.0,1
3028,36983,Beauty,1478.78,15.4,Prepaid_UPI,602,11,1,297.6,4,0,1.0,0
3029,71464,Home,10080.22,19.8,COD,131,0,0,324.7,3,1,2.0,0
3030,74020,Electronics,29802.34,18.1,COD,920,19,3,330.3,7,1,4.0,0
3031,11917,Footwear,5368.04,23.2,COD,912,23,2,321.2,2,1,2.0,0
3032,10798,Apparel,1368.77,14.1,Wallet,328,5,0,388.1,3,0,2.0,0
3033,60995,Apparel,732.67,21.3,COD,32,2,0,378.3,2,1,1.0,0
3034,61345,Apparel,811.35,41.4,Prepaid_UPI,119,3,0,420.2,3,1,2.0,0
3035,84665,Beauty,2561.26,34.7,Prepaid_Card,82,0,0,289.4,4,1,5.0,0
3036,20042,Footwear,547.97,34.8,COD,148,7,0,398.7,7,1,2.0,0
3037,47821,Home,13102.39,1.2,Wallet,473,12,1,522.0,4,1,4.0,0
3038,50756,Apparel,469.51,3.5,Prepaid_Card,75,1,0,111.2,9,0,5.0,0
3039,69455,Apparel,1192.07,23.0,COD,4,0,0,326.4,6,1,3.0,1
3040,55383,Home,12102.56,30.8,COD,1106,24,3,90.8,3,0,5.0,1
3041,71601,Electronics,20973.15,12.7,COD,62,0,0,269.1,4,0,3.0,0
3042,46700,Beauty,2493.69,10.2,COD,152,0,0,142.5,5,0,1.0,0
3043,19748,Footwear,1051.64,39.5,COD,103,3,1,396.4,5,1,5.0,1
3044,14559,Electronics,26065.57,29.6,Prepaid_Card,316,2,1,310.2,2,1,1.0,1
3045,14882,Footwear,3703.61,34.8,COD,140,0,0,341.4,3,0,,0
3046,60204,Beauty,2688.98,13.8,COD,257,4,0,181.1,1,0,4.0,0
3047,48830,Electronics,5587.45,12.7,COD,35,9,0,490.9,8,1,,0
3048,32558,Home,5409.71,33.3,Prepaid_Card,343,9,1,204.1,5,1,5.0,1
3049,64927,Beauty,2029.14,16.3,Wallet,90,5,2,135.9,4,1,5.0,0
3050,49692,Apparel,2456.85,11.4,COD,189,1,1,178.3,3,0,5.0,1
3051,37805,Beauty,2567.58,7.2,COD,253,6,0,130.3,3,1,2.0,0
3052,18162,Apparel,2169.96,12.8,Prepaid_Card,198,0,0,166.6,2,1,5.0,0
3053,20936,Home,7999.15,32.3,Wallet,309,5,4,201.4,5,1,5.0,0
3054,24676,Footwear,3603.65,0.0,Prepaid_UPI,770,18,4,456.5,6,0,2.0,0
3055,25245,Home,12949.41,28.8,Prepaid_UPI,151,0,0,85.0,8,0,4.0,0
3056,65414,Electronics,43611.65,10.1,Wallet,372,9,1,160.9,6,0,1.0,0
3057,65461,Home,12132.98,17.1,Prepaid_Card,304,8,1,327.4,6,1,4.0,0
3058,99423,Apparel,2109.93,18.0,Wallet,464,8,1,241.4,7,1,1.0,0
3059,17298,Apparel,2241.2,16.9,COD,73,0,0,331.0,4,1,2.0,0
3060,98297,Apparel,594.63,16.0,Prepaid_UPI,283,4,0,546.9,2,1,1.0,0
3061,75691,Home,4743.27,13.8,Prepaid_UPI,62,0,0,223.0,6,0,3.0,0
3062,20335,Electronics,48829.56,12.0,Wallet,407,8,3,127.8,3,0,3.0,0
3063,61229,Apparel,1521.27,38.5,Prepaid_Card,72,3,0,218.8,4,0,5.0,0
3064,62186,Beauty,652.92,20.4,Prepaid_UPI,93,0,0,177.5,2,1,2.0,0
3065,19188,Electronics,25649.73,18.2,COD,192,9,0,174.5,7,1,4.0,0
3066,91339,Electronics,32643.42,11.0,Prepaid_Card,316,11,1,130.0,6,0,5.0,1
3067,73635,Electronics,41582.88,14.3,COD,171,4,2,417.6,2,1,4.0,0
3068,45919,Apparel,2096.18,11.0,Prepaid_Card,502,10,1,82.8,5,1,4.0,0
3069,47634,Footwear,770.83,30.7,Prepaid_UPI,69,0,0,372.5,7,1,5.0,0
3070,82374,Electronics,23222.72,9.4,COD,387,9,1,328.7,4,1,5.0,0
3071,65008,Apparel,394.22,0.0,COD,564,14,2,66.5,4,0,4.0,0
3072,22809,Beauty,2681.24,20.8,COD,486,10,0,274.1,6,1,5.0,0
3073,64211,Footwear,1456.48,16.1,Prepaid_UPI,247,4,0,99.6,4,0,4.0,0
3074,98727,Footwear,3936.81,11.8,Prepaid_UPI,576,13,0,216.6,4,1,2.0,0
3075,88633,Beauty,1776.26,32.8,Prepaid_UPI,216,5,0,213.3,6,1,1.0,0
3076,67874,Beauty,1932.76,0.0,COD,35,0,0,146.3,2,1,1.0,0
3077,58574,Electronics,28607.41,42.1,Prepaid_UPI,173,4,1,208.2,3,1,5.0,0
3078,65578,Home,10876.04,34.8,Prepaid_UPI,230,3,0,464.2,1,0,1.0,1
3079,34804,Home,9578.59,11.2,COD,5,0,0,86.9,9,0,5.0,0
3080,62291,Apparel,544.15,13.7,COD,255,5,1,196.9,5,1,,1
3081,85388,Apparel,1138.55,27.1,Prepaid_Card,26,0,0,88.3,7,1,5.0,0
3082,91236,Apparel,1525.18,27.4,COD,699,13,2,639.2,2,0,1.0,0
3083,63455,Home,5215.36,11.1,COD,15,3,2,151.0,7,1,5.0,1
3084,37795,Footwear,4681.82,0.0,COD,227,3,0,141.6,4,1,3.0,0
3085,29468,Footwear,2248.44,49.6,COD,412,14,0,695.5,7,0,5.0,0
3086,29248,Electronics,41605.52,33.4,COD,804,19,0,301.0,4,0,3.0,0
3087,30926,Apparel,665.48,22.2,COD,173,1,0,387.4,2,1,5.0,0
3088,58084,Electronics,38700.24,22.5,Prepaid_UPI,237,8,0,47.5,7,1,3.0,0
3089,49826,Home,3160.25,28.7,Prepaid_Card,108,0,0,364.7,5,0,2.0,1
3090,98620,Beauty,1654.84,30.4,Prepaid_Card,446,15,1,161.9,2,1,5.0,0
3091,65559,Beauty,1063.49,0.0,Prepaid_UPI,111,3,0,326.9,1,0,2.0,0
3092,98461,Beauty,1966.4,15.1,Prepaid_Card,422,11,0,345.0,5,0,1.0,0
3093,92667,Beauty,756.31,13.6,COD,399,8,0,68.2,4,1,2.0,0
3094,18247,Beauty,2416.92,17.7,COD,979,22,4,92.2,5,0,4.0,1
3095,33966,Electronics,29105.61,30.8,COD,275,5,0,109.7,5,0,3.0,0
3096,14311,Apparel,2408.14,0.0,Prepaid_Card,136,0,0,347.4,4,1,1.0,0
3097,67618,Apparel,1880.31,1.1,Prepaid_Card,142,4,0,94.2,5,0,3.0,0
3098,82741,Electronics,30762.38,10.5,COD,1532,37,15,69.6,6,0,,0
3099,92294,Apparel,2132.69,22.2,Prepaid_Card,145,0,0,119.2,4,1,,0
3100,67866,Apparel,822.32,31.6,Wallet,437,14,1,54.7,6,1,4.0,0
3101,31369,Beauty,1953.32,42.8,COD,580,14,3,218.8,6,0,3.0,0
3102,66259,Apparel,1189.37,16.0,Prepaid_Card,916,19,7,147.9,7,1,3.0,1
3103,33349,Beauty,2269.8,31.6,Prepaid_Card,263,4,0,120.4,1,0,2.0,0
3104,72938,Footwear,634.58,29.9,Prepaid_UPI,1700,43,12,444.3,4,0,1.0,0
3105,13386,Home,6701.83,27.6,Prepaid_UPI,123,5,0,216.8,6,1,1.0,0
3106,12817,Home,9949.68,19.7,Prepaid_UPI,235,8,0,247.7,9,0,3.0,0
3107,65146,Electronics,23571.33,14.4,COD,573,11,1,206.7,7,1,4.0,1
3108,46934,Home,3950.59,5.1,Prepaid_Card,1084,25,10,284.5,7,0,5.0,1
3109,22396,Apparel,1348.35,4.2,Prepaid_UPI,87,2,0,412.8,10,0,3.0,0
3110,53149,Beauty,2571.77,24.9,COD,755,16,3,224.6,4,0,,0
3111,66053,Electronics,11135.11,19.2,Wallet,160,3,1,320.6,9,0,4.0,0
3112,69301,Apparel,1139.42,14.2,COD,270,9,0,225.8,6,0,2.0,0
3113,12914,Footwear,5946.85,29.3,Prepaid_Card,379,13,5,161.4,3,0,5.0,1
3114,62227,Home,13735.85,17.2,Prepaid_Card,1249,27,0,276.8,1,0,4.0,0
3115,16925,Electronics,2664.45,7.2,Prepaid_Card,1218,23,0,495.6,4,1,5.0,0
3116,77998,Home,8189.81,16.3,Prepaid_UPI,403,13,0,372.1,6,1,5.0,1
3117,75048,Apparel,490.64,31.5,COD,441,14,0,90.4,4,0,4.0,0
3118,58845,Home,13896.62,5.7,Prepaid_Card,2359,53,12,285.7,5,0,3.0,1
3119,82831,Apparel,1299.32,22.9,Prepaid_Card,548,17,6,120.4,8,0,,0
3120,66913,Apparel,1249.64,19.2,Prepaid_UPI,514,12,1,256.8,5,1,2.0,0
3121,63704,Apparel,936.83,9.3,Prepaid_Card,312,4,2,78.8,8,1,1.0,0
3122,10456,Electronics,28872.13,15.9,Wallet,119,0,0,245.3,6,0,1.0,0
3123,27117,Electronics,8104.94,0.0,Prepaid_UPI,145,0,0,133.4,7,1,5.0,0
3124,67319,Electronics,40148.8,21.5,COD,438,9,0,230.7,4,1,1.0,0
3125,95219,Apparel,1406.1,0.9,Prepaid_UPI,261,4,0,176.7,4,0,1.0,0
3126,56037,Apparel,1567.9,35.0,Wallet,446,8,0,194.1,5,0,5.0,1
3127,99243,Home,12691.67,18.7,COD,774,16,0,506.6,4,1,,0
3128,47191,Apparel,748.07,12.0,Prepaid_Card,76,4,2,256.8,6,1,1.0,1
3129,22043,Footwear,1463.51,36.2,COD,77,0,0,202.4,7,1,3.0,1
3130,72711,Beauty,1349.28,5.6,Prepaid_Card,1024,20,1,443.2,9,1,4.0,0
3131,74654,Electronics,39520.28,9.5,COD,197,2,1,378.8,3,0,3.0,0
3132,10188,Beauty,316.85,0.0,Prepaid_UPI,773,19,3,139.8,4,0,3.0,0
3133,89184,Apparel,2059.62,38.3,Prepaid_Card,342,7,1,488.3,6,1,3.0,0
3134,79219,Apparel,1426.63,46.2,Prepaid_Card,430,10,3,82.6,5,0,4.0,1
3135,63045,Footwear,3589.7,0.0,COD,554,16,1,133.3,2,0,1.0,1
3136,89804,Footwear,3604.12,8.6,Prepaid_UPI,322,15,0,269.0,6,1,1.0,0
3137,75458,Footwear,808.92,21.0,Prepaid_Card,112,4,1,280.4,3,1,2.0,0
3138,20170,Apparel,887.01,12.8,Prepaid_Card,459,11,2,470.9,5,0,4.0,0
3139,69443,Footwear,4654.14,19.6,COD,1715,34,0,205.2,8,1,5.0,0
3140,41909,Electronics,21201.14,18.4,COD,420,10,0,484.3,6,0,4.0,0
3141,98696,Electronics,28465.33,25.7,Prepaid_Card,36,0,0,728.4,6,1,2.0,0
3142,88174,Apparel,2381.47,6.5,Wallet,135,5,0,157.0,7,1,5.0,0
3143,73961,Beauty,281.87,22.7,COD,805,16,4,221.9,4,0,5.0,0
3144,15593,Apparel,1316.81,4.4,Prepaid_UPI,670,15,1,136.3,5,0,5.0,0
3145,91780,Footwear,2487.01,14.2,COD,98,3,0,143.4,4,0,,0
3146,30450,Home,2043.52,0.0,Prepaid_UPI,559,18,6,238.8,6,1,4.0,1
3147,81066,Footwear,5729.37,14.3,COD,143,7,3,173.4,2,1,2.0,0
3148,82513,Footwear,5788.03,12.0,Prepaid_Card,822,22,0,143.4,3,0,4.0,0
3149,54698,Beauty,1037.74,33.2,COD,193,6,3,163.1,5,0,4.0,0
3150,42141,Apparel,2385.44,19.2,COD,342,6,3,155.8,6,0,1.0,1
3151,28548,Apparel,425.62,21.7,COD,342,9,1,258.4,8,1,1.0,0
3152,40507,Home,14722.99,19.7,COD,589,10,0,106.8,3,0,3.0,0
3153,16758,Electronics,41960.67,0.0,Prepaid_Card,811,17,3,347.3,4,1,1.0,0
3154,45858,Apparel,810.81,0.0,Wallet,389,13,3,372.9,5,0,4.0,0
3155,47548,Apparel,1639.03,15.5,Prepaid_Card,137,4,0,32.9,2,1,5.0,0
3156,97032,Electronics,40116.67,23.9,Wallet,421,10,0,357.1,3,0,5.0,0
3157,51197,Apparel,1036.49,16.7,Prepaid_Card,1236,28,0,167.9,1,0,2.0,0
3158,15205,Apparel,1110.57,7.9,COD,1916,42,3,169.2,6,1,,1
3159,23053,Beauty,1942.57,16.6,COD,442,3,0,267.9,3,0,,0
3160,43044,Electronics,8207.61,15.4,Prepaid_Card,17,0,0,168.1,7,1,1.0,0
3161,37166,Beauty,486.9,30.9,COD,60,3,0,247.8,5,0,5.0,1
3162,42559,Beauty,861.95,30.1,Prepaid_UPI,123,0,0,243.6,4,1,4.0,0
3163,50071,Apparel,1943.71,12.3,Prepaid_UPI,480,10,1,223.3,3,0,1.0,0
3164,98119,Footwear,2516.3,19.3,Prepaid_Card,225,1,0,340.2,5,0,1.0,1
3165,14238,Home,7856.69,23.9,Prepaid_Card,780,15,4,245.8,4,1,1.0,0
3166,35907,Footwear,1574.98,25.9,COD,879,19,1,98.3,6,1,4.0,0
3167,39548,Apparel,767.33,43.1,Prepaid_Card,697,18,2,312.5,7,0,1.0,0
3168,94963,Apparel,1748.47,19.6,COD,64,4,0,79.2,3,0,2.0,0
3169,67820,Apparel,583.01,36.4,COD,344,5,1,538.5,4,0,2.0,0
3170,46301,Home,10183.69,3.8,COD,598,14,2,127.9,7,0,5.0,0
3171,13115,Beauty,1292.0,11.1,COD,132,0,0,130.4,7,0,5.0,0
3172,51089,Home,10233.43,0.0,Prepaid_UPI,259,5,1,504.0,3,0,5.0,0
3173,87589,Footwear,2599.51,22.1,COD,143,6,2,204.2,3,0,1.0,1
3174,70916,Beauty,2561.25,29.1,COD,41,0,0,186.6,3,0,3.0,1
3175,93388,Home,1305.56,0.0,Wallet,335,11,1,20.5,5,0,1.0,1
3176,53217,Apparel,2270.59,22.6,Wallet,189,6,0,178.7,2,1,1.0,0
3177,35394,Beauty,915.68,28.5,Prepaid_Card,245,6,0,206.8,5,1,3.0,0
3178,29517,Electronics,3084.57,27.7,Prepaid_Card,33,0,0,476.1,4,1,3.0,0
3179,64799,Apparel,1559.17,3.3,Prepaid_UPI,164,2,0,168.2,3,1,4.0,0
3180,85551,Home,3753.14,30.8,COD,449,5,0,483.5,5,1,1.0,0
3181,62051,Beauty,1458.73,20.1,Prepaid_Card,846,14,0,257.7,5,1,4.0,0
3182,35392,Apparel,2074.98,28.3,COD,563,15,0,426.0,4,0,1.0,0
3183,65542,Electronics,39785.79,18.2,Prepaid_Card,462,14,1,169.4,8,0,,1
3184,87147,Apparel,1640.83,25.3,Wallet,148,0,0,395.9,4,0,,0
3185,63604,Apparel,2452.42,35.5,Prepaid_UPI,53,1,1,122.4,5,0,5.0,0
3186,97128,Apparel,1347.06,17.1,Wallet,188,0,0,258.3,3,1,1.0,0
3187,33644,Footwear,716.64,24.0,Prepaid_UPI,84,0,0,117.8,6,1,5.0,0
3188,58041,Beauty,2485.36,37.5,Prepaid_Card,476,11,0,154.8,2,1,1.0,0
3189,31522,Apparel,825.78,18.1,Prepaid_UPI,1202,25,2,114.1,5,1,5.0,0
3190,25697,Apparel,728.91,4.2,Prepaid_UPI,669,9,1,411.1,3,1,3.0,0
3191,20513,Apparel,500.52,29.5,Prepaid_Card,270,11,4,251.4,1,0,4.0,0
3192,24631,Apparel,1054.98,40.1,COD,178,3,0,349.1,3,1,,1
3193,38722,Home,5229.31,38.0,Prepaid_Card,357,4,3,352.7,3,0,2.0,0
3194,86660,Footwear,2165.24,30.0,COD,124,3,1,108.9,6,0,4.0,0
3195,27749,Home,9101.3,0.0,Prepaid_Card,1186,26,2,290.7,3,0,4.0,0
3196,35527,Electronics,37825.57,11.1,COD,1435,33,3,582.6,1,1,3.0,0
3197,75842,Home,14097.62,11.8,Prepaid_Card,423,8,2,206.5,1,0,3.0,0
3198,54469,Apparel,552.21,20.6,COD,462,11,0,268.7,5,1,,1
3199,68851,Apparel,673.32,43.6,COD,834,21,7,426.8,5,0,3.0,1
3200,80565,Beauty,1831.05,4.9,Prepaid_Card,361,4,1,188.9,5,0,2.0,1
3201,51543,Footwear,1039.75,51.4,COD,86,0,0,372.8,4,1,,1
3202,14999,Beauty,1206.68,14.6,Wallet,674,17,2,314.1,5,0,5.0,0
3203,51892,Beauty,1929.97,9.3,Prepaid_Card,167,2,1,238.1,1,0,4.0,0
3204,48998,Home,11817.9,31.8,COD,313,6,3,271.7,1,1,1.0,0
3205,94703,Beauty,770.16,32.9,COD,494,9,0,120.4,2,1,2.0,0
3206,70360,Electronics,33731.29,29.1,Prepaid_UPI,25,0,0,657.6,4,1,3.0,0
3207,65626,Apparel,1738.62,9.2,Prepaid_Card,746,15,2,203.2,6,1,4.0,0
3208,61729,Apparel,2198.17,27.0,Prepaid_Card,1675,33,2,276.7,2,1,5.0,0
3209,44389,Apparel,1024.56,5.5,COD,96,3,1,100.4,3,0,3.0,1
3210,46597,Apparel,1962.7,8.8,Prepaid_UPI,524,14,3,320.0,6,0,3.0,0
3211,30822,Electronics,37847.99,18.7,Wallet,1011,21,0,221.0,4,0,1.0,0
3212,41751,Footwear,1815.57,8.5,COD,66,4,0,262.8,5,1,5.0,1
3213,75391,Footwear,3916.37,34.7,COD,15,0,0,176.9,5,1,2.0,0
3214,17156,Home,10289.85,11.9,COD,81,0,0,319.5,2,1,4.0,1
3215,58885,Apparel,940.02,16.9,COD,857,20,2,351.4,8,0,5.0,1
3216,64480,Footwear,2984.9,7.7,Prepaid_UPI,865,20,4,169.2,3,1,4.0,0
3217,23018,Electronics,22353.11,34.5,Wallet,1505,33,6,127.8,8,0,3.0,0
3218,15226,Apparel,2013.05,10.7,Wallet,186,6,1,132.6,6,1,3.0,1
3219,48779,Apparel,351.49,36.0,Prepaid_UPI,284,2,1,437.3,5,0,3.0,0
3220,56920,Electronics,25550.3,35.0,COD,254,4,0,159.5,2,1,1.0,0
3221,26937,Apparel,746.33,13.8,Wallet,136,5,1,402.3,5,0,5.0,0
3222,22044,Footwear,4057.63,20.4,COD,1142,28,6,243.1,4,0,2.0,0
3223,36806,Footwear,4242.03,13.4,COD,719,18,2,190.2,4,0,3.0,0
3224,13594,Footwear,3256.2,27.6,Prepaid_UPI,559,15,7,66.9,2,1,1.0,0
3225,65796,Apparel,1515.36,17.3,COD,294,5,0,577.9,6,1,5.0,0
3226,53845,Footwear,2232.82,14.2,Prepaid_UPI,221,0,0,232.0,6,1,4.0,1
3227,62833,Home,5043.18,20.6,Wallet,92,1,0,182.3,1,1,3.0,0
3228,37537,Apparel,1952.0,0.0,Prepaid_UPI,260,7,1,239.9,3,1,3.0,0
3229,63969,Home,2410.1,18.9,Prepaid_UPI,2118,49,5,263.1,4,0,2.0,0
3230,53955,Electronics,38803.66,29.1,COD,125,1,0,155.9,5,1,3.0,1
3231,96297,Electronics,33095.65,21.9,COD,57,0,0,195.1,5,1,,0
3232,24738,Apparel,2251.62,33.3,Prepaid_UPI,32,0,0,115.6,4,0,2.0,0
3233,50271,Home,4272.1,14.7,Prepaid_Card,184,2,0,159.7,5,1,4.0,1
3234,96985,Apparel,1438.28,13.6,Wallet,1917,36,5,222.2,8,1,2.0,0
3235,94998,Apparel,433.83,4.4,COD,91,0,0,100.1,4,1,4.0,0
3236,11258,Apparel,2311.89,14.3,COD,17,0,0,206.5,7,0,4.0,1
3237,40681,Beauty,2074.87,47.5,COD,633,13,3,195.3,8,1,2.0,1
3238,22211,Apparel,1689.18,23.9,Prepaid_UPI,89,0,0,166.7,8,1,2.0,0
3239,71959,Electronics,36901.77,11.8,Prepaid_UPI,515,9,1,368.9,6,0,4.0,0
3240,74003,Electronics,14932.11,5.9,Wallet,179,2,0,117.7,6,1,1.0,0
3241,60701,Beauty,1871.0,0.0,COD,104,0,0,241.4,5,1,2.0,0
3242,93715,Home,12113.37,8.4,Prepaid_Card,516,13,4,160.2,8,1,3.0,0
3243,12918,Beauty,407.34,30.6,COD,108,2,1,248.7,4,1,2.0,1
3244,14118,Apparel,2411.46,14.0,COD,182,13,1,243.3,4,1,4.0,0
3245,93893,Apparel,2267.56,6.6,COD,990,21,4,676.5,3,1,1.0,1
3246,12009,Home,14463.77,8.1,Prepaid_Card,781,18,1,822.9,9,0,1.0,0
3247,96598,Electronics,40609.08,29.1,Prepaid_Card,10,0,0,147.6,8,1,1.0,0
3248,60257,Footwear,2118.71,18.9,COD,14,0,0,216.2,3,0,2.0,0
3249,66736,Beauty,1807.43,11.2,Prepaid_Card,87,6,2,145.2,2,0,2.0,0
3250,49670,Electronics,6887.96,15.7,Prepaid_UPI,1137,28,3,241.1,4,1,4.0,0
3251,66881,Beauty,2299.38,50.9,COD,607,8,1,149.9,5,0,2.0,0
3252,28405,Home,2727.78,37.1,COD,141,0,0,145.4,5,0,,0
3253,19370,Apparel,2213.67,40.6,Prepaid_UPI,239,4,0,179.7,1,1,5.0,0
3254,21907,Electronics,12787.29,0.0,Prepaid_UPI,536,10,1,183.5,3,0,1.0,0
3255,25140,Apparel,694.89,17.9,Prepaid_UPI,513,6,1,50.8,7,1,3.0,0
3256,86780,Footwear,889.97,11.0,COD,57,1,0,190.2,6,1,,1
3257,49828,Apparel,1879.44,27.6,Prepaid_Card,285,0,0,593.7,3,1,3.0,0
3258,21156,Electronics,10123.99,34.8,Wallet,227,5,0,149.3,6,0,2.0,0
3259,32540,Home,3366.18,24.6,COD,430,11,0,367.4,6,0,1.0,1
3260,72580,Apparel,714.85,7.8,Prepaid_Card,193,6,1,294.6,9,0,2.0,1
3261,42816,Apparel,1007.46,10.7,Wallet,284,5,0,178.7,4,0,4.0,1
3262,84430,Footwear,5676.66,28.7,COD,1046,27,12,135.0,3,1,3.0,1
3263,11873,Apparel,1396.24,30.1,Prepaid_UPI,261,6,2,112.8,4,1,5.0,0
3264,12009,Electronics,13783.02,22.0,Prepaid_UPI,663,17,2,135.2,6,0,5.0,0
3265,79769,Electronics,9349.15,21.8,COD,577,10,1,97.6,2,1,5.0,1
3266,77008,Apparel,390.64,20.7,Prepaid_UPI,22,5,3,68.7,5,0,3.0,1
3267,18068,Apparel,1134.73,23.8,Prepaid_Card,655,14,3,126.8,5,0,2.0,0
3268,71493,Footwear,1105.34,30.0,Prepaid_UPI,609,18,2,385.2,7,1,1.0,0
3269,28670,Beauty,226.98,28.8,Wallet,498,15,2,315.4,3,1,3.0,0
3270,58872,Apparel,571.41,20.3,Prepaid_UPI,1056,24,2,164.7,4,1,3.0,0
3271,76523,Beauty,1057.79,19.3,COD,878,20,3,411.7,6,1,,1
3272,17144,Home,11387.52,18.8,Prepaid_UPI,665,14,6,135.6,3,0,2.0,0
3273,99562,Home,1471.3,9.1,Wallet,702,13,0,86.0,3,0,4.0,0
3274,91707,Footwear,4232.71,8.9,Prepaid_Card,44,2,0,559.7,8,0,1.0,0
3275,37689,Footwear,3912.98,27.6,Prepaid_Card,1610,37,3,253.4,6,1,1.0,0
3276,91761,Footwear,5350.95,10.0,COD,280,1,0,296.8,7,1,,0
3277,58286,Electronics,10015.36,31.4,Prepaid_UPI,1774,39,3,143.0,6,0,1.0,1
3278,40730,Home,12016.88,19.3,COD,2255,52,12,152.9,4,0,3.0,0
3279,88597,Electronics,43378.4,31.5,COD,20,4,1,167.3,3,0,,0
3280,40262,Apparel,2449.44,28.9,Wallet,31,2,0,313.2,3,1,5.0,1
3281,48580,Home,12223.97,31.8,Wallet,487,6,1,25.3,3,0,4.0,0
3282,59248,Apparel,616.1,13.3,Wallet,537,8,3,113.9,3,0,5.0,0
3283,29342,Apparel,2386.33,25.7,Prepaid_Card,837,17,1,128.1,3,0,1.0,0
3284,88797,Apparel,2102.23,30.3,COD,914,24,5,336.4,6,1,5.0,0
3285,87889,Apparel,806.5,0.0,Prepaid_Card,482,8,3,785.5,3,1,2.0,0
3286,93899,Home,2895.36,43.8,COD,150,6,1,197.7,7,0,2.0,1
3287,88115,Home,14078.01,51.7,Prepaid_UPI,23,0,0,111.2,6,0,3.0,0
3288,32439,Electronics,8629.23,33.3,Prepaid_Card,94,3,2,105.8,6,0,3.0,0
3289,62500,Apparel,2020.77,31.3,Prepaid_Card,668,12,1,235.5,5,0,1.0,0
3290,60070,Electronics,20857.7,28.2,COD,1075,23,3,452.2,5,1,1.0,1
3291,82343,Electronics,36466.46,15.5,Prepaid_Card,307,3,0,363.5,4,0,,0
3292,42798,Footwear,1005.18,18.5,Prepaid_UPI,145,7,1,272.3,3,1,3.0,0
3293,57903,Home,11013.35,33.5,Prepaid_UPI,15,0,0,102.1,4,0,5.0,1
3294,29628,Electronics,26083.66,6.4,COD,224,0,0,237.0,2,0,4.0,0
3295,57161,Electronics,45118.54,5.1,COD,730,11,5,81.1,5,1,1.0,1
3296,10259,Beauty,686.94,14.4,COD,17,0,0,490.9,3,1,2.0,1
3297,11269,Footwear,1101.46,29.2,COD,444,8,1,143.4,6,0,1.0,0
3298,36411,Electronics,10614.79,7.9,Wallet,58,3,1,175.2,6,0,5.0,0
3299,73257,Electronics,4850.19,16.8,Prepaid_UPI,235,4,2,416.6,5,1,2.0,1
3300,39526,Apparel,2457.32,18.5,COD,152,6,1,170.7,3,0,4.0,1
3301,71743,Beauty,500.14,5.8,Prepaid_UPI,86,0,0,504.7,3,0,3.0,0
3302,68910,Electronics,10841.7,0.0,COD,178,7,0,13.2,3,1,4.0,0
3303,36849,Apparel,2090.82,5.6,COD,323,4,0,132.6,3,1,3.0,0
3304,67950,Beauty,853.25,23.7,Prepaid_Card,34,0,0,319.4,4,1,5.0,0
3305,46851,Footwear,1722.61,26.8,COD,94,0,0,350.2,4,1,5.0,0
3306,98064,Apparel,1795.47,26.9,Prepaid_Card,118,0,0,138.4,8,0,,0
3307,11638,Apparel,1207.35,28.5,Prepaid_UPI,15,0,0,95.2,8,0,1.0,0
3308,69675,Apparel,2146.28,11.2,Wallet,128,4,0,276.4,8,0,5.0,0
3309,84442,Home,9754.91,8.2,COD,150,2,0,202.9,4,0,,0
3310,23780,Apparel,969.66,25.3,Prepaid_Card,168,4,2,36.3,2,1,2.0,0
3311,97992,Beauty,1854.08,17.0,COD,1,1,0,99.0,5,0,2.0,1
3312,63066,Beauty,2619.42,32.7,Prepaid_Card,341,2,0,321.8,4,0,3.0,0
3313,60868,Home,5785.0,25.3,COD,384,10,1,267.5,5,0,5.0,0
3314,24896,Home,11178.83,38.0,Prepaid_Card,414,5,0,151.9,5,0,5.0,0
3315,63669,Apparel,1244.04,13.5,COD,157,1,0,89.1,6,0,5.0,1
3316,23854,Apparel,1517.61,34.9,Wallet,345,1,0,301.2,1,1,5.0,1
3317,46280,Footwear,4535.35,48.5,Prepaid_UPI,308,8,1,389.8,7,1,3.0,1
3318,93449,Apparel,480.13,20.8,COD,67,0,0,276.0,6,1,4.0,0
3319,31020,Apparel,1328.14,27.0,Prepaid_UPI,178,0,0,114.4,3,1,4.0,0
3320,26077,Electronics,5665.46,7.0,COD,276,2,0,151.8,6,1,2.0,0
3321,10573,Apparel,1908.76,32.5,Prepaid_UPI,209,4,0,597.3,4,0,,1
3322,52939,Electronics,30782.51,35.8,COD,249,5,0,225.4,5,0,5.0,1
3323,76052,Footwear,2298.11,13.1,COD,244,7,2,645.3,4,0,2.0,1
3324,91657,Footwear,919.55,28.2,Prepaid_UPI,185,3,0,154.3,3,0,4.0,0
3325,19527,Home,13924.14,23.9,Prepaid_Card,603,16,2,198.6,2,0,2.0,0
3326,64616,Footwear,2232.52,25.5,Prepaid_Card,420,10,2,86.5,10,0,3.0,0
3327,24511,Electronics,14493.46,31.4,Prepaid_Card,28,0,0,104.5,6,1,1.0,0
3328,51361,Footwear,1055.53,27.3,COD,198,2,0,87.6,5,0,2.0,1
3329,33646,Home,8871.62,18.1,COD,263,10,2,112.1,8,0,3.0,1
3330,40154,Apparel,921.15,31.7,Prepaid_Card,1384,34,4,300.2,1,1,3.0,0
3331,56778,Beauty,2552.13,35.6,Prepaid_Card,326,9,2,585.4,4,1,3.0,0
3332,21320,Apparel,1817.95,12.2,COD,263,8,0,225.9,3,1,5.0,0
3333,88457,Apparel,358.42,20.0,COD,788,18,2,58.0,4,1,3.0,0
3334,87290,Apparel,1566.2,0.0,Prepaid_Card,305,7,1,193.3,5,0,5.0,0
3335,33171,Electronics,12359.9,28.2,Prepaid_UPI,791,17,0,175.8,4,0,1.0,0
3336,82262,Electronics,1752.99,37.1,Prepaid_UPI,396,13,4,334.2,1,0,1.0,0
3337,68734,Home,9480.82,16.4,Prepaid_Card,249,4,2,97.6,2,1,2.0,0
3338,92651,Beauty,734.01,21.9,Prepaid_Card,1569,35,1,195.6,3,0,4.0,0
3339,78124,Apparel,2284.22,16.9,Prepaid_Card,469,5,1,433.9,4,1,3.0,0
3340,79710,Home,8814.02,14.6,COD,458,5,0,604.7,3,0,3.0,0
3341,55835,Electronics,11250.07,23.3,COD,28,6,0,241.5,4,0,1.0,1
3342,54102,Footwear,5885.2,9.0,COD,36,2,0,285.4,4,0,1.0,0
3343,30482,Apparel,1524.85,16.7,Prepaid_UPI,1857,40,7,292.6,1,0,2.0,0
3344,27442,Apparel,705.77,7.3,COD,225,5,1,149.8,2,1,1.0,0
3345,58133,Home,8000.01,28.2,Prepaid_Card,56,0,0,330.6,5,0,2.0,0
3346,89295,Home,14410.56,23.3,Prepaid_Card,83,0,0,138.5,4,1,3.0,0
3347,55027,Footwear,2833.16,14.0,COD,37,0,0,222.3,1,0,5.0,0
3348,28379,Home,6667.51,20.5,Prepaid_UPI,1041,22,1,54.2,6,0,2.0,0
3349,62773,Footwear,3036.2,16.9,Prepaid_UPI,233,7,1,95.4,6,1,3.0,0
3350,52144,Electronics,14725.07,36.0,COD,57,2,0,169.4,9,1,2.0,1
3351,32294,Apparel,697.83,13.8,Prepaid_UPI,126,7,0,191.7,8,0,2.0,0
3352,69280,Apparel,1594.69,28.9,Prepaid_Card,188,5,1,146.5,3,1,,0
3353,40690,Apparel,2272.53,10.1,COD,520,4,1,196.7,4,1,4.0,0
3354,86376,Electronics,37050.76,31.4,Prepaid_UPI,427,15,1,70.6,5,0,,0
3355,82900,Electronics,5713.18,34.5,Prepaid_UPI,840,16,6,55.7,7,0,2.0,0
3356,85939,Electronics,20641.6,35.2,COD,55,1,0,347.3,4,1,,1
3357,93130,Home,576.79,40.6,Wallet,696,15,4,351.4,7,1,3.0,0
3358,42811,Electronics,16089.08,24.1,Prepaid_Card,306,7,1,132.6,5,0,5.0,0
3359,76212,Home,10205.96,37.3,Prepaid_Card,150,3,0,219.7,3,1,,0
3360,20959,Home,4708.4,42.7,COD,107,2,0,151.5,2,0,3.0,0
3361,75373,Electronics,42187.36,4.3,COD,17,0,0,167.8,7,0,4.0,0
3362,54080,Electronics,24391.83,11.6,Prepaid_Card,232,12,2,206.4,6,0,1.0,0
3363,41534,Home,10202.94,0.0,Prepaid_Card,110,4,2,177.0,7,1,,0
3364,88563,Home,13316.05,34.9,Prepaid_Card,224,5,1,372.8,1,1,1.0,0
3365,42768,Electronics,34457.71,0.0,Prepaid_UPI,14,5,3,283.3,4,1,1.0,0
3366,36034,Electronics,44968.98,0.0,COD,408,5,0,171.1,7,0,5.0,0
3367,68050,Footwear,4944.36,4.6,Prepaid_UPI,100,4,0,244.1,2,1,5.0,0
3368,58428,Home,8722.43,0.0,Prepaid_UPI,81,0,0,331.4,6,1,3.0,0
3369,80519,Apparel,989.05,23.8,Prepaid_UPI,233,6,0,136.9,3,1,2.0,0
3370,24206,Electronics,15608.98,4.8,Prepaid_UPI,1528,35,7,408.9,3,1,4.0,0
3371,99226,Beauty,2644.69,0.0,Prepaid_UPI,42,0,0,157.7,3,1,4.0,0
3372,76884,Apparel,465.85,19.4,COD,302,2,0,547.2,8,1,5.0,0
3373,40324,Beauty,2833.1,20.2,Prepaid_UPI,111,7,2,247.5,6,0,5.0,0
3374,64623,Apparel,1053.18,0.0,Wallet,6,0,0,18.8,4,1,2.0,0
3375,10349,Home,11213.63,10.0,Prepaid_Card,224,10,2,75.9,9,0,2.0,0
3376,76574,Electronics,17171.46,19.0,COD,176,7,0,115.0,1,1,1.0,0
3377,14543,Apparel,2399.6,15.0,Wallet,202,3,1,101.2,3,1,5.0,1
3378,36097,Beauty,253.95,15.4,COD,2566,56,3,279.9,8,1,3.0,0
3379,82320,Electronics,18312.62,36.5,COD,136,7,1,130.7,4,1,4.0,1
3380,70878,Beauty,2622.26,50.1,COD,62,7,3,247.1,4,1,1.0,1
3381,57982,Apparel,939.22,15.6,Prepaid_Card,279,5,0,269.1,4,0,2.0,1
3382,25380,Beauty,935.52,1.5,Prepaid_Card,27,5,0,195.4,4,0,2.0,0
3383,77990,Beauty,2711.44,16.7,Prepaid_Card,1124,28,0,450.9,6,0,2.0,0
3384,47725,Home,12543.44,22.7,Wallet,880,23,7,256.9,3,1,1.0,0
3385,68836,Apparel,577.41,19.3,Prepaid_Card,243,5,2,58.8,10,0,5.0,0
3386,85712,Footwear,3690.99,28.5,Prepaid_Card,341,5,3,258.3,2,0,5.0,0
3387,99517,Home,3739.23,51.0,Prepaid_UPI,189,1,0,191.9,8,1,3.0,1
3388,56020,Beauty,763.14,0.0,Prepaid_UPI,272,2,0,753.6,6,1,1.0,0
3389,64687,Electronics,31154.8,12.9,COD,373,14,1,41.6,3,0,3.0,0
3390,90938,Apparel,616.31,41.6,COD,675,15,1,399.3,5,0,5.0,0
3391,51167,Apparel,1360.02,12.7,Prepaid_Card,258,2,0,297.5,6,0,2.0,0
3392,83530,Footwear,1907.02,31.1,Prepaid_UPI,91,5,0,173.2,6,0,3.0,0
3393,77375,Beauty,2583.68,28.8,Prepaid_Card,43,0,0,139.2,1,0,4.0,0
3394,57469,Apparel,1542.16,37.3,COD,133,1,0,379.9,5,0,3.0,1
3395,97535,Footwear,1683.1,46.8,Prepaid_UPI,1083,30,0,247.6,2,0,5.0,0
3396,40618,Beauty,2790.43,24.7,Prepaid_UPI,569,8,0,29.6,7,0,1.0,1
3397,96064,Apparel,2119.23,0.0,Prepaid_Card,1400,31,0,512.7,7,1,2.0,0
3398,77275,Apparel,920.38,10.2,Prepaid_UPI,549,10,4,212.4,2,1,4.0,1
3399,60698,Footwear,5785.78,50.6,Prepaid_UPI,1392,28,3,435.2,1,0,3.0,1
3400,77550,Home,4382.21,0.2,Prepaid_UPI,425,5,2,217.9,4,0,4.0,0
3401,34821,Apparel,979.18,27.0,Prepaid_UPI,347,7,0,160.0,4,0,5.0,0
3402,56730,Footwear,2622.8,0.0,Prepaid_UPI,2600,55,9,233.6,5,1,4.0,1
3403,74634,Home,2889.68,1.1,Prepaid_Card,424,11,2,581.2,5,1,4.0,0
3404,22356,Beauty,2108.0,32.4,Prepaid_Card,717,15,1,181.6,4,1,1.0,0
3405,99005,Beauty,1738.41,20.5,Prepaid_UPI,52,0,0,121.2,5,0,3.0,0
3406,38798,Footwear,5419.54,14.7,Prepaid_Card,314,4,1,227.4,3,1,3.0,0
3407,77158,Home,3992.69,8.6,Prepaid_Card,114,6,0,454.6,2,1,3.0,0
3408,53100,Apparel,716.0,0.0,COD,165,5,1,159.6,6,0,5.0,0
3409,88048,Home,5700.04,29.7,Prepaid_UPI,244,3,0,879.0,6,1,2.0,0
3410,94953,Apparel,664.13,16.0,Prepaid_Card,244,1,0,53.1,4,0,1.0,0
3411,19907,Home,14219.19,0.0,COD,622,8,0,271.5,2,1,1.0,0
3412,79638,Apparel,1892.51,20.4,COD,823,21,7,211.1,8,0,4.0,0
3413,61369,Home,12044.78,28.1,COD,197,7,0,139.2,8,0,4.0,1
3414,79956,Apparel,1958.29,17.2,Wallet,97,5,0,529.0,7,1,4.0,0
3415,90754,Apparel,872.06,21.6,Prepaid_UPI,882,19,1,259.0,6,0,2.0,0
3416,28391,Apparel,652.41,20.5,Prepaid_Card,325,9,0,478.8,2,0,5.0,0
3417,86538,Home,6726.79,10.1,Prepaid_Card,1727,41,18,122.2,7,0,1.0,0
3418,23950,Footwear,5059.61,20.8,Prepaid_UPI,820,18,4,208.9,6,0,3.0,0
3419,38386,Apparel,1060.61,30.3,Prepaid_Card,201,3,1,92.7,2,1,4.0,0
3420,97481,Beauty,177.25,34.5,Wallet,1063,20,5,464.9,6,1,2.0,0
3421,27592,Beauty,2031.17,31.1,COD,857,20,4,137.1,3,0,2.0,0
3422,35874,Electronics,10803.09,10.5,COD,102,3,2,105.6,6,1,1.0,0
3423,79640,Home,8371.11,28.9,Prepaid_Card,31,0,0,405.0,7,1,3.0,0
3424,68974,Electronics,1729.12,26.5,COD,282,5,0,484.6,6,0,5.0,0
3425,84096,Apparel,1444.03,10.1,Prepaid_Card,789,16,0,202.3,3,0,3.0,0
3426,77796,Home,6207.32,13.5,Prepaid_UPI,249,7,0,424.4,6,1,3.0,0
3427,31375,Apparel,2242.89,29.5,COD,241,1,0,260.7,6,0,4.0,0
3428,57040,Beauty,2207.17,39.3,Prepaid_Card,101,0,0,280.7,3,0,2.0,1
3429,15359,Beauty,252.68,0.0,Prepaid_UPI,12,0,0,104.1,4,0,3.0,0
3430,16698,Footwear,4842.37,43.0,Prepaid_UPI,146,2,1,121.6,8,1,5.0,1
3431,80645,Home,11972.8,36.3,Prepaid_Card,1572,35,8,353.4,8,1,3.0,1
3432,40217,Home,10119.44,22.8,COD,104,0,0,173.9,3,1,4.0,0
3433,54376,Beauty,2798.5,16.6,Prepaid_Card,142,5,0,57.7,1,1,3.0,0
3434,93839,Apparel,2077.0,25.5,Prepaid_Card,616,18,2,271.3,7,1,1.0,0
3435,72927,Apparel,820.63,11.0,Prepaid_UPI,377,9,2,209.0,9,1,4.0,1
3436,60202,Home,6032.42,17.5,Prepaid_Card,129,6,0,150.4,8,1,4.0,0
3437,59649,Electronics,18146.24,0.0,COD,608,10,1,67.5,4,1,1.0,0
3438,95577,Electronics,25740.48,0.0,Prepaid_UPI,494,8,0,194.9,6,0,5.0,0
3439,42713,Apparel,2400.48,52.7,Prepaid_Card,119,4,1,201.7,3,1,,1
3440,24553,Home,9426.18,20.9,COD,720,15,0,220.0,7,0,2.0,1
3441,93151,Apparel,1022.82,22.9,Prepaid_Card,175,1,0,31.5,3,1,3.0,0
3442,16123,Apparel,2374.26,19.6,Wallet,623,18,2,321.2,3,1,2.0,0
3443,86606,Apparel,1855.58,8.4,Prepaid_UPI,75,2,0,260.8,4,0,5.0,0
3444,69357,Electronics,14037.95,15.7,COD,202,6,2,72.8,3,0,5.0,0
3445,27369,Beauty,2733.56,21.3,Prepaid_UPI,1541,32,6,306.1,6,1,3.0,0
3446,35043,Electronics,17866.43,17.2,COD,675,20,0,289.5,3,0,4.0,0
3447,45938,Home,7985.06,9.5,Prepaid_Card,141,2,0,259.5,10,1,1.0,0
3448,61461,Footwear,3135.73,26.7,Prepaid_Card,135,6,4,153.9,6,0,5.0,1
3449,55555,Electronics,46257.91,22.6,COD,621,12,0,363.1,4,1,,0
3450,42972,Footwear,1961.15,25.5,COD,298,7,3,506.6,3,0,2.0,1
3451,59210,Footwear,2333.19,29.9,Wallet,8,1,0,198.3,4,0,1.0,0
3452,32427,Home,10072.32,17.6,COD,137,9,3,94.1,4,1,5.0,0
3453,10173,Apparel,2256.22,17.6,Prepaid_UPI,137,1,0,119.0,4,1,1.0,1
3454,17946,Apparel,597.0,40.8,Prepaid_UPI,121,3,0,106.8,4,0,3.0,1
3455,40630,Beauty,748.17,6.8,Prepaid_Card,1073,25,6,254.1,3,0,3.0,0
3456,59692,Footwear,5714.19,0.0,COD,685,10,0,264.7,6,0,,0
3457,20065,Beauty,2365.3,27.8,COD,32,0,0,32.4,7,1,5.0,0
3458,14859,Beauty,1136.3,11.2,COD,423,6,3,137.7,3,1,2.0,0
3459,79111,Apparel,1118.91,4.9,Prepaid_Card,1024,25,5,259.6,4,0,3.0,0
3460,74635,Footwear,3082.44,32.4,Wallet,147,8,3,247.7,1,0,,0
3461,53821,Electronics,34016.18,18.0,Prepaid_UPI,403,6,2,144.6,3,0,4.0,0
3462,33668,Footwear,3585.73,2.3,COD,2233,45,6,221.0,8,0,3.0,1
3463,66236,Apparel,2018.66,47.1,COD,815,22,7,845.4,7,0,3.0,0
3464,22740,Apparel,466.46,0.0,COD,34,0,0,222.3,6,1,5.0,1
3465,10970,Footwear,5004.72,18.8,Wallet,151,2,1,107.1,2,1,2.0,0
3466,84721,Footwear,819.28,0.0,COD,1417,35,10,176.7,3,1,2.0,0
3467,78845,Home,13274.12,23.8,COD,739,20,3,401.1,3,0,4.0,0
3468,91159,Electronics,3119.47,11.0,Prepaid_Card,44,3,1,166.0,7,0,5.0,0
3469,84444,Electronics,7263.79,31.5,Prepaid_Card,99,0,0,200.8,7,1,2.0,0
3470,21400,Beauty,663.53,19.8,COD,485,7,0,468.6,5,1,1.0,1
3471,15166,Electronics,11929.49,38.9,Prepaid_UPI,138,6,1,108.2,6,0,3.0,0
3472,95622,Electronics,20686.34,14.0,COD,1000,23,7,242.4,3,1,2.0,0
3473,89537,Home,10004.49,0.0,COD,214,2,0,176.4,5,0,,0
3474,52239,Electronics,44737.57,23.3,COD,1134,24,1,273.5,7,0,,0
3475,60935,Home,8105.29,16.5,COD,79,5,0,172.5,8,0,2.0,0
3476,20759,Electronics,27092.0,0.0,Wallet,826,22,9,83.4,2,1,2.0,0
3477,29556,Footwear,2256.18,5.2,Prepaid_Card,416,9,0,99.3,7,1,2.0,0
3478,43229,Beauty,2431.94,9.7,Prepaid_UPI,226,2,0,445.4,9,1,3.0,1
3479,30996,Beauty,464.89,41.8,COD,158,2,0,234.5,2,1,1.0,1
3480,59441,Home,4866.0,29.9,Prepaid_UPI,965,25,3,191.6,1,1,5.0,0
3481,44811,Electronics,5752.09,15.1,Wallet,1043,27,0,516.5,8,1,4.0,0
3482,33637,Footwear,1677.99,26.6,COD,461,10,0,278.9,4,1,,1
3483,31216,Footwear,3726.29,0.0,Wallet,517,9,0,163.9,4,0,2.0,0
3484,80272,Home,2326.43,12.1,Prepaid_Card,845,22,4,259.8,7,1,1.0,0
3485,68059,Footwear,1053.4,25.6,Prepaid_UPI,345,12,0,441.7,3,1,2.0,0
3486,20572,Footwear,5042.51,22.3,COD,173,0,0,353.1,5,1,1.0,0
3487,78129,Home,2215.34,12.4,Prepaid_Card,270,5,0,168.3,2,0,2.0,0
3488,89601,Footwear,3844.29,19.5,Prepaid_Card,70,5,0,243.7,6,0,4.0,0
3489,32882,Apparel,1106.82,24.7,Wallet,1141,25,3,197.7,6,0,4.0,0
3490,47561,Electronics,44921.99,19.9,Wallet,568,11,1,742.5,5,1,4.0,0
3491,19873,Home,10759.48,32.1,COD,234,5,0,722.9,5,0,,1
3492,97926,Apparel,477.77,24.5,Wallet,431,10,0,348.8,5,1,1.0,0
3493,74929,Beauty,2702.08,27.2,Prepaid_UPI,86,0,0,124.8,4,1,5.0,0
3494,50300,Home,6501.53,44.0,Prepaid_Card,36,1,0,362.8,5,1,1.0,0
3495,17777,Apparel,991.19,31.6,COD,335,8,3,66.4,6,0,3.0,0
3496,11479,Footwear,4200.3,44.4,COD,313,5,1,61.4,1,0,5.0,0
3497,51076,Footwear,4448.86,10.6,COD,38,0,0,247.7,8,1,5.0,0
3498,45110,Footwear,2167.88,0.0,COD,60,0,0,243.3,5,1,3.0,1
3499,48784,Electronics,18231.17,18.0,Wallet,115,0,0,250.8,9,0,4.0,0
3500,45470,Beauty,595.54,16.8,COD,747,19,0,315.0,5,1,3.0,1
3501,95621,Electronics,30078.73,40.4,Prepaid_UPI,82,0,0,183.2,5,0,,0
3502,42267,Home,14375.18,4.2,Prepaid_Card,284,6,1,372.3,6,1,1.0,0
3503,47075,Apparel,1245.74,18.9,Prepaid_Card,622,12,7,170.5,2,0,5.0,0
3504,77742,Home,14944.99,25.7,COD,611,11,1,252.7,3,0,,0
3505,41458,Footwear,1470.28,21.4,Prepaid_Card,189,8,1,134.8,4,1,3.0,0
3506,62676,Home,12043.44,17.6,Prepaid_Card,195,3,2,197.2,5,0,4.0,1
3507,75873,Electronics,46477.3,25.0,Prepaid_Card,42,0,0,165.4,7,0,5.0,1
3508,91480,Footwear,4284.3,35.1,COD,2600,55,9,199.1,5,1,3.0,0
3509,12804,Footwear,1101.29,41.5,Prepaid_UPI,357,8,0,322.4,8,1,1.0,0
3510,66273,Apparel,1052.06,20.5,COD,733,18,0,365.0,1,1,3.0,0
3511,57741,Beauty,394.15,8.6,Prepaid_Card,51,4,1,391.7,8,0,3.0,0
3512,62607,Footwear,3809.61,41.5,Prepaid_Card,1892,41,16,170.5,4,1,4.0,0
3513,98552,Beauty,2994.72,4.9,COD,24,0,0,272.7,6,0,,0
3514,34478,Beauty,1218.05,45.1,Prepaid_UPI,68,1,0,135.0,7,0,4.0,0
3515,83868,Beauty,614.39,38.8,COD,166,4,2,311.9,2,1,3.0,0
3516,69541,Footwear,1977.52,40.9,Wallet,7,0,0,79.8,8,1,2.0,0
3517,47447,Home,8776.63,29.6,Prepaid_UPI,50,5,0,567.1,6,0,4.0,0
3518,73095,Apparel,1573.27,0.0,COD,257,5,0,144.1,8,1,5.0,0
3519,80312,Home,3832.4,5.5,COD,120,4,1,284.7,5,1,,0
3520,14004,Footwear,4628.88,24.3,COD,411,10,0,827.8,5,1,4.0,1
3521,59718,Home,1776.18,10.5,Wallet,715,17,1,180.8,3,0,4.0,0
3522,14669,Beauty,1925.66,15.6,Prepaid_Card,37,0,0,288.2,3,0,1.0,0
3523,12627,Apparel,1265.25,28.6,COD,186,4,0,85.3,5,1,1.0,1
3524,28891,Electronics,7231.58,17.6,Prepaid_Card,437,16,0,272.5,6,0,3.0,0
3525,28013,Home,9698.58,2.9,COD,426,14,2,107.4,6,1,5.0,0
3526,62556,Electronics,33979.42,32.4,Prepaid_Card,734,16,0,212.8,3,0,,0
3527,84543,Apparel,1296.04,27.2,Prepaid_Card,37,0,0,72.3,4,1,1.0,0
3528,67225,Apparel,2065.68,16.5,COD,632,7,1,267.0,5,0,5.0,1
3529,85920,Footwear,3301.24,30.0,Prepaid_UPI,469,8,0,192.7,1,1,5.0,0
3530,42056,Electronics,15001.97,21.3,COD,704,15,1,186.9,6,0,5.0,0
3531,91430,Apparel,2400.24,38.6,Prepaid_Card,407,8,0,64.3,4,1,5.0,0
3532,32008,Apparel,2379.69,22.1,Prepaid_Card,223,4,0,246.3,5,1,2.0,0
3533,76471,Electronics,5685.45,38.5,Wallet,77,3,0,188.7,8,0,2.0,1
3534,24831,Apparel,2384.07,0.0,Prepaid_Card,908,17,2,141.6,3,1,4.0,1
3535,62249,Footwear,4765.15,26.4,Wallet,114,3,0,118.3,3,1,4.0,0
3536,37140,Footwear,1086.54,14.4,COD,294,6,0,303.0,1,1,3.0,0
3537,65348,Apparel,1466.55,8.0,Prepaid_UPI,244,2,0,257.1,5,0,3.0,0
3538,50811,Home,1006.79,36.2,COD,1137,30,18,224.9,7,0,5.0,1
3539,19998,Apparel,1616.04,32.4,Prepaid_UPI,1374,32,12,655.8,1,1,5.0,0
3540,63974,Electronics,46726.19,0.0,COD,57,0,0,385.1,3,0,1.0,0
3541,77014,Beauty,1199.4,30.0,Wallet,80,3,0,306.9,5,1,4.0,0
3542,88366,Home,7875.07,28.3,Wallet,495,6,1,226.6,4,0,4.0,0
3543,92014,Beauty,798.55,9.9,Prepaid_Card,192,2,1,291.5,4,0,3.0,0
3544,67102,Apparel,1513.03,8.3,Prepaid_Card,71,5,0,522.9,5,0,5.0,0
3545,67950,Electronics,40326.16,0.0,Prepaid_Card,172,4,2,78.5,8,1,2.0,0
3546,59164,Electronics,11547.66,15.3,COD,137,3,2,259.6,5,1,,1
3547,93995,Electronics,28120.85,17.5,Prepaid_UPI,481,13,3,285.6,5,0,1.0,0
3548,41120,Beauty,1160.73,31.2,Prepaid_UPI,524,13,0,109.4,6,0,2.0,0
3549,54866,Apparel,1957.92,23.8,Prepaid_Card,934,19,0,232.1,1,0,5.0,0
3550,48790,Beauty,2150.81,5.2,COD,204,7,0,328.4,5,1,4.0,0
3551,39616,Beauty,2141.55,23.3,Wallet,314,1,0,309.5,2,0,4.0,0
3552,68032,Home,5978.15,16.4,COD,548,10,1,221.6,5,0,1.0,0
3553,15385,Electronics,30364.69,6.9,Prepaid_Card,404,8,0,255.1,7,0,,0
3554,67331,Home,9940.74,0.0,COD,160,5,0,234.7,4,1,3.0,0
3555,85305,Apparel,1813.75,28.7,COD,740,15,4,88.7,7,1,1.0,1
3556,29014,Footwear,3663.91,26.2,COD,323,1,0,174.7,1,1,2.0,0
3557,31547,Electronics,43473.43,27.8,COD,452,4,3,991.2,5,1,2.0,0
3558,82891,Beauty,859.08,9.8,Prepaid_Card,57,1,1,233.2,5,0,1.0,0
3559,36631,Home,1309.2,22.4,Prepaid_Card,840,17,2,164.2,1,0,5.0,0
3560,84676,Home,14456.3,0.7,Prepaid_UPI,15,0,0,324.8,6,1,5.0,0
3561,66517,Footwear,834.04,6.2,Prepaid_UPI,345,4,0,75.9,1,1,5.0,0
3562,98343,Home,13592.86,20.5,COD,359,8,1,173.2,5,1,3.0,0
3563,52938,Beauty,1895.01,23.7,COD,324,11,2,187.5,6,1,1.0,0
3564,90459,Apparel,2325.29,0.0,Prepaid_Card,703,16,4,325.8,4,0,5.0,1
3565,92998,Beauty,1760.12,5.2,Prepaid_UPI,579,16,3,234.0,5,0,5.0,0
3566,19136,Footwear,5015.55,14.9,Prepaid_Card,322,6,3,240.8,9,0,2.0,0
3567,29470,Beauty,2205.68,33.4,COD,142,4,1,223.9,4,1,,0
3568,49146,Electronics,26730.49,8.6,Prepaid_UPI,55,5,0,124.5,2,0,2.0,0
3569,34507,Footwear,2498.28,22.0,COD,32,0,0,242.7,9,0,5.0,1
3570,15171,Electronics,1140.09,23.4,Prepaid_Card,305,6,1,253.9,5,1,5.0,0
3571,97453,Footwear,1879.98,16.5,COD,31,0,0,187.1,7,1,2.0,0
3572,79191,Apparel,2396.3,23.8,Prepaid_UPI,845,20,4,289.4,1,1,3.0,0
3573,41519,Electronics,14497.63,1.2,Prepaid_Card,241,8,6,142.3,1,1,4.0,0
3574,88527,Electronics,37840.77,10.8,Prepaid_UPI,603,14,1,182.1,3,0,2.0,1
3575,93926,Electronics,25916.38,40.1,COD,1550,33,1,436.2,4,0,5.0,1
3576,54050,Electronics,16117.2,41.1,Prepaid_Card,436,5,0,148.5,4,1,4.0,0
3577,22030,Footwear,5951.01,31.8,COD,203,4,0,172.5,4,0,3.0,1
3578,26735,Apparel,450.99,35.4,Prepaid_UPI,126,2,0,260.8,1,1,1.0,0
3579,84358,Footwear,3701.42,0.0,COD,539,12,2,479.6,5,1,,1
3580,51344,Apparel,1342.26,6.7,COD,579,13,3,350.4,4,1,4.0,1
3581,55773,Footwear,920.9,15.6,Prepaid_UPI,102,6,0,253.3,1,1,1.0,0
3582,21796,Footwear,1677.53,53.8,COD,38,0,0,219.6,4,1,1.0,0
3583,13009,Electronics,35017.86,15.6,COD,495,6,0,62.2,4,0,,0
3584,18134,Footwear,1095.81,30.4,Prepaid_UPI,149,0,0,244.8,7,0,1.0,0
3585,73231,Beauty,2432.92,25.3,Prepaid_UPI,267,4,3,134.4,3,1,2.0,0
3586,21013,Footwear,3937.84,25.0,Prepaid_UPI,495,14,3,127.3,6,0,5.0,0
3587,85607,Electronics,5942.02,19.7,COD,523,7,1,103.4,6,1,,0
3588,19140,Electronics,15053.92,3.2,Prepaid_Card,825,14,3,352.3,3,1,2.0,0
3589,26382,Footwear,1254.48,0.0,Prepaid_UPI,1595,36,22,160.6,6,0,3.0,0
3590,90351,Apparel,2064.84,37.9,COD,436,12,0,96.5,7,0,5.0,1
3591,57877,Footwear,3431.28,11.4,Prepaid_UPI,166,0,0,198.2,7,0,,0
3592,12763,Electronics,1138.67,0.0,COD,1938,37,2,453.8,5,1,3.0,0
3593,27373,Footwear,3485.97,26.1,Wallet,77,0,0,116.0,4,1,5.0,0
3594,35424,Apparel,1388.03,25.9,Prepaid_Card,6,2,0,487.6,2,1,1.0,0
3595,34194,Apparel,1732.61,30.8,Prepaid_Card,434,10,1,271.8,7,1,5.0,0
3596,28517,Beauty,249.31,35.6,Prepaid_Card,300,4,2,483.9,2,0,3.0,0
3597,41197,Beauty,250.96,7.1,COD,469,12,1,194.5,4,0,1.0,1
3598,50062,Beauty,1145.7,7.8,COD,375,8,3,339.0,7,1,1.0,0
3599,17969,Beauty,2112.33,15.5,Prepaid_UPI,21,0,0,573.3,3,0,5.0,0
3600,32952,Electronics,33661.35,31.5,Prepaid_Card,219,0,0,156.8,5,1,1.0,0
3601,98480,Apparel,948.27,0.0,Prepaid_Card,912,17,7,203.6,1,1,4.0,0
3602,32505,Apparel,814.55,21.8,COD,140,8,3,241.5,4,1,2.0,1
3603,24458,Home,10405.32,33.0,Prepaid_UPI,951,20,1,261.9,3,1,1.0,0
3604,90328,Apparel,408.29,32.5,COD,363,5,0,28.4,3,1,3.0,0
3605,17337,Beauty,1736.83,29.9,COD,182,2,0,286.1,6,1,4.0,0
3606,69505,Apparel,1261.81,34.9,Wallet,247,5,0,250.0,6,1,4.0,0
3607,15507,Apparel,864.04,0.0,Prepaid_Card,132,5,1,174.2,3,1,2.0,0
3608,36655,Apparel,1468.64,42.6,Prepaid_Card,442,11,1,758.6,5,1,2.0,0
3609,71159,Apparel,816.91,24.6,Wallet,185,2,1,381.2,4,1,3.0,1
3610,38924,Apparel,1563.29,38.7,COD,802,21,3,492.7,4,1,,1
3611,65800,Home,2660.12,3.6,Wallet,64,3,0,184.1,2,1,4.0,0
3612,43233,Electronics,20878.95,0.0,Prepaid_UPI,491,9,1,156.4,3,1,3.0,0
3613,40886,Home,7901.18,45.0,Prepaid_Card,255,5,1,296.3,1,0,1.0,0
3614,45636,Beauty,240.35,7.0,COD,238,7,0,236.8,9,1,,1
3615,14472,Home,9355.4,15.6,COD,648,17,0,168.0,7,1,1.0,1
3616,26905,Footwear,4626.73,27.4,Prepaid_Card,64,0,0,169.5,9,1,5.0,0
3617,64002,Electronics,47847.6,30.8,COD,495,11,0,89.9,7,0,3.0,0
3618,41496,Apparel,786.72,35.1,COD,715,15,9,387.8,5,0,1.0,1
3619,97179,Electronics,11226.07,23.1,Prepaid_Card,379,6,1,348.0,1,1,2.0,1
3620,88668,Beauty,1018.77,5.2,Prepaid_UPI,97,0,0,45.4,7,0,1.0,0
3621,76450,Home,13416.08,29.9,COD,422,12,3,344.6,7,0,1.0,0
3622,74753,Apparel,1224.74,30.1,Prepaid_UPI,605,15,0,596.8,2,0,3.0,0
3623,81908,Electronics,15787.9,0.0,Wallet,45,7,1,356.7,6,0,,0
3624,13458,Footwear,4576.49,39.9,Prepaid_UPI,93,0,0,151.9,5,0,3.0,1
3625,28486,Home,1050.86,0.0,Prepaid_UPI,464,10,4,259.7,4,1,5.0,0
3626,82874,Home,8457.81,34.5,Prepaid_UPI,431,10,5,64.5,6,0,2.0,1
3627,92809,Beauty,1433.04,11.1,COD,488,13,0,123.2,5,0,1.0,0
3628,46573,Home,9560.44,29.9,COD,16,4,1,344.2,3,1,2.0,0
3629,58133,Home,11100.95,27.1,Wallet,91,2,0,119.5,6,0,5.0,1
3630,75204,Apparel,1048.73,19.5,Prepaid_UPI,1022,19,8,192.4,2,0,5.0,0
3631,49971,Apparel,1718.3,26.3,Prepaid_UPI,146,1,0,210.8,6,1,3.0,0
3632,45379,Beauty,1644.34,18.8,Wallet,203,4,1,337.9,5,0,2.0,0
3633,99374,Home,2442.53,30.0,COD,420,12,5,194.4,3,0,2.0,1
3634,79803,Electronics,44204.58,50.6,COD,530,7,0,122.3,7,0,4.0,0
3635,93905,Home,11441.56,1.2,Prepaid_Card,735,12,4,265.6,1,0,2.0,0
3636,69744,Apparel,2331.56,0.0,COD,522,13,4,94.2,5,1,,0
3637,17715,Footwear,4462.23,14.2,Prepaid_Card,409,5,1,460.7,5,0,4.0,1
3638,70506,Apparel,876.33,13.2,Prepaid_UPI,202,1,0,90.4,8,0,3.0,1
3639,43800,Footwear,2867.89,14.7,Prepaid_Card,1051,26,13,356.4,6,0,3.0,1
3640,89350,Home,6109.59,7.0,COD,131,2,0,299.3,1,0,2.0,0
3641,92655,Apparel,427.02,32.2,Prepaid_UPI,1297,27,1,354.2,4,0,3.0,0
3642,84298,Apparel,1232.68,0.7,COD,190,8,0,115.0,8,1,5.0,0
3643,58732,Footwear,2400.63,26.3,Prepaid_UPI,732,13,1,145.5,4,0,1.0,0
3644,54312,Apparel,358.44,28.9,COD,1023,18,5,157.0,2,0,3.0,1
3645,37644,Apparel,2171.32,24.4,Prepaid_UPI,100,7,0,192.0,4,1,2.0,0
3646,69547,Footwear,1291.31,26.8,Prepaid_Card,43,1,0,93.6,8,1,1.0,0
3647,65664,Electronics,25546.66,33.3,Prepaid_Card,767,19,2,214.2,3,0,1.0,0
3648,44094,Electronics,39449.21,20.7,Prepaid_Card,328,6,0,216.6,2,0,1.0,0
3649,96282,Apparel,1649.63,15.1,COD,365,7,0,349.0,4,1,4.0,1
3650,69394,Beauty,632.65,26.8,Prepaid_Card,225,2,1,206.3,3,0,5.0,0
3651,34944,Apparel,1679.15,28.4,Prepaid_UPI,146,4,3,61.0,6,1,1.0,0
3652,33992,Apparel,1978.83,32.5,Prepaid_UPI,97,4,1,74.2,4,0,,0
3653,22970,Electronics,42883.46,0.0,COD,166,4,2,132.3,5,0,2.0,0
3654,61515,Apparel,1035.11,17.4,Prepaid_UPI,890,22,8,188.1,8,1,5.0,0
3655,48407,Electronics,2662.15,5.1,Prepaid_UPI,211,6,2,510.6,3,1,1.0,0
3656,83289,Apparel,1657.09,27.9,Prepaid_UPI,643,11,1,393.1,7,1,2.0,1
3657,18516,Apparel,835.4,30.2,Prepaid_Card,763,16,3,176.4,6,0,3.0,0
3658,55448,Electronics,39263.86,16.2,COD,54,0,0,137.7,2,1,2.0,0
3659,18856,Beauty,2087.66,9.8,Wallet,628,16,0,217.7,7,1,5.0,1
3660,71415,Apparel,2012.35,28.4,COD,1,1,0,217.3,2,0,3.0,0
3661,60922,Apparel,2430.19,18.1,COD,142,3,0,204.4,2,1,2.0,0
3662,35885,Beauty,1815.96,40.0,Prepaid_UPI,198,7,1,90.7,3,0,5.0,0
3663,99239,Beauty,2727.29,44.8,COD,305,1,0,161.1,3,1,,1
3664,83757,Home,9807.45,34.0,Prepaid_UPI,372,6,0,157.5,4,1,,0
3665,27578,Apparel,740.75,23.3,COD,67,0,0,255.7,2,0,4.0,0
3666,52524,Electronics,40166.1,45.6,Prepaid_UPI,11,0,0,390.0,6,1,2.0,0
3667,71934,Apparel,1841.45,23.4,Wallet,134,4,1,157.4,4,0,4.0,0
3668,45712,Apparel,2452.57,13.3,Wallet,205,4,0,246.2,5,0,5.0,0
3669,51972,Electronics,12928.17,10.5,Wallet,199,0,0,21.7,6,0,3.0,0
3670,12722,Home,5330.32,10.2,Prepaid_UPI,1253,29,0,238.4,8,1,2.0,0
3671,53595,Electronics,41253.06,19.9,COD,394,9,0,37.1,4,0,5.0,0
3672,18953,Home,1411.9,26.5,Wallet,36,0,0,109.5,3,1,1.0,0
3673,85650,Apparel,1711.38,0.2,Wallet,194,3,0,139.9,6,0,5.0,1
3674,21192,Electronics,27238.33,13.7,Prepaid_Card,246,6,0,254.6,7,0,1.0,0
3675,15680,Footwear,1428.52,23.0,Prepaid_Card,655,19,0,217.7,5,0,4.0,0
3676,53710,Beauty,620.6,29.0,COD,352,4,0,58.2,5,0,3.0,0
3677,46114,Electronics,40699.68,19.6,Prepaid_Card,56,3,3,256.6,4,1,,0
3678,16952,Home,723.95,23.4,Prepaid_UPI,857,15,2,501.8,3,1,1.0,0
3679,62255,Apparel,1955.71,2.7,Prepaid_Card,262,2,1,88.1,4,1,2.0,0
3680,65835,Apparel,1925.23,7.2,Prepaid_Card,291,2,0,155.9,4,1,3.0,1
3681,63773,Footwear,4073.24,19.1,Prepaid_Card,1075,25,10,187.0,6,1,3.0,0
3682,24080,Apparel,1230.46,27.1,COD,29,1,0,179.2,6,0,1.0,0
3683,12913,Electronics,2387.71,23.2,Wallet,203,3,1,341.6,3,1,3.0,1
3684,66031,Electronics,40287.06,8.1,COD,89,3,0,295.7,5,1,2.0,0
3685,96734,Apparel,620.27,16.7,COD,23,0,0,239.3,3,1,,0
3686,56147,Apparel,953.69,41.2,COD,268,6,1,192.5,4,1,5.0,0
3687,77003,Electronics,47392.36,27.6,Prepaid_UPI,1445,31,5,296.9,5,1,4.0,0
3688,35592,Beauty,1010.3,17.7,Prepaid_UPI,315,3,0,53.7,6,1,5.0,0
3689,17224,Home,4199.52,5.6,COD,1220,32,0,540.7,4,1,4.0,0
3690,51781,Electronics,48695.16,10.0,COD,199,8,1,350.9,5,1,,1
3691,15777,Apparel,534.75,20.1,Prepaid_Card,455,14,0,373.9,2,1,5.0,0
3692,51466,Home,2830.01,23.9,COD,181,2,0,630.6,2,0,,0
3693,39549,Apparel,1292.38,27.9,Prepaid_UPI,1056,21,2,344.9,4,0,3.0,1
3694,21890,Home,11921.26,25.4,COD,626,12,5,99.5,11,0,5.0,1
3695,93257,Footwear,5363.97,14.8,Prepaid_Card,416,12,2,229.3,3,1,3.0,0
3696,51699,Electronics,38026.15,12.8,COD,487,10,1,339.3,5,0,2.0,0
3697,67877,Apparel,2448.78,48.7,Prepaid_Card,49,0,0,226.3,5,0,4.0,0
3698,67707,Apparel,386.22,12.2,Prepaid_Card,138,4,1,241.5,5,0,1.0,0
3699,89518,Apparel,1681.94,1.9,COD,40,0,0,400.6,3,1,5.0,0
3700,72453,Electronics,6700.96,0.0,COD,220,0,0,190.9,6,0,2.0,0
3701,35113,Beauty,2744.53,15.1,COD,268,6,0,450.7,3,1,3.0,1
3702,90337,Apparel,2360.91,33.2,COD,1050,21,3,145.6,5,0,1.0,0
3703,84683,Home,4893.91,11.9,Wallet,211,4,0,242.5,3,1,2.0,0
3704,75047,Footwear,5052.4,40.7,COD,199,0,0,60.6,6,0,4.0,0
3705,23947,Apparel,1705.09,19.9,COD,61,0,0,60.7,1,1,1.0,0
3706,58050,Apparel,566.05,35.5,COD,163,3,3,708.2,4,1,2.0,1
3707,98278,Electronics,30535.64,9.4,Prepaid_UPI,305,2,0,225.9,2,0,5.0,0
3708,36921,Home,14652.83,9.6,Wallet,279,1,0,189.6,6,1,3.0,0
3709,90801,Electronics,16096.61,21.3,Prepaid_UPI,294,6,0,256.1,6,1,5.0,1
3710,51994,Footwear,506.27,26.8,Prepaid_Card,64,3,0,298.9,1,1,,0
3711,57059,Beauty,2933.86,17.5,Prepaid_UPI,133,0,0,108.4,2,1,1.0,1
3712,97786,Footwear,2776.91,24.1,Prepaid_Card,794,16,2,344.9,6,0,3.0,1
3713,35987,Beauty,1378.16,28.2,Prepaid_UPI,158,2,0,166.4,4,0,5.0,0
3714,95033,Footwear,4419.37,0.1,Prepaid_UPI,10,0,0,680.0,6,0,2.0,0
3715,82985,Beauty,1872.5,15.2,COD,904,23,6,243.5,4,1,1.0,0
3716,76373,Footwear,2160.93,12.7,Prepaid_Card,137,2,0,39.4,5,1,3.0,0
3717,14319,Footwear,1049.88,13.4,COD,365,7,1,158.5,6,0,3.0,1
3718,12986,Footwear,5050.49,25.7,COD,313,8,6,242.6,2,1,,1
3719,39937,Beauty,1527.62,12.9,Prepaid_UPI,941,16,3,84.5,4,0,3.0,1
3720,15811,Electronics,33951.24,0.0,COD,1922,45,3,276.1,2,1,3.0,0
3721,40376,Home,12977.32,16.7,Prepaid_UPI,232,8,1,301.8,5,0,1.0,0
3722,97751,Home,756.97,5.1,Wallet,575,13,0,195.1,2,1,1.0,0
3723,81112,Beauty,2599.25,26.9,Prepaid_Card,434,11,7,37.7,6,0,1.0,1
3724,82931,Electronics,37837.97,31.3,COD,541,11,1,560.2,3,0,,0
3725,63540,Footwear,5707.52,0.0,Prepaid_Card,159,6,0,72.0,6,1,4.0,1
3726,53933,Footwear,1784.75,9.2,Prepaid_UPI,2325,49,10,166.5,3,0,5.0,0
3727,45721,Beauty,1068.9,24.9,COD,95,2,1,331.3,6,0,2.0,1
3728,46030,Apparel,1772.18,0.3,COD,472,10,4,289.3,7,0,1.0,0
3729,47238,Footwear,5591.86,31.0,Prepaid_Card,123,2,1,129.9,6,0,4.0,1
3730,26469,Footwear,5959.68,34.7,Wallet,151,6,1,128.2,3,0,1.0,0
3731,14366,Beauty,1337.7,17.7,COD,449,16,1,228.6,7,1,,0
3732,56705,Beauty,1686.8,9.2,COD,20,0,0,104.8,6,0,3.0,1
3733,56791,Home,2972.99,0.0,Wallet,1313,30,2,226.3,3,1,1.0,0
3734,68563,Home,10562.64,31.4,COD,827,15,1,348.1,5,0,1.0,0
3735,26864,Apparel,2150.35,48.0,COD,613,16,2,156.2,8,1,,1
3736,21568,Beauty,2426.15,45.1,Prepaid_Card,19,0,0,199.8,3,1,5.0,0
3737,95649,Apparel,1093.56,17.3,COD,294,15,1,269.7,3,1,3.0,0
3738,52605,Footwear,5797.95,4.7,COD,112,0,0,439.4,4,0,4.0,0
3739,34970,Footwear,1161.91,31.7,Prepaid_Card,270,12,0,281.9,2,0,2.0,1
3740,42036,Electronics,25204.53,18.2,Prepaid_UPI,161,6,0,148.3,5,1,,0
3741,15144,Apparel,1542.38,26.7,Prepaid_Card,830,15,1,379.3,6,1,5.0,0
3742,89927,Apparel,1503.5,24.2,COD,836,25,5,336.1,5,0,5.0,0
3743,82208,Beauty,2309.99,21.3,Prepaid_Card,502,8,1,372.6,3,0,2.0,1
3744,74024,Home,9339.3,34.4,Prepaid_Card,185,3,1,176.9,6,1,2.0,0
3745,81373,Apparel,515.83,34.9,Prepaid_UPI,469,6,0,413.5,4,1,1.0,1
3746,91272,Footwear,1489.18,12.7,Prepaid_UPI,389,8,1,157.8,3,0,4.0,0
3747,68381,Apparel,1494.31,7.1,Prepaid_UPI,133,2,1,127.7,5,0,4.0,1
3748,42146,Beauty,2129.46,0.0,Prepaid_UPI,111,4,0,417.8,7,0,3.0,0
3749,18587,Electronics,26194.55,15.2,Prepaid_UPI,386,15,0,220.6,3,1,1.0,0
3750,24621,Apparel,1114.34,4.7,COD,129,1,0,224.1,8,1,2.0,1
3751,49982,Apparel,459.94,25.9,Wallet,325,0,0,105.9,5,1,3.0,0
3752,84745,Home,11895.27,15.3,Prepaid_UPI,1361,32,4,115.2,5,1,3.0,0
3753,40360,Electronics,25362.52,16.8,COD,477,8,0,131.4,5,0,,0
3754,48130,Footwear,3463.34,31.4,COD,268,11,0,168.2,3,0,5.0,0
3755,95174,Electronics,23978.95,25.6,Prepaid_Card,1114,24,5,171.4,2,1,1.0,0
3756,61575,Electronics,14001.93,18.4,Prepaid_Card,697,13,1,60.3,8,1,1.0,0
3757,89766,Apparel,944.2,43.6,Prepaid_UPI,26,0,0,332.1,2,0,2.0,0
3758,74942,Apparel,486.53,30.3,Prepaid_Card,4,1,0,554.8,7,1,5.0,1
3759,56562,Beauty,2166.66,14.2,COD,1473,31,3,105.9,8,1,5.0,0
3760,65972,Apparel,934.53,14.8,COD,254,10,3,210.5,3,1,,0
3761,75689,Beauty,1000.9,31.0,Prepaid_UPI,711,15,3,363.6,6,0,3.0,0
3762,82235,Electronics,49681.51,22.8,COD,38,5,0,402.4,6,1,1.0,1
3763,73356,Apparel,1179.5,4.3,Prepaid_UPI,108,0,0,163.3,6,0,2.0,0
3764,25860,Apparel,1448.0,32.5,COD,76,0,0,6.3,3,1,5.0,0
3765,32400,Apparel,1180.92,37.6,Prepaid_Card,267,8,1,375.0,4,1,3.0,0
3766,17857,Footwear,2096.05,36.5,Prepaid_Card,69,0,0,91.4,6,0,1.0,0
3767,35819,Home,584.84,41.6,COD,124,1,1,29.1,1,1,4.0,0
3768,40351,Electronics,42889.43,49.0,Prepaid_UPI,666,11,0,167.8,1,1,5.0,0
3769,21366,Home,7360.73,44.2,Prepaid_UPI,1275,25,1,581.2,5,0,2.0,0
3770,57415,Home,10938.41,24.8,COD,255,7,0,217.3,4,1,4.0,1
3771,94202,Beauty,2882.17,17.1,COD,226,4,2,703.7,5,1,4.0,1
3772,77984,Beauty,158.07,0.0,Prepaid_UPI,390,5,1,96.8,3,1,5.0,0
3773,87846,Footwear,4212.72,20.2,Prepaid_UPI,527,14,4,148.3,6,1,5.0,1
3774,81159,Footwear,1152.52,27.3,Prepaid_Card,158,7,3,326.4,6,1,4.0,1
3775,87937,Footwear,3018.81,20.6,Prepaid_UPI,153,3,0,417.3,5,1,4.0,0
3776,61122,Electronics,42492.32,0.0,COD,630,17,0,286.6,2,1,1.0,0
3777,53445,Footwear,893.23,16.0,COD,256,2,0,161.5,7,1,,1
3778,79571,Apparel,2477.67,29.0,Prepaid_UPI,466,12,1,690.2,1,0,4.0,1
3779,63739,Footwear,3694.6,5.6,Prepaid_UPI,534,12,1,202.0,2,1,5.0,1
3780,61543,Beauty,1275.73,22.3,Prepaid_UPI,49,0,0,158.8,6,1,4.0,0
3781,86383,Apparel,391.95,26.0,COD,812,24,2,268.6,2,1,2.0,0
3782,31940,Footwear,3727.53,35.7,Prepaid_Card,1133,25,1,343.1,3,1,1.0,0
3783,16459,Beauty,1560.44,44.0,Prepaid_UPI,199,2,0,149.6,5,1,3.0,1
3784,77317,Apparel,812.93,14.7,COD,459,10,0,107.3,6,0,,1
3785,73275,Home,7611.49,22.6,Prepaid_Card,539,9,2,369.2,6,0,4.0,0
3786,63698,Beauty,186.45,23.0,Prepaid_Card,620,10,3,26.3,7,1,2.0,0
3787,24969,Beauty,2998.51,29.1,COD,48,0,0,110.6,4,0,4.0,0
3788,61066,Apparel,1064.05,27.5,COD,255,4,1,110.0,3,1,,1
3789,53999,Electronics,24530.89,40.0,COD,919,18,3,148.2,2,0,,0
3790,82822,Footwear,4816.28,0.0,Wallet,544,15,4,357.5,5,1,1.0,0
3791,32471,Apparel,1882.47,25.9,COD,11,0,0,387.5,5,1,2.0,0
3792,13443,Electronics,44539.39,26.8,COD,5,0,0,211.6,9,1,5.0,1
3793,70925,Apparel,2373.85,16.7,COD,331,3,0,454.0,6,0,2.0,0
3794,30870,Apparel,756.73,0.0,COD,291,2,0,539.6,1,1,5.0,0
3795,42172,Home,6160.8,19.1,COD,73,4,1,188.9,7,0,,0
3796,71729,Home,10458.85,10.1,Prepaid_Card,210,5,0,305.5,3,1,3.0,1
3797,41844,Home,1152.85,43.5,COD,168,5,1,132.0,2,0,4.0,0
3798,29700,Footwear,4443.2,25.3,COD,227,8,3,53.3,7,0,3.0,1
3799,12366,Electronics,1239.29,8.9,COD,104,1,0,211.1,6,0,,1
3800,27328,Apparel,2315.29,0.0,Prepaid_Card,352,12,1,242.8,7,0,2.0,0
3801,10921,Apparel,1894.06,28.3,COD,707,13,2,292.0,3,0,5.0,0
3802,95591,Apparel,1565.82,29.7,Prepaid_Card,46,0,0,209.3,9,1,,0
3803,38272,Electronics,22016.15,17.0,Prepaid_UPI,160,4,1,71.2,6,1,5.0,0
3804,93867,Apparel,2474.25,28.5,Prepaid_UPI,1080,24,2,167.4,3,1,4.0,0
3805,43789,Apparel,1933.5,15.1,COD,237,5,0,407.2,9,1,3.0,0
3806,52222,Apparel,2085.68,34.9,Prepaid_UPI,162,6,0,78.0,6,1,2.0,0
3807,20975,Home,12468.08,33.9,Prepaid_UPI,781,17,0,205.8,4,0,2.0,0
3808,19270,Home,817.19,0.0,COD,43,1,1,156.2,3,0,,0
3809,31071,Beauty,305.85,0.5,Prepaid_Card,292,10,2,177.3,1,0,2.0,0
3810,80669,Footwear,1591.01,48.4,Prepaid_UPI,942,21,2,375.9,6,1,1.0,1
3811,95737,Home,10000.66,33.1,COD,195,5,3,613.7,3,1,1.0,1
3812,80536,Apparel,1691.49,2.3,COD,144,0,0,140.8,4,0,3.0,0
3813,36606,Home,5214.87,0.0,Prepaid_Card,161,14,5,88.9,4,1,4.0,0
3814,42302,Apparel,2441.95,22.9,COD,158,0,0,115.1,3,1,,0
3815,31612,Electronics,5562.23,4.0,Wallet,126,1,0,110.7,6,0,2.0,0
3816,78116,Electronics,39059.29,15.6,COD,1310,27,16,215.4,3,1,,1
3817,86049,Electronics,24562.98,19.3,COD,129,9,0,372.3,1,0,4.0,0
3818,18012,Apparel,1250.49,18.7,COD,280,4,3,168.7,5,1,1.0,1
3819,22776,Footwear,640.61,35.8,COD,609,14,2,125.9,3,1,2.0,1
3820,50962,Footwear,4502.9,45.7,Prepaid_UPI,123,1,0,378.2,1,1,3.0,1
3821,93082,Footwear,4743.67,13.3,Prepaid_UPI,599,10,0,86.5,2,0,1.0,0
3822,14390,Home,5124.88,4.2,Wallet,983,23,1,219.2,5,0,3.0,0
3823,32994,Home,7995.96,25.4,Prepaid_Card,253,3,0,291.9,5,1,1.0,0
3824,89357,Apparel,1653.85,42.8,Prepaid_Card,470,11,0,102.5,7,1,2.0,0
3825,52601,Footwear,2522.05,14.4,COD,481,12,1,220.1,7,1,,0
3826,41430,Home,9425.94,31.9,COD,296,12,2,376.4,5,1,2.0,0
3827,84160,Apparel,1283.37,8.3,Wallet,100,0,0,163.8,3,0,1.0,0
3828,25242,Electronics,44025.42,20.3,Prepaid_Card,1577,34,3,296.6,3,1,4.0,0
3829,25599,Beauty,2197.76,3.7,Prepaid_Card,129,2,0,67.9,5,1,1.0,0
3830,23083,Home,2102.25,20.2,Prepaid_Card,363,8,0,129.7,6,0,2.0,0
3831,85095,Electronics,40180.56,18.4,Prepaid_UPI,513,19,3,101.0,6,0,4.0,0
3832,19669,Home,5393.83,28.5,COD,235,4,0,186.3,4,0,,0
3833,68207,Electronics,46842.85,44.9,Prepaid_UPI,396,1,0,123.6,5,1,2.0,0
3834,19780,Electronics,30565.19,14.6,Prepaid_UPI,362,7,0,496.6,4,1,1.0,0
3835,73253,Apparel,409.29,0.0,Prepaid_UPI,176,3,0,261.3,1,1,4.0,0
3836,52645,Electronics,36983.77,17.2,COD,145,2,1,98.1,4,1,5.0,1
3837,33938,Footwear,1219.04,24.2,COD,42,0,0,155.4,4,1,1.0,0
3838,25507,Apparel,2236.13,22.8,Prepaid_Card,694,11,1,157.8,6,0,4.0,0
3839,70962,Footwear,5715.82,17.8,Prepaid_UPI,1592,41,9,379.9,2,0,3.0,0
3840,78642,Apparel,1844.8,40.8,Wallet,460,11,2,279.0,3,0,2.0,0
3841,62255,Footwear,3430.8,21.9,Prepaid_Card,630,13,0,212.1,7,1,5.0,1
3842,55847,Home,9229.91,18.5,COD,413,15,1,285.0,3,1,4.0,0
3843,55023,Home,6718.4,9.1,COD,270,3,2,408.5,3,1,2.0,1
3844,88474,Home,1711.95,0.0,Prepaid_Card,287,8,0,675.5,5,1,3.0,0
3845,44023,Beauty,2797.2,24.6,COD,35,0,0,550.7,6,1,2.0,1
3846,84184,Home,5273.2,23.4,Prepaid_Card,476,12,0,232.0,7,0,2.0,0
3847,20188,Footwear,2220.66,5.2,Prepaid_UPI,141,0,0,175.4,4,0,4.0,1
3848,76396,Footwear,1552.29,19.4,COD,789,18,1,260.8,4,0,2.0,1
3849,95904,Apparel,2483.68,18.0,COD,353,13,0,341.1,4,1,2.0,0
3850,25405,Apparel,2376.51,11.3,COD,127,3,0,142.4,3,1,,0
3851,28244,Electronics,18122.19,8.9,COD,129,0,0,241.5,5,1,2.0,0
3852,51535,Apparel,909.01,25.7,Prepaid_UPI,35,0,0,266.1,4,0,3.0,1
3853,65136,Electronics,40463.11,16.8,COD,421,10,2,504.6,2,1,1.0,0
3854,92541,Electronics,21707.89,11.7,COD,193,6,0,123.9,1,1,2.0,1
3855,54062,Home,14532.93,7.9,COD,18,4,0,69.3,4,1,,1
3856,78772,Apparel,2287.62,18.2,COD,25,5,1,65.7,6,1,5.0,1
3857,44070,Footwear,4676.98,32.9,Prepaid_UPI,388,8,2,381.4,3,0,2.0,0
3858,58994,Electronics,5406.29,22.9,Prepaid_Card,252,3,1,449.2,2,0,5.0,0
3859,30114,Footwear,4361.7,16.7,Prepaid_Card,147,0,0,167.9,8,1,2.0,0
3860,59326,Apparel,2472.6,24.3,Prepaid_Card,80,0,0,341.3,4,0,4.0,0
3861,90558,Electronics,19291.33,39.1,COD,276,7,1,418.3,6,1,4.0,0
3862,41070,Apparel,2245.37,26.9,Prepaid_Card,201,0,0,271.4,7,1,4.0,0
3863,87990,Home,6418.06,23.6,COD,150,0,0,612.9,8,1,,1
3864,86202,Electronics,48594.88,28.9,Wallet,58,2,0,198.4,4,0,4.0,0
3865,65016,Beauty,2012.74,17.8,COD,930,18,5,332.5,2,0,4.0,0
3866,91029,Electronics,5728.52,22.6,Prepaid_Card,1129,26,2,20.2,1,1,2.0,0
3867,85600,Home,7446.16,13.2,COD,245,3,1,531.6,4,0,2.0,0
3868,71528,Apparel,456.92,0.0,Prepaid_UPI,313,7,1,247.6,8,1,2.0,0
3869,93233,Home,6228.6,24.8,COD,283,3,0,265.0,5,0,,0
3870,99942,Electronics,45853.68,24.9,Wallet,394,3,0,338.0,7,0,1.0,0
3871,38688,Electronics,12377.91,16.0,COD,17,3,1,400.6,3,0,2.0,0
3872,80444,Apparel,2393.72,34.5,Prepaid_UPI,955,19,6,214.6,7,1,1.0,0
3873,52292,Apparel,564.83,9.9,Prepaid_UPI,489,10,4,382.0,6,1,3.0,0
3874,84058,Apparel,1779.34,0.0,COD,241,3,1,189.6,5,0,2.0,0
3875,23190,Beauty,2902.2,10.2,COD,243,7,0,461.1,6,0,1.0,1
3876,55311,Electronics,33053.53,0.0,COD,123,3,0,348.1,3,0,,0
3877,61738,Apparel,2282.86,24.7,Prepaid_UPI,207,6,0,112.8,5,1,2.0,0
3878,52304,Beauty,2974.44,9.5,Prepaid_UPI,616,12,1,109.4,3,0,2.0,0
3879,94770,Apparel,1729.96,33.8,COD,313,6,0,396.8,3,0,3.0,1
3880,42972,Electronics,39330.93,33.5,COD,90,3,0,54.6,3,1,2.0,0
3881,64070,Footwear,675.92,7.1,COD,527,16,4,190.7,3,1,5.0,0
3882,54014,Beauty,1367.83,8.7,COD,1033,23,1,362.5,1,1,5.0,0
3883,56004,Footwear,2085.46,27.5,Prepaid_Card,8,0,0,152.3,9,0,2.0,0
3884,63837,Electronics,41385.08,33.7,COD,17,1,1,247.5,2,0,5.0,1
3885,60929,Beauty,2081.1,0.0,COD,820,17,2,148.0,7,1,2.0,0
3886,58708,Apparel,1670.99,23.9,Prepaid_UPI,127,0,0,106.9,1,1,2.0,0
3887,93256,Beauty,2804.94,0.0,Prepaid_UPI,306,1,0,441.6,3,1,,0
3888,28312,Footwear,988.77,12.3,Prepaid_UPI,365,7,2,123.7,4,0,1.0,1
3889,22435,Beauty,2868.45,35.3,COD,226,5,2,139.3,7,0,2.0,1
3890,49567,Apparel,566.64,62.1,Wallet,379,7,1,182.8,5,1,2.0,0
3891,86028,Apparel,1096.09,16.7,Prepaid_Card,161,6,1,188.9,2,1,1.0,0
3892,54748,Home,9638.97,2.5,Prepaid_Card,927,17,1,202.0,4,0,1.0,0
3893,42405,Home,5451.4,12.8,COD,52,0,0,427.9,7,1,,1
3894,58670,Home,10396.78,20.9,Prepaid_UPI,332,4,2,256.2,7,1,3.0,0
3895,96219,Beauty,2359.94,10.6,Prepaid_Card,511,9,0,161.7,3,0,4.0,0
3896,14997,Home,12513.33,7.1,Prepaid_UPI,316,6,0,200.1,2,0,5.0,0
3897,65971,Electronics,9787.84,14.0,Prepaid_UPI,209,2,0,306.2,3,0,3.0,0
3898,75649,Electronics,9921.76,25.5,Prepaid_UPI,253,0,0,41.1,6,1,2.0,0
3899,43411,Apparel,462.48,17.6,Prepaid_UPI,83,0,0,185.7,1,0,5.0,0
3900,97143,Apparel,1405.33,7.7,Wallet,221,5,0,480.9,4,0,,0
3901,60401,Apparel,645.7,10.6,COD,292,3,1,219.4,2,1,,1
3902,26956,Footwear,2252.28,14.2,COD,1006,16,1,236.8,4,1,,0
3903,48552,Footwear,5122.39,6.0,Prepaid_UPI,378,10,0,197.9,6,0,4.0,0
3904,88045,Home,14255.55,10.1,Prepaid_Card,371,12,0,431.4,4,0,1.0,0
3905,88771,Electronics,41281.72,29.0,Prepaid_Card,61,1,1,513.4,6,1,2.0,0
3906,28417,Home,509.4,16.8,Prepaid_UPI,1178,26,3,25.2,7,1,3.0,0
3907,41868,Footwear,3624.13,0.0,Prepaid_Card,102,3,0,586.1,12,0,2.0,0
3908,14763,Beauty,624.98,34.3,Prepaid_UPI,276,0,0,89.2,6,1,2.0,0
3909,19821,Home,5948.33,25.8,COD,86,4,0,366.7,6,1,1.0,0
3910,77019,Footwear,2853.55,0.6,Prepaid_UPI,281,9,0,369.9,3,1,4.0,1
3911,58074,Home,14172.64,14.9,COD,306,12,0,103.5,6,1,5.0,0
3912,87480,Electronics,32053.2,8.9,Prepaid_Card,795,16,8,189.1,8,1,1.0,0
3913,11306,Beauty,912.82,29.5,Prepaid_UPI,381,5,0,256.5,3,0,2.0,0
3914,85974,Electronics,32496.95,14.8,COD,16,4,0,601.7,3,0,1.0,0
3915,66751,Electronics,47641.41,19.0,COD,13,1,0,248.6,3,1,5.0,1
3916,17927,Electronics,3898.8,17.4,COD,1698,40,10,272.1,2,0,1.0,0
3917,69740,Home,12331.82,0.0,Prepaid_Card,111,0,0,412.0,4,0,2.0,0
3918,10600,Home,3645.01,39.7,Prepaid_Card,115,3,0,147.8,2,0,4.0,0
3919,95353,Home,2720.07,29.3,COD,884,16,0,135.8,4,1,2.0,1
3920,89837,Electronics,45044.48,9.5,Prepaid_UPI,103,2,0,334.5,5,0,2.0,0
3921,39525,Apparel,353.98,22.7,COD,18,0,0,286.1,5,0,2.0,1
3922,33204,Beauty,2262.09,33.6,Prepaid_Card,625,20,8,185.6,4,1,,0
3923,14279,Electronics,5274.19,20.8,Prepaid_Card,889,21,3,403.8,1,1,5.0,0
3924,29425,Beauty,1911.29,41.8,COD,68,0,0,521.4,7,1,2.0,0
3925,61189,Apparel,1684.93,60.8,COD,192,4,0,399.3,1,0,2.0,1
3926,86103,Home,13010.25,18.2,Wallet,438,10,2,178.1,5,1,,1
3927,25413,Home,12427.79,11.8,Prepaid_UPI,155,2,0,238.7,7,0,1.0,0
3928,36352,Footwear,4268.4,6.1,COD,538,8,1,150.5,5,0,1.0,1
3929,33458,Apparel,1168.18,0.0,Prepaid_UPI,233,7,0,484.0,7,1,5.0,0
3930,54344,Beauty,624.26,37.5,Prepaid_Card,125,0,0,233.3,6,0,5.0,0
3931,11884,Home,9717.4,15.1,COD,376,10,1,73.3,2,1,,0
3932,93275,Home,7706.06,32.3,Prepaid_UPI,2535,53,10,328.0,7,1,4.0,1
3933,26276,Home,1630.16,35.1,Prepaid_Card,374,6,1,240.2,3,0,5.0,1
3934,72424,Apparel,2404.46,4.9,COD,519,14,1,217.8,4,1,1.0,0
3935,55158,Electronics,16406.56,7.0,Prepaid_UPI,30,2,0,76.9,6,0,4.0,0
3936,49197,Apparel,354.6,44.4,COD,120,2,0,147.4,3,1,4.0,0
3937,31663,Electronics,45182.82,19.0,COD,939,20,3,252.1,6,1,3.0,0
3938,55221,Home,8867.24,10.8,COD,223,5,0,363.0,5,0,4.0,0
3939,55011,Electronics,36919.97,5.4,Prepaid_UPI,86,0,0,298.3,8,1,2.0,1
3940,39597,Apparel,678.23,18.0,Prepaid_UPI,196,0,0,132.7,7,0,1.0,0
3941,51267,Apparel,1219.9,41.1,Wallet,18,2,1,165.3,4,1,2.0,1
3942,87131,Apparel,1736.88,29.6,COD,176,8,1,122.9,4,0,1.0,0
3943,59326,Apparel,889.57,22.5,Prepaid_UPI,727,17,4,196.6,3,1,5.0,0
3944,59809,Home,10671.73,42.2,Prepaid_Card,1222,27,7,355.2,4,1,4.0,0
3945,50570,Apparel,852.27,39.5,COD,442,6,1,170.2,3,1,1.0,0
3946,83729,Beauty,746.01,24.7,COD,1444,34,12,192.2,4,0,2.0,0
3947,57879,Apparel,374.99,58.9,Prepaid_UPI,531,13,4,222.8,2,0,1.0,0
3948,99805,Apparel,956.1,16.5,COD,147,5,1,88.4,3,0,1.0,0
3949,29120,Beauty,853.2,35.4,Prepaid_Card,21,3,0,258.9,7,1,1.0,0
3950,52414,Apparel,1993.37,14.5,Prepaid_Card,385,13,2,243.1,2,0,4.0,0
3951,98853,Electronics,28915.79,32.6,COD,866,15,3,248.4,2,0,5.0,0
3952,11944,Beauty,656.8,16.5,Wallet,487,6,2,122.8,3,0,4.0,0
3953,88964,Beauty,1769.16,26.5,Prepaid_UPI,191,4,0,576.2,7,0,,0
3954,90086,Footwear,1739.94,53.5,Prepaid_Card,455,7,1,596.7,3,1,1.0,0
3955,48086,Apparel,1264.83,33.3,Prepaid_UPI,208,1,0,190.2,4,0,4.0,0
3956,31687,Home,13379.02,26.7,Prepaid_Card,245,9,3,56.4,5,0,,0
3957,91645,Beauty,2199.88,9.2,Prepaid_UPI,811,14,1,25.3,6,1,1.0,0
3958,33092,Beauty,2005.64,22.6,COD,192,4,1,111.9,4,0,1.0,1
3959,69738,Apparel,955.19,5.9,Prepaid_Card,179,0,0,117.2,5,1,4.0,0
3960,40396,Electronics,7104.5,32.4,COD,542,12,4,202.0,6,1,4.0,0
3961,10383,Electronics,37894.5,32.1,Prepaid_Card,1009,25,10,146.9,2,0,4.0,0
3962,97138,Apparel,1570.96,17.5,Prepaid_Card,157,7,3,167.4,3,1,2.0,1
3963,44009,Footwear,3925.18,43.3,COD,327,10,2,404.5,3,0,,1
3964,68054,Apparel,2446.49,41.3,Wallet,561,12,1,158.5,4,1,2.0,1
3965,53937,Electronics,18067.73,22.1,COD,197,7,0,486.8,7,0,5.0,1
3966,76516,Apparel,2071.61,27.9,COD,282,7,1,227.5,6,0,3.0,1
3967,14828,Electronics,28388.89,11.8,COD,227,3,0,237.3,4,1,1.0,1
3968,22301,Apparel,855.81,16.2,Prepaid_Card,325,8,1,366.4,6,0,2.0,1
3969,91833,Electronics,3591.53,4.9,COD,1185,28,2,404.8,9,0,3.0,1
3970,43868,Apparel,1674.42,13.3,Prepaid_Card,155,0,0,292.4,2,1,4.0,0
3971,38871,Beauty,998.21,18.5,Prepaid_UPI,738,13,2,226.6,3,0,,0
3972,31761,Apparel,1845.28,0.0,COD,467,9,4,171.5,4,1,1.0,1
3973,74164,Home,10660.54,28.1,Wallet,341,3,0,60.5,5,0,2.0,0
3974,11632,Apparel,1329.24,34.3,COD,1211,23,5,382.0,6,0,3.0,0
3975,78786,Apparel,1503.25,19.9,Prepaid_Card,706,14,0,323.2,2,1,5.0,0
3976,69023,Apparel,1697.08,0.0,COD,349,10,0,167.9,5,1,1.0,1
3977,66433,Apparel,1357.5,16.5,Prepaid_UPI,78,4,0,159.4,6,0,4.0,0
3978,10957,Apparel,2236.35,0.5,Prepaid_UPI,160,4,2,414.8,2,1,1.0,0
3979,24745,Electronics,4720.79,11.5,COD,541,12,1,25.6,5,0,4.0,1
3980,88249,Home,14707.36,40.3,COD,347,13,2,228.3,3,0,2.0,0
3981,92473,Apparel,421.92,0.0,COD,783,15,2,204.7,2,1,1.0,1
3982,69187,Electronics,11196.72,8.6,COD,1482,33,11,382.8,6,1,5.0,0
3983,15440,Home,10770.46,31.6,Wallet,289,4,0,320.3,5,0,4.0,0
3984,57909,Apparel,532.66,10.2,Prepaid_Card,820,14,0,104.1,3,1,2.0,0
3985,60392,Electronics,13846.46,9.1,Prepaid_Card,33,4,1,155.6,6,1,4.0,1
3986,50141,Apparel,681.05,48.5,Wallet,185,3,1,43.2,9,1,1.0,1
3987,81400,Apparel,1905.68,25.3,Prepaid_UPI,712,17,1,246.1,5,0,5.0,0
3988,49285,Electronics,29367.74,33.1,Prepaid_UPI,53,0,0,160.6,2,1,3.0,0
3989,68170,Beauty,333.76,26.9,COD,208,8,0,92.9,4,0,,1
3990,38213,Beauty,1461.38,22.3,COD,358,4,1,114.9,1,1,3.0,1
3991,74346,Beauty,744.23,37.7,COD,1814,43,3,529.7,4,1,3.0,0
3992,70344,Electronics,48417.23,46.7,COD,903,22,1,171.3,4,0,3.0,1
3993,78477,Apparel,582.02,0.0,COD,252,0,0,278.5,6,0,,1
3994,64680,Electronics,30304.7,19.5,COD,276,4,0,48.5,3,1,4.0,1
3995,83214,Apparel,1385.97,19.4,COD,23,3,0,355.0,6,0,,1
3996,38287,Apparel,1592.88,14.0,Prepaid_Card,45,5,0,286.5,3,1,3.0,1
3997,20166,Apparel,2406.46,33.7,COD,1619,38,8,372.6,4,1,1.0,1
3998,95592,Electronics,17722.81,23.6,COD,95,0,0,87.2,2,1,,0
3999,85770,Electronics,37689.55,47.0,COD,572,9,1,593.3,2,1,1.0,1
4000,44318,Apparel,1312.05,35.4,Prepaid_Card,57,2,0,435.5,6,1,3.0,1
4001,73260,Footwear,4134.19,39.1,Prepaid_UPI,84,0,0,84.0,7,1,2.0,0
4002,75201,Electronics,18917.22,3.2,Prepaid_UPI,95,0,0,156.6,3,1,2.0,0
4003,31219,Beauty,797.3,8.7,COD,82,1,0,286.7,6,0,2.0,0
4004,50198,Apparel,529.78,9.9,COD,92,4,1,89.3,6,0,,1
4005,17339,Home,1975.39,38.5,COD,226,10,0,517.0,2,1,5.0,0
4006,20063,Apparel,2412.78,6.5,COD,979,24,9,342.9,5,1,1.0,0
4007,85705,Electronics,39634.37,6.9,COD,149,3,0,158.4,5,0,3.0,0
4008,91788,Apparel,876.66,4.3,Wallet,161,0,0,319.5,5,0,3.0,0
4009,35778,Apparel,1487.67,58.5,COD,93,4,1,163.7,4,0,3.0,1
4010,81684,Home,10856.37,18.0,COD,422,14,5,535.6,1,0,4.0,0
4011,56210,Apparel,1107.96,27.4,Prepaid_UPI,505,14,5,245.0,5,0,4.0,1
4012,25941,Apparel,1295.97,4.0,Prepaid_Card,859,19,1,277.5,4,0,5.0,0
4013,34005,Beauty,2197.39,33.4,COD,809,16,1,113.9,4,1,5.0,0
4014,49036,Apparel,839.03,0.0,COD,965,22,5,181.6,1,1,5.0,0
4015,95552,Home,8131.99,6.3,Wallet,19,3,1,411.3,7,1,2.0,1
4016,86726,Home,3546.28,9.8,COD,740,17,0,191.1,5,1,1.0,0
4017,58962,Apparel,356.62,23.1,Prepaid_Card,15,0,0,109.3,1,0,3.0,0
4018,76171,Electronics,34822.92,8.9,Prepaid_UPI,50,0,0,84.7,7,1,3.0,1
4019,73561,Apparel,1870.62,41.3,COD,410,16,1,260.3,5,1,3.0,0
4020,69014,Footwear,5976.47,27.0,Prepaid_UPI,91,0,0,67.1,6,0,1.0,0
4021,97260,Apparel,739.18,10.3,COD,141,0,0,60.0,4,0,5.0,1
4022,83458,Apparel,1940.1,34.0,COD,689,15,0,40.2,4,0,,0
4023,13679,Electronics,47450.4,14.5,COD,1769,38,7,266.7,7,1,3.0,1
4024,38578,Beauty,1987.05,11.7,Wallet,31,3,0,38.5,5,0,3.0,0
4025,15258,Footwear,5797.27,32.5,COD,3,3,0,245.1,4,0,5.0,0
4026,86224,Beauty,2984.16,0.0,COD,65,0,0,222.8,3,1,4.0,0
4027,16823,Home,12123.55,30.3,Wallet,116,0,0,156.0,1,0,2.0,0
4028,91633,Home,14989.65,10.0,COD,924,17,3,215.6,6,0,2.0,0
4029,32196,Electronics,31665.4,10.0,Prepaid_UPI,559,14,3,304.3,6,0,2.0,0
4030,15234,Beauty,1566.61,47.4,Prepaid_UPI,96,3,0,471.8,6,1,3.0,1
4031,38969,Home,13805.73,12.6,Prepaid_Card,195,3,0,195.7,7,0,3.0,0
4032,92258,Electronics,41716.84,33.4,Prepaid_UPI,2600,58,13,247.9,3,1,5.0,0
4033,42440,Home,2096.63,23.9,Prepaid_UPI,785,14,0,103.5,4,1,2.0,0
4034,96832,Home,4889.48,25.4,COD,127,0,0,244.7,4,0,4.0,1
4035,86875,Apparel,910.39,16.5,Wallet,175,0,0,200.8,1,0,2.0,1
4036,44778,Electronics,42907.82,15.8,Wallet,32,1,0,284.1,3,1,3.0,0
4037,44554,Electronics,12429.02,41.4,Prepaid_UPI,593,13,0,98.5,5,1,1.0,0
4038,90084,Footwear,2172.25,33.0,Prepaid_Card,141,0,0,615.4,7,0,3.0,1
4039,62621,Electronics,26420.64,13.0,Prepaid_Card,667,16,4,168.7,6,1,4.0,0
4040,14891,Footwear,918.66,5.4,Prepaid_Card,103,5,0,258.7,3,0,3.0,0
4041,65405,Electronics,48100.25,11.8,COD,3,0,0,27.0,6,1,1.0,0
4042,72898,Footwear,3200.85,33.7,Prepaid_Card,339,6,2,224.0,5,0,2.0,0
4043,29772,Apparel,759.43,36.5,Prepaid_Card,238,6,3,265.7,1,1,2.0,0
4044,52131,Beauty,921.84,27.8,Prepaid_UPI,681,15,4,390.3,5,1,1.0,0
4045,39967,Electronics,40106.1,0.0,COD,171,0,0,281.6,6,1,2.0,0
4046,53828,Apparel,1713.11,30.6,Prepaid_Card,347,6,1,499.9,6,1,3.0,0
4047,74256,Apparel,1348.95,38.3,Prepaid_Card,424,8,2,407.1,2,0,3.0,1
4048,92251,Apparel,1062.94,22.4,Prepaid_Card,93,1,0,79.3,3,0,5.0,1
4049,93671,Electronics,45133.53,47.7,Wallet,1988,43,2,511.2,9,0,3.0,0
4050,66128,Footwear,4749.1,1.5,Prepaid_UPI,1074,28,7,183.1,3,1,5.0,0
4051,45074,Beauty,2196.62,29.6,COD,103,1,1,217.0,5,0,,1
4052,90544,Home,6967.01,5.7,COD,113,0,0,70.3,1,0,1.0,0
4053,55572,Home,14726.82,34.8,Prepaid_UPI,858,19,0,376.5,7,0,4.0,0
4054,26278,Electronics,35793.44,28.6,Prepaid_Card,187,9,1,194.8,6,0,2.0,0
4055,28297,Footwear,2829.94,45.2,Prepaid_UPI,48,0,0,202.3,8,0,2.0,0
4056,74452,Footwear,5783.04,27.0,COD,607,12,2,231.9,2,0,4.0,0
4057,58192,Apparel,2275.81,14.3,COD,542,11,1,347.1,7,1,,1
4058,31103,Beauty,2258.9,13.1,COD,249,7,0,477.3,2,0,3.0,1
4059,51186,Electronics,38582.81,16.5,Prepaid_UPI,1672,36,4,66.6,8,1,3.0,0
4060,24515,Footwear,2829.95,12.8,Wallet,134,0,0,176.4,1,1,5.0,0
4061,90909,Beauty,1595.95,38.9,Prepaid_UPI,524,9,1,116.6,7,0,4.0,0
4062,88184,Footwear,1553.51,37.9,Prepaid_Card,813,17,8,387.1,5,1,2.0,0
4063,96507,Apparel,1630.1,0.0,Prepaid_UPI,178,5,2,328.1,6,0,2.0,0
4064,63216,Home,5863.79,20.5,COD,77,0,0,281.4,6,0,3.0,0
4065,43684,Apparel,1096.99,20.9,Prepaid_Card,879,18,7,206.2,5,0,1.0,0
4066,22849,Footwear,5715.26,9.1,Wallet,844,18,3,349.6,9,1,5.0,0
4067,61122,Apparel,704.28,26.1,COD,133,0,0,245.4,8,0,5.0,0
4068,58746,Footwear,5064.85,40.5,Wallet,571,12,1,302.0,6,0,4.0,0
4069,50424,Beauty,952.19,32.5,COD,2,1,1,449.8,5,1,2.0,1
4070,68288,Apparel,411.61,38.9,COD,185,0,0,302.9,8,1,2.0,0
4071,44965,Electronics,2982.69,9.9,Prepaid_Card,230,6,1,201.1,8,0,4.0,0
4072,90759,Home,6723.07,20.5,Wallet,668,11,1,136.1,5,1,4.0,0
4073,92517,Electronics,23268.58,9.3,COD,44,0,0,135.4,5,1,4.0,1
4074,27148,Apparel,1038.54,23.4,Prepaid_UPI,575,10,3,164.5,3,1,1.0,0
4075,13137,Apparel,1787.88,24.6,COD,33,4,1,276.8,5,1,5.0,1
4076,26863,Electronics,24781.8,33.4,Prepaid_UPI,325,2,0,473.9,5,1,,1
4077,34407,Home,1574.64,38.4,Prepaid_Card,93,0,0,124.4,7,1,1.0,0
4078,74812,Home,5547.03,29.6,COD,43,0,0,438.1,8,0,,1
4079,30109,Apparel,569.22,8.0,Prepaid_UPI,318,10,0,153.6,7,1,2.0,0
4080,46157,Electronics,4082.87,1.1,Prepaid_UPI,123,8,0,477.9,7,1,3.0,0
4081,48422,Electronics,11207.02,27.3,Prepaid_Card,479,9,0,154.4,4,1,3.0,0
4082,74245,Apparel,1856.24,41.0,COD,241,6,3,145.1,4,1,4.0,1
4083,53005,Footwear,4328.01,19.7,COD,197,4,2,74.4,6,1,2.0,0
4084,27941,Electronics,43208.07,0.0,Wallet,117,2,0,176.4,6,1,4.0,0
4085,84469,Home,11468.08,49.2,Prepaid_UPI,294,7,0,162.6,6,1,2.0,0
4086,67390,Beauty,1676.16,26.9,Prepaid_UPI,50,0,0,304.3,3,1,4.0,0
4087,81857,Home,5032.88,22.4,Prepaid_UPI,1,0,0,128.9,3,0,4.0,1
4088,28253,Home,584.27,3.6,Prepaid_UPI,3,1,0,249.1,4,1,4.0,0
4089,95064,Apparel,1741.35,20.2,COD,533,9,1,162.2,6,1,4.0,0
4090,47682,Apparel,972.88,29.6,Prepaid_Card,811,19,6,363.3,5,0,5.0,0
4091,54369,Apparel,887.72,27.0,Prepaid_UPI,575,7,2,335.5,8,1,2.0,0
4092,91584,Footwear,5861.54,10.5,COD,88,2,0,316.4,3,1,1.0,0
4093,67234,Footwear,1458.32,19.2,COD,20,4,0,33.7,3,1,1.0,0
4094,30061,Apparel,419.73,11.4,Prepaid_Card,73,0,0,126.6,4,1,5.0,1
4095,72484,Apparel,2391.19,43.3,Prepaid_UPI,189,1,0,381.0,3,0,5.0,0
4096,29698,Electronics,15994.33,32.5,Prepaid_UPI,496,6,0,148.6,3,0,3.0,0
4097,45266,Home,6204.59,12.7,COD,992,23,4,360.0,5,1,5.0,0
4098,73140,Home,1673.56,3.6,Wallet,942,23,1,81.1,5,0,2.0,0
4099,72604,Footwear,2722.36,23.9,COD,333,7,1,295.3,2,0,2.0,0
4100,31609,Beauty,2920.83,13.1,COD,76,0,0,274.6,3,0,1.0,1
4101,13960,Apparel,1842.14,14.1,Wallet,195,0,0,279.8,6,1,2.0,0
4102,60153,Home,7370.46,4.1,Prepaid_UPI,544,12,3,506.1,4,0,5.0,0
4103,11964,Home,4958.34,5.8,Wallet,56,0,0,115.6,3,1,,0
4104,62051,Electronics,18936.15,22.3,Prepaid_UPI,539,10,4,364.9,4,1,4.0,0
4105,47870,Beauty,1892.0,16.3,Prepaid_UPI,637,19,1,249.8,2,1,4.0,0
4106,87761,Apparel,897.07,55.0,COD,637,8,1,574.4,8,1,4.0,1
4107,95368,Footwear,1335.71,28.3,COD,206,0,0,168.8,6,0,,0
4108,14776,Footwear,4329.26,3.9,Wallet,538,12,2,408.2,9,1,1.0,0
4109,89281,Beauty,2627.99,0.0,Prepaid_UPI,228,3,2,540.3,5,1,1.0,0
4110,93757,Home,13572.31,25.6,COD,1481,31,1,120.5,4,0,5.0,0
4111,64448,Electronics,42229.51,14.4,COD,590,13,6,160.3,3,1,,1
4112,70723,Footwear,3418.3,38.6,COD,173,4,0,365.6,5,0,3.0,0
4113,25955,Footwear,4838.57,23.9,COD,754,13,2,307.6,4,0,2.0,0
4114,87240,Home,13932.16,0.0,Prepaid_UPI,644,12,0,198.0,3,0,1.0,0
4115,10954,Footwear,628.49,5.7,COD,269,6,0,258.8,7,1,1.0,1
4116,50311,Apparel,1236.01,10.5,Prepaid_Card,495,11,2,193.2,5,0,1.0,0
4117,96579,Home,3459.82,26.2,Wallet,144,4,1,196.7,5,0,5.0,0
4118,22782,Beauty,2990.79,5.3,Prepaid_Card,817,16,1,148.9,5,1,5.0,0
4119,47338,Electronics,46548.73,22.1,Prepaid_Card,455,11,1,325.8,5,0,1.0,0
4120,87651,Electronics,40307.11,1.3,COD,99,5,1,158.3,1,1,1.0,0
4121,98193,Beauty,993.26,20.1,COD,453,10,0,74.1,2,0,1.0,0
4122,47119,Footwear,5736.56,25.2,COD,256,5,1,229.9,8,0,5.0,1
4123,23600,Beauty,233.36,40.5,COD,823,17,2,276.9,4,1,5.0,0
4124,59191,Electronics,10213.95,23.4,COD,249,3,0,105.3,5,0,1.0,0
4125,72367,Beauty,1908.09,8.6,COD,242,2,0,253.0,6,0,5.0,1
4126,45635,Apparel,2054.96,40.9,COD,905,19,0,103.4,4,0,4.0,0
4127,76752,Home,13312.65,17.4,COD,74,2,0,132.6,2,0,4.0,0
4128,16856,Electronics,15724.92,30.8,Wallet,615,10,3,142.2,2,1,2.0,0
4129,23566,Footwear,2649.43,11.4,COD,1087,23,6,315.3,2,1,4.0,0
4130,29823,Beauty,1446.26,21.3,COD,267,5,2,113.2,3,0,3.0,1
4131,35350,Footwear,648.36,8.8,Prepaid_UPI,511,16,2,398.4,3,0,3.0,0
4132,95864,Home,13027.55,24.5,COD,47,3,0,428.7,2,1,,0
4133,65065,Electronics,17559.47,31.3,Prepaid_Card,638,16,1,132.9,6,1,2.0,0
4134,63636,Home,3389.54,13.1,Prepaid_UPI,237,8,2,307.2,7,1,5.0,0
4135,82342,Home,6433.36,12.3,Prepaid_Card,1233,25,3,277.2,3,0,2.0,0
4136,55885,Apparel,1877.71,25.0,COD,568,16,4,265.3,1,1,,0
4137,60021,Home,13128.28,8.4,Prepaid_UPI,441,10,0,443.1,5,1,5.0,0
4138,13500,Beauty,763.82,0.0,Prepaid_UPI,1193,26,6,185.1,8,1,4.0,0
4139,81338,Footwear,1449.37,24.9,COD,364,4,0,253.9,2,0,5.0,1
4140,88895,Footwear,5690.81,18.5,COD,351,6,1,294.3,2,1,,0
4141,64277,Electronics,27993.76,18.2,COD,426,4,0,51.2,1,1,1.0,0
4142,98557,Home,5803.69,27.3,Prepaid_UPI,191,3,2,348.7,5,1,3.0,0
4143,76115,Apparel,778.54,29.3,COD,109,0,0,558.7,2,1,1.0,0
4144,15740,Electronics,49767.14,17.7,COD,312,5,1,58.1,6,1,5.0,0
4145,20776,Electronics,36240.03,4.3,Prepaid_Card,227,0,0,261.6,6,0,3.0,0
4146,76263,Apparel,818.45,11.1,Wallet,4,2,2,203.5,7,0,4.0,1
4147,75525,Apparel,546.21,28.2,COD,463,12,1,278.1,7,0,5.0,0
4148,96347,Footwear,1596.05,21.9,COD,76,6,0,348.6,1,0,2.0,1
4149,43679,Electronics,13139.39,12.3,Prepaid_Card,275,11,1,150.1,4,1,,0
4150,93705,Electronics,6443.2,9.0,Prepaid_UPI,732,16,1,280.9,7,1,3.0,0
4151,69798,Apparel,843.75,28.6,Prepaid_Card,737,19,1,443.5,2,0,4.0,0
4152,68859,Home,2193.31,16.9,Prepaid_UPI,158,4,0,377.6,4,0,2.0,0
4153,68155,Electronics,19508.85,30.5,COD,116,1,0,329.9,5,0,2.0,0
4154,58845,Electronics,24823.57,32.3,COD,224,4,1,187.6,4,1,,0
4155,15092,Home,7101.63,15.6,COD,579,14,3,173.9,5,1,1.0,1
4156,16227,Apparel,2132.8,33.3,COD,106,14,1,265.2,3,0,5.0,0
4157,55044,Beauty,873.89,21.9,Prepaid_Card,147,6,0,268.1,3,0,5.0,1
4158,58890,Apparel,2257.25,23.7,Prepaid_UPI,117,3,1,380.3,5,0,1.0,0
4159,78431,Electronics,45498.02,0.0,COD,722,17,1,262.1,4,0,4.0,1
4160,88357,Apparel,2413.57,6.4,Prepaid_UPI,41,2,0,349.9,9,0,2.0,1
4161,51676,Home,3124.26,7.2,COD,74,1,0,72.3,2,0,2.0,0
4162,23683,Apparel,878.36,15.5,Prepaid_Card,397,11,2,324.2,4,1,1.0,0
4163,67879,Beauty,1927.92,21.6,COD,729,15,5,330.7,2,0,4.0,1
4164,23786,Electronics,7903.69,22.2,Prepaid_Card,984,18,4,428.2,5,1,4.0,0
4165,47032,Home,1741.51,24.0,COD,78,3,0,56.9,4,0,2.0,0
4166,83083,Apparel,508.45,10.4,Wallet,142,5,0,495.5,6,0,4.0,0
4167,83500,Apparel,1653.22,29.7,Wallet,1349,29,1,213.6,3,1,1.0,0
4168,97217,Electronics,40429.23,45.3,Prepaid_UPI,64,2,1,179.7,1,0,2.0,0
4169,62213,Home,4253.84,15.1,Prepaid_UPI,2116,49,14,361.8,7,1,2.0,0
4170,17503,Electronics,46743.16,10.7,COD,120,2,1,197.4,6,1,4.0,1
4171,90772,Beauty,2407.02,10.4,Prepaid_Card,810,16,2,38.7,6,1,4.0,0
4172,23708,Footwear,926.03,21.2,COD,592,11,0,295.0,6,1,3.0,0
4173,47345,Beauty,1310.81,12.6,Prepaid_UPI,973,20,6,297.7,5,0,2.0,0
4174,45966,Apparel,496.23,0.0,COD,199,9,2,760.2,6,0,4.0,0
4175,68647,Footwear,5533.57,0.0,COD,52,0,0,703.3,3,0,3.0,0
4176,94354,Home,11270.63,34.3,Prepaid_UPI,1107,25,11,411.0,4,1,5.0,1
4177,65420,Home,10454.9,37.9,COD,11,0,0,143.6,7,1,3.0,0
4178,18019,Beauty,2095.7,42.4,Prepaid_UPI,48,0,0,306.7,9,0,1.0,0
4179,23791,Home,4635.15,23.2,COD,123,0,0,116.3,5,1,5.0,0
4180,13403,Beauty,2810.59,6.1,Prepaid_UPI,602,13,0,229.4,1,1,4.0,0
4181,40238,Footwear,5575.27,13.9,Prepaid_UPI,207,3,0,193.9,5,1,5.0,0
4182,93183,Apparel,1939.9,0.0,Prepaid_Card,267,9,0,580.4,7,1,3.0,0
4183,14365,Footwear,3079.12,0.0,COD,148,2,0,209.9,4,0,,1
4184,48672,Electronics,3308.67,23.6,COD,233,5,0,391.0,2,0,,1
4185,72623,Beauty,230.69,27.5,COD,130,2,0,250.1,6,1,2.0,0
4186,61786,Footwear,1259.74,47.4,COD,645,15,5,394.2,4,1,2.0,1
4187,76409,Apparel,1630.89,18.8,Prepaid_Card,2394,57,6,50.0,4,1,5.0,0
4188,41715,Apparel,2065.91,1.0,COD,291,3,0,222.2,1,0,5.0,0
4189,92584,Apparel,2389.2,18.3,COD,759,17,2,387.9,1,0,2.0,1
4190,66959,Electronics,9592.74,16.0,COD,80,0,0,390.1,6,0,1.0,0
4191,17016,Apparel,942.38,13.1,Wallet,385,12,1,340.6,2,1,1.0,0
4192,57841,Footwear,797.55,24.8,COD,23,0,0,178.0,8,0,4.0,1
4193,58542,Home,14841.18,3.0,COD,14,0,0,343.8,8,0,3.0,0
4194,11604,Footwear,4795.03,21.8,Prepaid_Card,855,15,1,316.9,2,1,5.0,0
4195,35548,Apparel,1383.54,29.1,COD,635,16,4,260.8,3,1,,1
4196,26004,Home,8845.7,39.9,Wallet,547,7,0,372.7,6,0,5.0,0
4197,98191,Apparel,1558.67,24.3,COD,513,12,1,130.3,8,0,,0
4198,14870,Beauty,874.93,34.6,Prepaid_UPI,303,5,0,221.6,5,0,4.0,1
4199,62183,Apparel,748.59,13.8,Prepaid_Card,291,5,0,83.7,3,1,3.0,0
4200,19500,Apparel,988.5,15.7,Prepaid_UPI,51,0,0,95.1,4,0,3.0,0
4201,28110,Apparel,881.38,38.9,Prepaid_UPI,56,0,0,139.5,5,0,1.0,1
4202,24505,Footwear,3566.4,0.8,Prepaid_UPI,240,3,2,537.0,3,0,1.0,1
4203,95216,Apparel,1012.64,14.4,Prepaid_Card,1014,24,2,384.8,7,0,1.0,0
4204,91752,Home,11069.7,35.8,Prepaid_Card,880,18,2,156.1,3,1,4.0,0
4205,91838,Footwear,3623.67,17.0,Prepaid_UPI,178,5,1,200.2,5,0,,0
4206,28795,Footwear,3427.45,16.0,Prepaid_Card,881,18,5,183.2,6,0,4.0,0
4207,11419,Apparel,2395.28,16.3,Prepaid_Card,26,2,0,317.2,5,1,,0
4208,99149,Apparel,1043.18,21.6,COD,1128,26,0,135.3,4,1,2.0,0
4209,44331,Electronics,32128.22,35.2,COD,587,11,1,586.1,4,0,,0
4210,91262,Apparel,350.11,32.9,COD,41,0,0,605.3,3,1,3.0,0
4211,64302,Footwear,4553.08,20.2,COD,571,15,3,285.2,6,1,5.0,1
4212,48304,Electronics,25624.65,35.3,Prepaid_Card,450,7,0,186.0,4,1,1.0,1
4213,75627,Electronics,11210.86,24.8,COD,108,3,1,459.3,4,1,,1
4214,16723,Apparel,353.25,32.0,Prepaid_Card,228,5,0,373.9,2,0,,0
4215,92550,Home,10750.69,5.6,Prepaid_UPI,444,8,0,122.3,8,1,4.0,0
4216,96774,Apparel,1774.81,44.3,Prepaid_Card,36,2,0,233.7,6,1,4.0,0
4217,43111,Home,10148.4,23.1,Prepaid_UPI,96,6,5,227.3,2,1,2.0,0
4218,77330,Apparel,1290.53,0.0,COD,470,12,2,43.9,6,0,2.0,0
4219,31589,Beauty,1972.0,43.2,COD,1228,27,6,357.3,3,0,,0
4220,39003,Footwear,3642.34,20.1,Prepaid_UPI,194,9,0,192.0,3,1,4.0,0
4221,53753,Apparel,863.62,14.5,Prepaid_UPI,82,0,0,278.3,3,1,2.0,0
4222,34397,Apparel,1465.35,11.5,Prepaid_UPI,29,0,0,438.5,6,0,2.0,0
4223,70376,Electronics,26215.05,26.2,Prepaid_UPI,741,15,3,254.5,4,1,2.0,0
4224,89723,Apparel,2120.79,7.6,Prepaid_UPI,162,7,2,368.3,4,1,3.0,1
4225,75504,Apparel,1282.0,11.9,Prepaid_UPI,317,9,1,222.1,5,1,1.0,1
4226,80383,Beauty,1392.84,12.3,Prepaid_UPI,260,0,0,81.1,6,1,3.0,0
4227,93899,Home,14773.86,15.9,Prepaid_UPI,1198,25,4,507.2,9,1,5.0,1
4228,28806,Apparel,2273.1,12.8,COD,169,0,0,525.0,4,1,,0
4229,37011,Home,4013.15,31.9,COD,476,10,5,116.2,4,0,,0
4230,28911,Apparel,2307.13,23.8,COD,165,6,1,616.1,5,0,2.0,1
4231,30335,Beauty,543.2,25.5,Prepaid_Card,92,4,3,203.4,6,1,5.0,1
4232,81993,Apparel,2184.79,28.5,Prepaid_UPI,397,9,1,238.0,7,0,1.0,1
4233,68254,Footwear,1508.28,18.7,COD,824,17,2,348.5,3,1,,1
4234,88038,Footwear,2840.82,5.7,COD,24,0,0,299.6,9,0,,0
4235,99069,Apparel,2465.43,45.3,Prepaid_UPI,185,6,0,60.1,2,0,3.0,1
4236,57335,Apparel,558.66,33.0,COD,91,9,0,466.9,6,1,,0
4237,42766,Electronics,42149.6,42.6,Prepaid_UPI,237,1,1,219.5,6,0,4.0,0
4238,23810,Beauty,1559.99,34.5,COD,613,18,6,174.2,2,0,1.0,0
4239,65687,Home,2109.37,13.6,COD,58,2,0,336.3,5,0,4.0,0
4240,32069,Home,14311.12,0.0,Prepaid_Card,486,13,3,277.6,1,1,1.0,0
4241,65542,Footwear,3520.77,2.8,COD,73,2,0,511.4,3,0,2.0,0
4242,68706,Footwear,5343.53,28.9,COD,237,9,1,488.8,4,0,1.0,0
4243,98663,Electronics,43586.24,18.6,COD,435,10,3,172.5,5,1,4.0,1
4244,25539,Home,712.2,14.1,COD,579,10,0,207.5,7,0,5.0,0
4245,61350,Footwear,1956.62,0.0,COD,462,11,4,117.8,3,1,1.0,0
4246,12946,Apparel,1074.38,19.8,Prepaid_UPI,633,17,4,490.0,5,0,2.0,0
4247,56911,Beauty,1674.36,4.9,COD,140,3,2,415.2,6,1,4.0,1
4248,36989,Apparel,504.51,9.9,COD,391,2,2,174.2,4,1,4.0,1
4249,34510,Apparel,1186.28,31.9,COD,97,1,0,387.8,4,1,2.0,1
4250,67886,Footwear,4980.51,5.6,Wallet,305,7,1,140.8,2,1,5.0,0
4251,13301,Electronics,9486.36,6.9,Prepaid_UPI,15,0,0,289.7,1,1,1.0,0
4252,54126,Apparel,1857.74,22.6,Wallet,154,1,0,307.2,3,1,3.0,0
4253,73896,Apparel,1339.71,32.2,Wallet,269,9,0,279.1,7,0,1.0,0
4254,96107,Home,1525.22,14.4,COD,637,7,0,91.7,7,1,2.0,1
4255,96789,Footwear,1475.56,40.5,Prepaid_UPI,11,0,0,364.0,7,0,2.0,0
4256,22097,Apparel,653.22,2.1,COD,298,6,2,153.8,5,0,3.0,1
4257,14419,Apparel,1682.39,0.0,Prepaid_UPI,52,7,2,100.2,6,0,4.0,0
4258,93509,Electronics,5278.9,0.0,Prepaid_Card,235,5,0,357.3,4,0,5.0,0
4259,83491,Beauty,2495.68,0.0,COD,1220,28,1,521.6,4,0,4.0,0
4260,52557,Apparel,2084.32,24.7,Wallet,621,14,2,97.6,1,1,2.0,0
4261,46027,Beauty,378.18,6.3,Prepaid_UPI,276,6,0,42.3,5,0,4.0,0
4262,94892,Beauty,2681.36,0.3,Wallet,691,20,1,172.7,5,1,4.0,0
4263,51789,Apparel,2412.2,25.3,COD,621,10,0,293.4,3,0,1.0,0
4264,26190,Footwear,739.07,31.5,COD,164,1,0,141.7,6,1,2.0,0
4265,31960,Footwear,5726.81,34.7,COD,115,4,2,299.4,7,1,4.0,1
4266,33443,Home,4552.2,32.3,Prepaid_Card,1219,27,3,165.7,2,1,2.0,1
4267,64116,Electronics,33573.34,7.1,Prepaid_Card,51,0,0,110.6,9,1,5.0,0
4268,42532,Footwear,1461.49,23.9,COD,90,1,0,50.3,6,0,1.0,0
4269,37198,Footwear,4996.01,27.0,Prepaid_UPI,148,6,2,454.5,8,0,1.0,0
4270,21210,Footwear,5130.52,13.4,COD,566,14,3,314.9,3,0,3.0,1
4271,24471,Beauty,2938.27,22.3,Prepaid_UPI,264,3,2,358.7,7,1,5.0,0
4272,27245,Electronics,49634.14,2.5,Prepaid_UPI,1382,31,1,28.8,6,0,,0
4273,21406,Footwear,917.22,11.2,Prepaid_Card,363,7,1,199.1,4,0,,0
4274,46911,Beauty,2025.2,25.2,COD,1540,35,2,495.9,2,1,4.0,1
4275,68068,Apparel,937.05,41.1,COD,605,12,7,786.6,5,1,4.0,1
4276,60275,Apparel,619.99,36.1,COD,341,3,0,403.1,6,0,5.0,0
4277,20903,Electronics,8290.98,29.3,Prepaid_UPI,1049,25,5,240.9,5,0,1.0,0
4278,61630,Beauty,2818.85,21.1,Prepaid_Card,445,11,0,150.0,5,0,2.0,0
4279,52717,Apparel,1819.85,18.9,COD,77,5,0,306.4,4,0,5.0,1
4280,10615,Footwear,777.54,0.0,Wallet,456,6,0,67.2,2,0,3.0,0
4281,25195,Apparel,2466.09,8.3,Prepaid_UPI,467,10,2,121.2,5,0,3.0,0
4282,82007,Electronics,40582.8,8.8,Prepaid_UPI,75,0,0,212.7,3,1,3.0,0
4283,33352,Home,4983.1,28.0,Prepaid_Card,231,3,2,400.2,6,1,4.0,1
4284,37247,Apparel,1362.36,33.2,Wallet,415,4,1,254.7,6,0,4.0,1
4285,25373,Beauty,2220.74,30.3,COD,398,5,0,343.8,8,1,2.0,1
4286,76301,Apparel,1803.47,36.6,COD,764,17,1,297.8,4,0,5.0,1
4287,45700,Beauty,1469.78,21.0,Prepaid_UPI,1524,32,11,177.0,4,0,3.0,0
4288,34411,Apparel,1451.64,6.2,Prepaid_UPI,395,6,5,80.8,2,0,2.0,0
4289,51957,Beauty,273.14,19.3,Prepaid_Card,413,13,3,147.8,3,1,5.0,0
4290,35582,Home,7759.18,9.9,COD,789,24,2,275.4,4,0,4.0,0
4291,56002,Apparel,1081.53,29.2,COD,23,0,0,148.8,5,1,4.0,1
4292,63622,Apparel,962.86,15.0,Prepaid_UPI,200,0,0,268.9,4,1,1.0,0
4293,16708,Apparel,929.69,18.6,Prepaid_UPI,249,6,1,584.9,3,0,5.0,0
4294,11523,Home,9909.73,29.7,COD,2216,42,3,73.4,5,0,3.0,0
4295,79884,Footwear,2860.92,9.6,COD,1879,37,5,349.0,4,1,,0
4296,20691,Electronics,21864.32,33.5,Prepaid_UPI,33,1,1,70.2,7,0,3.0,0
4297,18773,Electronics,8800.16,1.1,Prepaid_UPI,120,0,0,308.7,5,1,3.0,0
4298,97149,Home,14447.02,24.3,Prepaid_Card,370,7,0,346.3,3,1,1.0,0
4299,90552,Home,3746.93,18.7,Prepaid_Card,8,0,0,156.2,7,1,4.0,0
4300,51325,Footwear,2733.6,31.6,Wallet,183,4,0,439.1,2,0,5.0,0
4301,16034,Electronics,10320.03,0.8,COD,1502,36,8,311.1,4,0,3.0,0
4302,84350,Footwear,4367.29,0.0,Prepaid_Card,432,7,1,641.5,2,1,3.0,0
4303,93234,Beauty,1392.97,30.5,Prepaid_Card,266,5,0,170.6,4,1,1.0,0
4304,83784,Electronics,21268.85,14.5,Prepaid_Card,418,6,0,178.4,7,1,5.0,0
4305,95943,Apparel,2231.45,18.7,Prepaid_UPI,602,11,3,85.4,5,0,4.0,0
4306,10540,Apparel,1982.88,10.8,Prepaid_Card,429,7,1,754.1,1,0,3.0,0
4307,92406,Home,8038.19,32.8,Prepaid_Card,157,5,0,454.6,4,1,5.0,0
4308,51580,Electronics,23960.93,24.2,COD,290,2,0,108.6,5,0,2.0,0
4309,38642,Beauty,2885.72,23.4,Prepaid_UPI,428,8,2,343.0,5,1,1.0,0
4310,66013,Home,14368.7,3.6,COD,168,4,1,555.2,4,0,,0
4311,99225,Home,10719.18,27.0,COD,18,3,0,178.6,6,0,4.0,0
4312,81458,Footwear,4680.81,6.1,Prepaid_Card,518,12,6,161.7,6,0,,0
4313,41069,Apparel,2283.05,10.8,Prepaid_Card,148,3,1,70.6,4,1,5.0,0
4314,96941,Footwear,5803.7,0.9,Wallet,50,0,0,422.3,5,1,,1
4315,33254,Apparel,526.89,17.8,Prepaid_UPI,44,3,0,150.2,4,1,3.0,0
4316,22822,Home,14961.41,34.9,Prepaid_UPI,720,13,1,90.7,5,0,3.0,0
4317,85766,Beauty,2153.61,23.2,COD,527,9,2,329.3,5,1,5.0,0
4318,73327,Footwear,3760.1,13.8,Prepaid_Card,346,11,4,75.7,7,0,1.0,1
4319,19746,Beauty,1327.53,21.5,Wallet,767,18,1,286.3,5,1,5.0,0
4320,49613,Electronics,17483.1,21.5,Prepaid_Card,657,15,3,99.1,5,1,1.0,1
4321,20137,Footwear,4923.16,20.9,Prepaid_UPI,395,10,0,353.1,4,0,3.0,0
4322,45469,Home,9989.31,22.5,Prepaid_Card,89,1,0,110.3,6,0,3.0,0
4323,61657,Home,3410.22,5.4,COD,1827,36,13,157.3,5,0,3.0,0
4324,10095,Apparel,1661.31,21.5,Prepaid_Card,863,19,4,245.5,4,0,4.0,0
4325,42455,Apparel,653.51,0.0,COD,524,11,2,170.9,4,0,,0
4326,99114,Home,7704.68,28.1,COD,85,0,0,771.3,5,0,5.0,0
4327,40983,Apparel,1604.43,4.6,COD,162,0,0,125.3,3,0,3.0,1
4328,65625,Footwear,3996.26,36.5,COD,14,0,0,93.2,2,1,2.0,1
4329,42499,Footwear,1298.94,0.0,COD,1238,23,3,578.8,8,0,5.0,0
4330,66650,Beauty,422.46,43.4,Prepaid_UPI,783,16,0,193.5,8,0,3.0,1
4331,30549,Apparel,906.22,0.0,COD,43,0,0,335.9,5,1,,1
4332,94247,Beauty,1880.04,3.2,Prepaid_UPI,584,12,0,143.6,6,0,5.0,0
4333,39139,Apparel,2353.12,24.2,Prepaid_Card,419,10,0,184.9,4,1,2.0,1
4334,31083,Electronics,39177.05,28.7,COD,139,4,3,284.6,6,1,,1
4335,18813,Footwear,4601.41,16.0,COD,397,6,3,270.2,5,0,3.0,1
4336,73369,Apparel,1060.0,32.5,Wallet,1064,26,1,455.7,5,1,2.0,0
4337,77252,Apparel,590.17,8.8,Prepaid_Card,378,7,1,89.8,3,0,2.0,0
4338,51400,Apparel,2267.67,14.4,Wallet,70,6,3,260.9,8,0,1.0,0
4339,20086,Home,7762.38,15.8,COD,854,17,4,46.5,2,0,4.0,0
4340,53910,Footwear,1052.81,12.5,Prepaid_UPI,289,1,0,207.9,6,1,4.0,1
4341,63891,Apparel,1500.18,0.0,Prepaid_UPI,306,9,0,410.6,3,1,,0
4342,80604,Apparel,1802.13,19.7,Wallet,1369,31,0,959.9,1,0,5.0,0
4343,17811,Home,5138.55,18.4,COD,1158,29,0,298.4,6,0,5.0,0
4344,34202,Apparel,369.89,35.1,Wallet,107,3,1,430.6,5,1,4.0,1
4345,96221,Footwear,3918.84,2.0,COD,38,7,2,171.5,2,1,2.0,1
4346,94282,Beauty,264.27,11.0,Prepaid_UPI,326,6,1,172.4,6,0,5.0,0
4347,45884,Footwear,2880.36,36.8,Prepaid_Card,125,5,0,231.4,4,0,5.0,1
4348,53928,Beauty,2500.61,24.1,Prepaid_Card,2293,49,6,228.2,8,0,4.0,0
4349,50527,Home,14983.29,27.7,COD,136,4,1,277.3,2,0,,0
4350,56476,Footwear,2536.67,26.3,Prepaid_UPI,267,7,1,97.1,3,0,4.0,0
4351,80192,Apparel,393.27,26.4,COD,48,3,0,519.8,6,1,4.0,0
4352,45245,Apparel,1409.74,45.5,Prepaid_Card,1114,27,7,248.8,4,0,2.0,0
4353,33112,Home,4505.99,21.3,Prepaid_Card,129,0,0,353.7,3,0,4.0,1
4354,16855,Apparel,2269.47,5.8,Prepaid_UPI,254,5,0,438.3,5,1,4.0,0
4355,52454,Beauty,2177.78,28.9,Prepaid_Card,333,5,0,114.5,7,1,5.0,1
4356,59852,Footwear,2723.78,12.1,Prepaid_UPI,227,3,0,491.8,4,0,1.0,0
4357,71357,Beauty,2321.78,18.5,Prepaid_Card,483,9,3,306.6,4,1,1.0,0
4358,69090,Electronics,17719.09,25.2,Prepaid_UPI,68,4,1,322.7,3,0,1.0,0
4359,41647,Electronics,26566.42,8.5,Prepaid_UPI,748,17,0,222.3,4,0,1.0,0
4360,14566,Footwear,5575.32,12.9,Prepaid_UPI,443,8,1,583.7,2,1,4.0,0
4361,50796,Apparel,780.34,26.7,Prepaid_UPI,166,0,0,492.5,7,1,2.0,0
4362,36695,Home,5039.34,12.3,Prepaid_Card,115,7,1,155.7,6,0,5.0,1
4363,30221,Home,13341.1,33.6,COD,410,7,0,209.2,2,1,,0
4364,84672,Beauty,1466.35,6.2,Prepaid_UPI,1646,36,9,285.3,3,0,4.0,0
4365,50748,Footwear,2248.39,6.1,COD,276,12,2,222.1,6,1,,0
4366,54575,Apparel,430.19,46.7,COD,95,0,0,462.0,6,0,2.0,1
4367,66590,Electronics,21528.7,0.0,Prepaid_UPI,41,0,0,493.9,4,0,5.0,0
4368,64234,Home,7758.72,19.6,Prepaid_Card,368,8,1,182.9,4,0,5.0,0
4369,93992,Apparel,1223.62,45.9,Prepaid_Card,114,0,0,160.2,5,0,1.0,0
4370,43022,Electronics,14595.5,19.6,Wallet,1025,17,3,228.9,4,0,3.0,0
4371,66420,Apparel,1143.63,38.9,COD,1116,23,0,288.5,7,1,,0
4372,15145,Apparel,1731.26,29.1,COD,33,0,0,290.1,6,0,1.0,0
4373,11064,Home,13423.56,19.9,COD,284,6,1,124.1,5,1,4.0,1
4374,60434,Apparel,1746.8,18.2,COD,560,9,0,98.3,2,1,4.0,0
4375,18164,Home,9869.36,0.0,Prepaid_UPI,130,4,1,437.1,3,1,3.0,0
4376,32938,Apparel,2106.28,15.5,Prepaid_UPI,262,0,0,164.9,3,1,1.0,1
4377,73375,Footwear,1408.29,23.3,Prepaid_Card,362,7,3,211.0,4,1,5.0,1
4378,73891,Apparel,997.36,23.2,COD,1428,32,5,395.5,5,1,2.0,0
4379,41188,Beauty,294.18,54.5,Prepaid_Card,228,6,0,261.3,8,1,5.0,0
4380,45623,Apparel,1101.72,23.9,COD,76,1,0,212.5,5,1,4.0,1
4381,91457,Home,14982.94,28.8,Prepaid_UPI,5,0,0,116.4,2,0,1.0,0
4382,55785,Electronics,17136.31,36.3,Prepaid_Card,610,12,4,167.0,6,0,5.0,0
4383,42093,Apparel,2198.51,27.6,COD,36,4,1,145.2,2,1,3.0,0
4384,60532,Electronics,5203.11,18.8,Prepaid_UPI,418,7,0,197.1,5,1,,0
4385,46453,Footwear,3028.42,18.9,Prepaid_UPI,872,22,5,136.3,4,1,5.0,0
4386,75010,Beauty,1151.67,15.1,COD,173,7,0,101.4,6,1,1.0,0
4387,48372,Electronics,10877.56,26.2,Prepaid_Card,529,6,0,222.8,6,0,4.0,0
4388,83079,Apparel,1150.89,17.6,Prepaid_Card,770,16,2,313.5,5,0,1.0,1
4389,29362,Footwear,4082.03,28.7,COD,450,7,0,65.6,2,1,4.0,0
4390,19079,Home,7609.47,5.9,COD,65,0,0,122.1,3,0,3.0,0
4391,73781,Apparel,2165.32,22.1,Prepaid_UPI,315,9,3,339.8,6,0,5.0,0
4392,18400,Footwear,5477.21,41.7,Wallet,1214,28,12,273.8,5,0,1.0,0
4393,58860,Home,7487.45,16.9,Prepaid_Card,1114,25,7,290.9,8,0,3.0,0
4394,24463,Home,14735.03,45.8,Prepaid_Card,295,3,3,334.0,5,0,4.0,0
4395,25617,Electronics,4529.02,22.3,Prepaid_Card,908,20,2,377.0,6,0,3.0,0
4396,69218,Electronics,14540.62,19.2,Prepaid_Card,187,0,0,201.5,4,0,4.0,0
4397,95991,Apparel,1245.93,21.6,COD,449,10,0,229.1,3,1,2.0,1
4398,32598,Footwear,3704.86,15.6,COD,133,0,0,106.8,7,1,4.0,1
4399,31287,Apparel,1523.75,0.0,Wallet,183,7,0,216.3,3,1,1.0,0
4400,79623,Footwear,3623.87,32.3,Prepaid_UPI,150,2,1,324.5,2,1,2.0,0
4401,48056,Footwear,5429.38,50.7,Wallet,361,8,0,195.2,2,0,3.0,0
4402,44558,Footwear,2026.61,26.7,COD,186,4,0,192.9,5,1,,0
4403,40060,Apparel,2106.24,27.6,Prepaid_Card,253,5,2,115.0,3,1,5.0,0
4404,47766,Apparel,1549.7,17.4,Prepaid_Card,460,10,0,177.0,1,1,5.0,0
4405,50254,Electronics,25034.03,36.2,COD,7,1,0,215.8,8,0,2.0,0
4406,60278,Home,4841.49,19.5,COD,600,10,1,359.0,1,1,5.0,0
4407,58455,Beauty,1016.6,23.7,Prepaid_UPI,116,3,0,144.7,4,0,5.0,0
4408,65471,Electronics,20035.51,0.0,Prepaid_UPI,917,22,0,161.4,8,0,3.0,0
4409,58859,Beauty,2326.0,12.6,Prepaid_Card,732,17,2,344.9,5,1,4.0,0
4410,11642,Apparel,1374.98,25.1,COD,47,0,0,43.6,9,1,1.0,1
4411,74096,Electronics,8537.85,32.7,Prepaid_Card,102,2,0,383.0,6,0,4.0,0
4412,47274,Apparel,1983.71,33.1,COD,652,13,3,181.7,2,1,5.0,1
4413,16254,Footwear,4148.59,0.0,COD,80,1,0,169.2,6,0,4.0,0
4414,83493,Apparel,2390.86,0.0,Prepaid_Card,16,0,0,375.0,3,0,2.0,0
4415,42063,Apparel,1488.24,28.2,COD,217,8,1,259.5,4,1,3.0,1
4416,64923,Footwear,4099.32,9.5,Wallet,40,6,2,226.3,2,1,5.0,0
4417,88518,Home,7450.29,32.5,Prepaid_Card,99,0,0,176.1,3,0,3.0,0
4418,34742,Apparel,1813.68,0.0,COD,137,5,0,74.6,6,1,2.0,0
4419,19085,Apparel,1287.65,18.6,COD,528,16,2,128.9,3,1,,1
4420,93664,Home,2498.92,19.5,Prepaid_UPI,215,1,1,382.4,1,0,2.0,0
4421,70405,Electronics,49347.48,26.7,COD,100,0,0,284.6,5,0,2.0,1
4422,97164,Apparel,1898.78,5.6,COD,382,13,0,96.0,4,0,2.0,0
4423,56910,Home,9325.07,0.0,Prepaid_Card,175,3,0,415.3,6,1,1.0,0
4424,51857,Apparel,1385.05,22.4,COD,695,13,1,56.2,3,1,3.0,0
4425,69199,Home,10815.72,27.4,Prepaid_Card,850,19,4,139.8,7,1,5.0,0
4426,41247,Electronics,7211.97,34.1,Prepaid_Card,102,1,1,113.6,6,0,5.0,1
4427,73802,Apparel,1051.14,15.0,COD,36,9,0,62.7,6,1,2.0,1
4428,88557,Apparel,618.1,30.9,Prepaid_UPI,114,0,0,226.1,2,0,5.0,0
4429,84067,Apparel,620.95,26.8,Prepaid_Card,500,12,4,166.5,4,1,1.0,0
4430,35383,Apparel,395.9,38.5,Prepaid_Card,721,19,5,176.0,6,0,1.0,0
4431,54080,Electronics,38038.78,19.2,COD,861,22,10,285.4,3,0,,0
4432,75500,Beauty,797.83,0.0,Prepaid_Card,849,22,1,99.7,1,0,5.0,0
4433,16319,Footwear,5076.04,19.1,COD,228,3,0,268.4,3,0,1.0,0
4434,71760,Electronics,45317.29,21.2,Prepaid_Card,246,5,0,628.3,3,0,2.0,0
4435,54252,Home,2944.21,27.3,COD,791,11,1,151.6,3,0,3.0,0
4436,67060,Home,10778.53,0.0,Wallet,144,2,0,688.6,2,1,4.0,0
4437,39732,Footwear,3031.68,15.6,COD,1080,24,1,317.2,6,1,2.0,0
4438,24487,Apparel,2325.77,32.2,Wallet,208,6,2,344.0,6,1,1.0,0
4439,24301,Apparel,1391.5,18.5,Wallet,84,7,1,226.1,3,0,1.0,0
4440,25837,Electronics,19564.82,15.7,Prepaid_Card,515,13,1,110.3,4,0,1.0,0
4441,94654,Apparel,983.32,46.7,COD,241,8,1,194.9,3,0,5.0,1
4442,44874,Electronics,45277.45,5.0,COD,429,9,2,312.8,5,1,3.0,0
4443,21669,Beauty,794.61,37.3,Wallet,135,6,0,128.5,2,0,5.0,0
4444,58802,Beauty,2508.99,34.3,Prepaid_Card,52,1,0,252.1,3,0,4.0,0
4445,94120,Apparel,767.5,16.8,Prepaid_Card,535,15,1,395.6,5,0,3.0,0
4446,42807,Electronics,32526.45,19.5,COD,276,8,3,142.0,3,0,5.0,0
4447,37889,Electronics,23102.22,19.5,Prepaid_UPI,319,8,1,430.3,8,1,3.0,0
4448,75880,Electronics,6125.83,22.5,COD,146,0,0,136.3,3,1,5.0,0
4449,70483,Home,2326.03,11.7,COD,129,6,1,532.7,6,1,3.0,0
4450,34975,Apparel,955.24,14.0,COD,667,15,4,319.0,6,0,5.0,1
4451,10218,Footwear,4716.58,15.0,Prepaid_Card,810,20,3,242.4,2,0,3.0,0
4452,64554,Beauty,2227.48,15.5,Prepaid_UPI,31,1,1,440.8,4,1,5.0,0
4453,93052,Home,3474.24,15.6,Prepaid_UPI,357,9,0,347.6,3,0,1.0,0
4454,32080,Home,7404.93,0.0,COD,13,4,2,287.3,6,0,1.0,0
4455,49531,Home,1906.31,21.4,COD,103,0,0,141.6,4,0,3.0,0
4456,49700,Electronics,36081.37,12.6,Prepaid_UPI,468,11,1,249.1,6,1,3.0,0
4457,52266,Apparel,2055.6,0.0,Prepaid_Card,340,5,1,288.5,8,1,5.0,0
4458,48255,Home,13455.92,15.1,COD,44,2,0,370.4,8,0,4.0,0
4459,49372,Apparel,2254.35,14.7,COD,170,4,0,175.5,2,1,5.0,1
4460,55873,Footwear,2358.41,37.9,Prepaid_Card,97,0,0,150.3,2,0,3.0,1
4461,96350,Electronics,13472.16,12.5,Wallet,458,10,3,162.9,2,0,1.0,0
4462,77759,Electronics,44932.88,29.3,Prepaid_UPI,1192,24,7,349.4,7,1,2.0,0
4463,26535,Electronics,8154.34,39.4,COD,395,7,2,164.1,6,0,1.0,1
4464,40694,Beauty,319.13,11.2,Prepaid_UPI,537,12,1,350.4,6,1,2.0,0
4465,85363,Apparel,1025.62,19.3,COD,22,1,0,282.7,6,0,1.0,1
4466,68027,Apparel,1984.65,44.2,Prepaid_UPI,432,3,0,303.9,4,0,3.0,0
4467,54006,Apparel,1842.53,23.2,COD,214,5,2,556.6,5,1,1.0,1
4468,90734,Home,14812.3,25.2,COD,117,1,0,375.6,5,0,,1
4469,53027,Beauty,1174.67,14.3,Prepaid_Card,27,0,0,446.9,5,0,1.0,0
4470,38150,Apparel,943.07,29.6,COD,57,0,0,164.5,3,1,2.0,0
4471,74925,Beauty,1227.89,19.4,COD,52,1,0,108.8,8,0,5.0,0
4472,56272,Apparel,2031.85,0.0,Prepaid_Card,176,2,0,128.7,2,1,2.0,0
4473,23116,Home,3607.35,15.0,Prepaid_UPI,22,4,1,109.1,4,0,3.0,1
4474,37191,Apparel,2387.66,3.4,Prepaid_UPI,1093,19,9,140.4,7,0,5.0,0
4475,85296,Electronics,26114.92,21.6,COD,402,6,1,209.6,6,1,1.0,0
4476,84712,Home,11855.6,7.2,COD,456,7,0,192.2,2,0,2.0,1
4477,75526,Home,12495.3,26.7,Prepaid_Card,70,2,1,322.9,1,1,4.0,0
4478,36120,Apparel,1379.45,20.6,Prepaid_Card,217,8,0,146.8,2,0,1.0,0
4479,25107,Footwear,4577.54,2.5,COD,159,5,0,176.9,5,1,5.0,1
4480,98661,Beauty,1189.38,13.1,Prepaid_UPI,111,0,0,308.0,5,0,3.0,0
4481,56332,Electronics,40735.47,28.7,Wallet,211,3,0,255.6,4,1,1.0,0
4482,15981,Home,12446.59,36.1,COD,826,15,2,191.7,6,0,,1
4483,89319,Footwear,3614.13,7.4,Prepaid_UPI,765,18,2,505.4,5,0,3.0,0
4484,90500,Apparel,819.02,4.6,Prepaid_Card,1989,42,7,405.7,6,1,5.0,0
4485,52686,Beauty,2915.14,47.3,COD,24,0,0,642.6,6,0,4.0,0
4486,82182,Apparel,2386.01,19.9,Prepaid_Card,190,5,0,569.5,1,1,2.0,0
4487,88604,Footwear,3909.01,21.3,COD,101,6,3,80.8,5,1,,0
4488,23889,Apparel,2465.34,9.6,COD,394,8,2,277.0,4,1,1.0,0
4489,62548,Apparel,1431.01,23.0,Wallet,197,4,0,213.7,5,1,4.0,0
4490,70022,Home,5944.52,44.0,Prepaid_Card,798,13,3,339.0,4,1,2.0,0
4491,99679,Home,7177.29,23.6,COD,799,11,1,618.8,1,0,3.0,0
4492,13338,Beauty,280.84,34.9,Prepaid_Card,351,2,1,337.3,5,0,3.0,0
4493,21399,Beauty,1715.0,20.4,Wallet,78,1,0,237.7,6,1,4.0,0
4494,14928,Apparel,1782.4,5.6,Prepaid_Card,18,0,0,218.9,1,0,2.0,0
4495,93161,Apparel,585.47,10.4,Wallet,51,2,0,420.8,8,1,1.0,0
4496,61074,Electronics,13524.28,4.4,Prepaid_UPI,804,17,2,369.0,6,1,,0
4497,35379,Electronics,36338.02,23.0,COD,403,11,1,208.4,3,0,,1
4498,62810,Electronics,39885.92,37.1,Prepaid_UPI,188,6,1,93.5,2,0,1.0,1
4499,33349,Beauty,2959.72,22.3,Prepaid_UPI,334,6,4,256.1,5,0,2.0,1
4500,37908,Footwear,1892.73,15.7,Prepaid_UPI,187,1,0,162.4,5,1,5.0,0
4501,21433,Apparel,2159.09,8.9,COD,285,0,0,146.2,6,0,2.0,1
4502,88422,Electronics,9433.05,25.0,COD,125,7,2,71.7,5,0,1.0,0
4503,65270,Home,2397.74,2.7,COD,198,1,0,532.1,6,0,4.0,0
4504,64463,Electronics,36730.98,4.1,Prepaid_Card,121,0,0,666.4,2,0,4.0,0
4505,39190,Apparel,1308.63,32.6,Prepaid_UPI,32,1,0,197.1,4,0,3.0,0
4506,67904,Electronics,39902.25,16.1,Prepaid_UPI,1,0,0,220.3,5,0,4.0,0
4507,87093,Electronics,14845.67,15.8,Prepaid_Card,275,6,0,263.2,4,0,,0
4508,64660,Apparel,808.37,17.6,COD,472,9,0,192.1,6,1,3.0,1
4509,86400,Footwear,3518.39,30.2,COD,50,3,0,293.8,7,0,,0
4510,46376,Electronics,6650.21,22.3,Prepaid_UPI,325,9,3,309.5,3,0,2.0,0
4511,79905,Home,4541.86,9.6,Prepaid_Card,1305,32,7,513.5,4,1,1.0,0
4512,16203,Home,2910.44,10.1,Prepaid_UPI,176,4,0,114.6,3,0,3.0,0
4513,80708,Beauty,1062.13,17.3,COD,148,0,0,288.1,4,0,3.0,0
4514,60778,Apparel,1995.82,24.2,Prepaid_Card,9,0,0,202.4,1,1,4.0,0
4515,34893,Apparel,609.6,19.5,Wallet,285,4,2,191.2,5,1,2.0,0
4516,84235,Electronics,30981.58,18.3,COD,163,9,0,53.5,10,1,2.0,1
4517,64234,Electronics,29653.54,20.6,COD,27,0,0,148.7,5,0,3.0,0
4518,91550,Apparel,1506.98,19.5,Prepaid_UPI,1259,28,16,317.4,9,0,3.0,0
4519,73553,Footwear,3163.36,9.1,Prepaid_Card,647,18,3,154.0,7,1,1.0,0
4520,22249,Apparel,1777.3,35.5,Wallet,213,5,1,259.1,3,1,3.0,1
4521,98326,Apparel,2181.39,13.2,Wallet,368,5,0,24.9,5,0,5.0,0
4522,76003,Electronics,8939.8,21.8,Prepaid_UPI,997,24,0,211.1,6,0,4.0,0
4523,86630,Footwear,4977.72,0.0,COD,43,0,0,251.4,6,0,5.0,1
4524,28901,Beauty,325.21,17.0,Prepaid_Card,96,3,0,144.1,3,1,5.0,0
4525,70217,Footwear,3151.68,4.6,Prepaid_UPI,569,14,3,200.1,5,1,5.0,0
4526,28660,Home,7916.25,6.3,Prepaid_Card,174,2,0,277.6,8,0,5.0,1
4527,67987,Footwear,1586.72,53.9,Wallet,325,7,1,177.8,1,1,4.0,0
4528,15841,Footwear,993.2,23.5,Prepaid_UPI,288,11,1,309.0,7,0,,0
4529,15740,Apparel,511.06,37.2,COD,135,1,0,164.2,7,1,2.0,0
4530,97524,Home,1039.89,32.0,Prepaid_Card,61,5,0,363.1,1,0,4.0,0
4531,20771,Footwear,3654.76,33.8,Prepaid_UPI,328,5,0,83.7,3,1,2.0,0
4532,77325,Electronics,8618.26,17.2,COD,25,5,1,223.9,4,0,4.0,0
4533,72380,Home,12226.22,42.5,COD,866,16,3,307.1,6,0,5.0,0
4534,40484,Electronics,45048.68,31.9,Prepaid_UPI,49,0,0,229.6,5,1,5.0,0
4535,13563,Home,4739.92,20.6,COD,131,7,0,360.0,3,0,3.0,1
4536,86975,Apparel,703.6,23.7,COD,302,11,0,188.0,5,0,,1
4537,64476,Home,6439.37,18.1,Prepaid_UPI,126,5,1,192.8,5,0,5.0,0
4538,23057,Beauty,2662.48,20.7,Prepaid_UPI,101,0,0,65.1,4,0,5.0,0
4539,60747,Apparel,1209.61,19.4,Prepaid_Card,54,1,0,356.8,8,1,3.0,1
4540,40670,Electronics,6308.48,25.3,Wallet,25,0,0,395.4,5,1,1.0,0
4541,64755,Apparel,2467.04,44.4,Wallet,31,0,0,374.1,6,1,5.0,1
4542,14446,Apparel,1424.3,3.1,Prepaid_Card,541,14,0,172.0,2,0,3.0,0
4543,31706,Beauty,1125.76,36.0,COD,164,1,0,80.5,5,0,3.0,0
4544,49298,Electronics,44787.42,14.8,Prepaid_UPI,391,4,1,550.3,3,1,3.0,0
4545,92296,Electronics,46442.77,37.8,COD,1092,19,3,215.6,3,1,1.0,1
4546,32877,Apparel,1418.13,15.3,Prepaid_UPI,829,23,0,94.9,8,0,1.0,1
4547,26616,Beauty,1024.14,25.8,Prepaid_Card,60,0,0,460.2,3,1,1.0,0
4548,99069,Apparel,1387.66,17.8,COD,1225,25,4,57.8,3,1,2.0,0
4549,55499,Footwear,1706.05,0.0,Prepaid_Card,397,5,0,524.9,1,0,3.0,0
4550,27064,Apparel,1378.21,44.3,Prepaid_Card,1331,33,5,82.8,3,1,,0
4551,15460,Apparel,843.28,6.8,Wallet,759,12,1,211.8,1,0,,0
4552,25405,Footwear,3922.12,21.2,COD,528,8,0,213.3,7,0,5.0,0
4553,39111,Apparel,1983.76,5.3,Wallet,1716,37,5,265.1,5,1,4.0,0
4554,14279,Home,14556.7,1.3,COD,790,17,2,309.3,6,0,,0
4555,20913,Apparel,2161.53,17.1,Prepaid_UPI,93,4,1,163.5,5,0,2.0,1
4556,55392,Footwear,973.74,11.7,Wallet,1178,24,2,193.9,3,1,1.0,0
4557,86949,Footwear,1663.38,3.6,COD,786,22,7,161.5,6,1,1.0,0
4558,17128,Footwear,3424.31,19.5,COD,41,0,0,417.7,4,1,,1
4559,75645,Apparel,903.82,0.0,Prepaid_UPI,60,0,0,288.4,6,0,4.0,1
4560,78675,Footwear,579.01,21.8,Prepaid_UPI,722,12,1,408.8,1,1,2.0,0
4561,90944,Beauty,2301.15,18.2,COD,65,0,0,182.9,2,1,4.0,0
4562,47620,Apparel,1119.21,0.0,Prepaid_Card,372,4,1,182.9,3,1,1.0,0
4563,80385,Apparel,492.12,12.7,Prepaid_UPI,27,2,0,97.4,5,1,4.0,0
4564,99432,Footwear,3298.6,26.6,COD,7,0,0,352.5,1,1,,0
4565,68968,Apparel,2451.0,5.1,Prepaid_Card,568,12,0,239.7,9,0,2.0,0
4566,16314,Home,10338.81,27.2,Prepaid_Card,268,2,1,219.9,7,0,2.0,0
4567,44736,Footwear,1373.21,26.1,COD,229,1,0,167.4,7,0,2.0,1
4568,49898,Apparel,1455.74,5.8,Prepaid_UPI,74,4,1,188.7,7,1,3.0,0
4569,72356,Home,13574.98,19.8,COD,250,10,2,291.6,6,1,,0
4570,97359,Home,1286.53,31.5,Wallet,80,5,0,337.0,2,0,3.0,0
4571,15551,Electronics,32256.77,7.7,Prepaid_Card,1091,19,1,145.8,5,0,1.0,0
4572,48726,Beauty,2205.63,17.1,Prepaid_Card,54,0,0,331.2,4,1,2.0,0
4573,83749,Apparel,1863.63,36.1,Prepaid_Card,326,13,3,226.1,4,0,1.0,0
4574,41248,Electronics,8358.35,8.0,Prepaid_Card,420,8,0,277.6,6,1,1.0,0
4575,93515,Footwear,5490.03,26.4,Prepaid_UPI,290,2,0,200.3,3,1,5.0,0
4576,22265,Apparel,1042.88,4.9,Prepaid_UPI,18,3,1,183.9,3,1,4.0,0
4577,40257,Footwear,784.58,17.7,Prepaid_UPI,533,12,0,199.6,6,1,3.0,0
4578,64492,Apparel,528.93,26.3,Prepaid_Card,12,1,0,98.8,3,0,4.0,0
4579,66116,Electronics,23421.29,0.0,COD,1023,16,2,175.6,4,0,1.0,0
4580,38194,Apparel,435.96,12.5,COD,217,3,0,64.5,4,1,,0
4581,84567,Home,11803.51,26.0,Prepaid_UPI,400,11,0,342.6,6,0,3.0,1
4582,61467,Footwear,5262.03,23.2,Prepaid_Card,208,2,1,93.0,6,0,1.0,0
4583,52676,Footwear,573.55,12.7,Prepaid_Card,114,6,1,303.3,3,1,1.0,0
4584,92909,Beauty,2458.54,4.5,Prepaid_Card,585,9,2,122.1,1,1,4.0,0
4585,48068,Home,14727.49,28.8,Prepaid_Card,200,4,1,452.1,7,1,3.0,0
4586,61762,Footwear,667.02,15.5,Prepaid_UPI,268,10,0,57.0,1,1,4.0,0
4587,71331,Home,11012.03,27.6,Prepaid_Card,1010,18,0,209.0,5,1,5.0,0
4588,15637,Beauty,2997.42,25.3,Wallet,60,2,1,461.2,4,0,3.0,0
4589,25204,Home,12058.22,13.7,COD,1625,37,0,310.1,5,0,5.0,0
4590,54433,Beauty,1590.27,35.0,Prepaid_Card,257,5,0,175.8,5,0,3.0,0
4591,53991,Apparel,2252.37,11.7,COD,111,1,1,602.8,4,1,1.0,1
4592,73628,Electronics,35688.69,36.7,Prepaid_UPI,618,11,6,203.7,4,1,1.0,0
4593,62263,Footwear,2108.48,38.5,Prepaid_Card,968,22,4,199.5,5,0,,0
4594,63872,Apparel,832.29,34.7,Prepaid_Card,87,1,0,380.5,5,1,5.0,1
4595,69829,Apparel,1451.97,17.5,Prepaid_UPI,63,0,0,192.7,1,0,4.0,0
4596,22205,Beauty,1213.02,55.7,Prepaid_Card,1373,33,4,197.8,4,1,2.0,0
4597,54584,Electronics,17143.93,22.1,COD,154,0,0,157.1,6,0,,1
4598,48360,Apparel,732.54,23.4,Prepaid_Card,529,7,1,293.1,3,1,2.0,0
4599,72808,Electronics,42419.01,19.7,COD,627,12,1,322.8,5,0,,0
4600,57799,Electronics,35545.71,4.2,Prepaid_UPI,1,0,0,153.5,7,1,3.0,0
4601,52891,Home,5304.16,38.1,Prepaid_UPI,601,12,0,426.8,5,0,,0
4602,44725,Beauty,827.35,12.0,Prepaid_UPI,63,0,0,157.1,5,0,1.0,1
4603,88344,Beauty,515.19,32.9,Prepaid_UPI,298,7,2,133.0,2,0,4.0,0
4604,93135,Home,2131.44,36.2,Prepaid_UPI,226,9,1,109.8,4,1,2.0,0
4605,75752,Footwear,3940.13,28.4,Prepaid_Card,479,10,1,396.8,5,1,4.0,0
4606,98647,Electronics,6332.04,10.3,COD,380,4,0,119.6,4,0,3.0,0
4607,13037,Beauty,2886.61,15.2,COD,1711,35,0,552.4,4,1,,0
4608,78478,Apparel,950.14,0.0,Wallet,314,7,1,105.2,6,1,2.0,0
4609,56607,Apparel,405.48,18.4,Wallet,843,12,1,205.1,5,1,2.0,1
4610,92930,Beauty,2587.69,31.2,Prepaid_UPI,171,0,0,117.3,5,1,2.0,1
4611,40790,Beauty,1197.62,16.7,COD,313,2,1,167.2,1,0,2.0,0
4612,94390,Electronics,17805.33,11.7,COD,93,2,1,218.6,5,1,3.0,0
4613,29602,Home,2220.0,15.8,Prepaid_UPI,22,6,1,538.2,1,1,4.0,1
4614,41377,Electronics,33360.68,37.0,COD,160,0,0,349.0,4,1,4.0,0
4615,47602,Electronics,18580.88,19.2,Prepaid_Card,330,9,2,46.7,8,1,1.0,0
4616,40705,Apparel,2119.44,46.0,COD,961,19,5,211.8,6,1,3.0,1
4617,38157,Apparel,1705.83,12.0,COD,229,1,0,216.9,5,0,,0
4618,13711,Home,13258.73,23.0,Prepaid_UPI,31,5,0,172.0,3,1,5.0,1
4619,35702,Electronics,31505.5,13.9,Wallet,30,7,1,256.7,8,1,1.0,1
4620,29452,Home,11799.53,49.0,Prepaid_UPI,109,3,0,676.6,5,1,1.0,0
4621,35861,Apparel,1847.56,22.5,Prepaid_Card,190,5,2,157.4,1,1,2.0,1
4622,23894,Beauty,1468.39,49.8,Prepaid_Card,236,5,0,306.0,3,0,3.0,0
4623,91098,Home,10485.77,14.1,Wallet,3,0,0,94.0,5,1,3.0,0
4624,25096,Beauty,2041.31,41.4,Prepaid_Card,297,7,0,61.2,4,0,,1
4625,12848,Apparel,364.41,21.7,Prepaid_Card,1148,27,10,205.9,7,1,4.0,0
4626,24252,Home,10630.25,31.7,Prepaid_UPI,516,16,0,342.0,2,1,1.0,0
4627,16677,Footwear,1941.88,2.9,COD,200,2,0,200.5,5,1,,0
4628,40324,Electronics,27549.32,24.9,COD,191,4,0,330.0,3,0,1.0,1
4629,75875,Apparel,589.36,5.0,Prepaid_UPI,151,3,0,330.2,5,1,3.0,0
4630,68457,Apparel,399.5,23.6,Prepaid_Card,279,9,0,886.7,3,0,1.0,1
4631,68697,Apparel,382.51,0.0,COD,63,8,0,285.2,5,1,,0
4632,87730,Electronics,8751.53,18.7,COD,149,6,0,210.6,8,0,4.0,0
4633,17111,Electronics,1974.73,35.3,Wallet,1147,27,1,295.9,1,0,4.0,0
4634,26388,Apparel,634.65,27.7,Prepaid_Card,333,10,0,147.0,9,1,3.0,1
4635,83508,Home,8608.02,2.7,Prepaid_Card,27,4,0,321.9,11,0,5.0,0
4636,68454,Apparel,1210.59,0.0,COD,4,7,0,303.3,3,0,,0
4637,95927,Electronics,49056.66,27.0,Wallet,94,0,0,476.0,7,0,5.0,0
4638,56388,Footwear,4947.82,42.1,Prepaid_UPI,123,4,1,126.9,6,0,2.0,0
4639,48029,Apparel,665.57,6.5,Prepaid_Card,34,0,0,245.6,6,1,2.0,0
4640,68240,Apparel,1246.1,49.4,COD,49,3,1,550.4,3,1,3.0,1
4641,27405,Apparel,1276.59,19.9,Prepaid_UPI,101,3,0,161.9,3,0,4.0,0
4642,10609,Apparel,1128.55,0.0,Prepaid_UPI,38,0,0,35.6,4,1,2.0,0
4643,41660,Electronics,25283.9,0.0,Prepaid_UPI,123,0,0,237.9,4,0,3.0,0
4644,85804,Apparel,1790.23,30.8,Wallet,306,6,0,224.3,2,0,5.0,1
4645,37277,Apparel,1727.91,21.8,Prepaid_Card,491,11,1,220.7,3,0,4.0,0
4646,45186,Beauty,1167.73,40.8,COD,124,2,0,266.2,7,0,1.0,0
4647,44328,Beauty,2159.38,3.2,Prepaid_Card,334,5,0,338.6,8,0,1.0,0
4648,80557,Apparel,972.39,21.7,Prepaid_UPI,359,5,0,950.6,3,1,5.0,0
4649,25800,Electronics,41937.92,20.1,COD,96,1,1,160.8,9,0,4.0,1
4650,40747,Electronics,48254.23,18.0,COD,714,13,0,145.0,2,1,5.0,1
4651,96322,Footwear,2121.05,14.6,Prepaid_UPI,409,11,0,332.1,2,0,5.0,0
4652,96591,Footwear,4815.79,14.9,Prepaid_Card,108,2,0,135.8,1,0,5.0,0
4653,20381,Apparel,2098.87,22.4,Prepaid_UPI,566,7,2,179.2,1,0,3.0,0
4654,70574,Apparel,1405.14,24.2,COD,597,13,3,191.7,7,1,5.0,1
4655,81511,Electronics,5299.62,23.5,COD,54,2,1,457.1,4,0,,1
4656,93544,Beauty,2390.62,36.9,COD,22,5,1,489.4,4,1,2.0,0
4657,51833,Beauty,1311.31,3.2,Prepaid_UPI,370,11,2,56.8,4,1,3.0,0
4658,47277,Apparel,797.35,0.0,Prepaid_UPI,1330,26,4,68.3,2,1,5.0,1
4659,88565,Home,9586.43,34.2,Prepaid_Card,570,16,0,228.8,1,1,1.0,0
4660,36716,Apparel,1289.42,6.8,Prepaid_Card,764,12,1,403.4,1,0,2.0,0
4661,77826,Footwear,981.65,14.7,COD,970,21,5,565.6,4,1,,0
4662,50824,Beauty,2953.47,11.4,Prepaid_UPI,30,2,0,238.2,5,1,2.0,1
4663,62228,Electronics,12988.43,11.1,Wallet,199,8,2,485.0,2,1,4.0,0
4664,22937,Apparel,1448.57,0.0,Prepaid_UPI,173,9,0,146.2,1,0,5.0,0
4665,63303,Home,10175.68,12.0,COD,347,11,3,191.9,6,1,3.0,0
4666,29923,Electronics,6639.38,29.1,Prepaid_Card,203,4,2,256.2,6,0,2.0,1
4667,44891,Footwear,4566.76,19.9,COD,16,2,0,177.5,1,1,1.0,0
4668,44004,Electronics,32766.15,27.1,COD,87,2,1,543.0,2,1,2.0,1
4669,48602,Beauty,1557.2,13.1,COD,47,0,0,180.4,6,0,1.0,0
4670,40512,Apparel,1485.91,32.6,COD,650,14,1,273.1,1,1,4.0,1
4671,97567,Apparel,2402.81,12.9,COD,181,9,2,163.3,1,0,,1
4672,13801,Electronics,45633.99,0.0,Prepaid_UPI,197,6,1,168.4,7,0,4.0,0
4673,63790,Apparel,590.76,24.4,COD,282,12,0,122.4,3,1,,0
4674,29304,Apparel,1142.82,30.7,Prepaid_UPI,422,6,1,377.7,4,1,2.0,1
4675,37421,Home,7993.19,12.2,Wallet,632,12,0,331.7,2,1,4.0,0
4676,65543,Apparel,2327.95,36.8,Prepaid_Card,194,5,1,347.9,6,1,5.0,1
4677,15075,Apparel,2105.61,8.1,Prepaid_Card,845,21,5,172.2,4,1,,0
4678,90737,Apparel,1180.94,29.4,Prepaid_UPI,138,2,0,133.7,6,1,3.0,0
4679,74641,Apparel,2255.35,44.4,COD,194,6,0,195.3,3,1,1.0,0
4680,27932,Beauty,1227.75,20.5,Prepaid_Card,157,5,2,310.4,2,0,4.0,0
4681,90763,Beauty,922.9,16.8,Prepaid_Card,12,0,0,123.1,4,1,5.0,0
4682,29067,Apparel,1661.27,18.5,Prepaid_UPI,585,15,5,208.9,2,0,5.0,0
4683,79081,Footwear,2457.46,42.8,Prepaid_UPI,293,9,0,311.3,3,0,2.0,0
4684,77073,Footwear,3923.24,25.6,Prepaid_UPI,1,0,0,148.7,2,1,3.0,1
4685,59779,Beauty,1317.6,50.0,Prepaid_UPI,1218,21,5,605.5,2,1,5.0,0
4686,67419,Electronics,39992.69,23.9,Prepaid_Card,214,3,1,294.0,6,1,1.0,0
4687,54439,Apparel,2401.77,10.8,Prepaid_UPI,170,5,0,217.9,5,1,1.0,0
4688,89751,Electronics,14245.15,11.8,Prepaid_UPI,109,0,0,181.5,2,1,5.0,0
4689,13507,Beauty,1603.53,20.9,Prepaid_Card,440,12,0,323.5,8,1,2.0,0
4690,23104,Footwear,4484.38,0.0,Wallet,451,12,2,155.9,3,1,3.0,0
4691,80318,Electronics,8767.44,13.4,Prepaid_UPI,228,5,0,329.7,6,1,4.0,0
4692,91200,Apparel,2061.2,13.7,Prepaid_Card,368,8,2,112.8,1,1,5.0,0
4693,56644,Footwear,3706.35,23.4,COD,187,4,0,217.5,4,0,5.0,1
4694,35047,Beauty,576.76,47.2,COD,70,1,0,363.1,1,0,4.0,0
4695,64872,Electronics,43543.25,20.8,Prepaid_UPI,308,2,0,147.4,2,0,5.0,0
4696,34818,Home,6687.17,0.0,COD,574,11,1,147.7,5,0,1.0,0
4697,36156,Electronics,9654.35,7.2,Prepaid_Card,288,6,0,229.8,5,1,3.0,0
4698,47865,Electronics,10574.42,23.7,Prepaid_Card,132,7,1,249.0,3,0,2.0,0
4699,19868,Home,11889.84,21.3,Prepaid_UPI,187,6,1,401.3,4,0,5.0,1
4700,96609,Footwear,5646.44,42.7,Prepaid_UPI,323,11,0,325.8,5,1,4.0,0
4701,61795,Beauty,1228.01,33.4,Prepaid_UPI,2139,43,19,200.9,3,0,2.0,0
4702,19265,Electronics,4862.58,33.0,Prepaid_Card,16,0,0,205.5,6,1,2.0,0
4703,17429,Electronics,5940.33,17.0,COD,150,9,3,341.6,4,0,,1
4704,65893,Electronics,33069.45,35.4,Prepaid_UPI,133,0,0,107.8,3,1,5.0,0
4705,10347,Apparel,1147.12,7.5,COD,289,4,0,130.8,8,1,,1
4706,86498,Apparel,1266.18,33.6,Prepaid_Card,207,3,0,169.6,3,0,5.0,0
4707,73867,Apparel,1074.65,16.0,Wallet,280,12,0,81.2,2,1,3.0,0
4708,95096,Electronics,23811.39,0.0,Prepaid_Card,360,5,1,388.4,6,0,3.0,1
4709,57168,Apparel,1733.63,28.3,Prepaid_Card,513,13,2,102.4,5,0,4.0,0
4710,79288,Electronics,27515.82,39.6,Prepaid_UPI,740,17,1,700.2,1,0,5.0,0
4711,92671,Footwear,1403.33,14.3,Prepaid_UPI,1397,25,5,305.2,1,0,3.0,0
4712,15737,Apparel,1406.27,41.9,Prepaid_Card,208,4,1,171.4,5,0,2.0,0
4713,46803,Home,7178.89,0.0,Prepaid_Card,19,0,0,201.2,3,0,5.0,0
4714,83945,Beauty,1705.35,3.2,COD,266,7,2,509.1,5,0,3.0,0
4715,20943,Home,2104.72,17.9,Prepaid_Card,415,14,6,185.9,3,1,5.0,0
4716,79958,Apparel,680.08,14.8,COD,31,0,0,167.7,5,0,4.0,0
4717,74179,Electronics,26981.96,10.7,Prepaid_Card,31,0,0,197.3,6,1,1.0,0
4718,95157,Home,4493.81,21.9,Prepaid_UPI,797,25,0,191.0,1,0,1.0,1
4719,48980,Home,9620.96,12.6,COD,85,0,0,237.6,2,1,1.0,0
4720,26218,Apparel,1151.42,15.0,Prepaid_Card,267,1,1,190.7,7,1,2.0,1
4721,45512,Electronics,11816.0,23.9,COD,49,5,0,463.1,5,1,2.0,0
4722,55215,Home,10017.72,10.7,COD,335,7,0,218.2,6,0,2.0,0
4723,69889,Apparel,1196.9,18.5,COD,214,5,2,135.4,9,1,3.0,1
4724,45608,Home,2785.38,11.0,COD,1141,32,7,93.2,7,0,5.0,1
4725,54100,Apparel,2088.94,3.1,Wallet,362,3,0,109.0,4,1,2.0,0
4726,72393,Electronics,22156.18,30.7,Wallet,550,11,0,343.9,2,0,3.0,0
4727,39387,Footwear,5532.89,43.9,Prepaid_UPI,882,15,2,303.3,7,1,4.0,1
4728,24473,Apparel,765.81,34.9,Prepaid_Card,64,2,0,262.2,7,1,2.0,0
4729,75354,Home,13207.08,24.6,Prepaid_UPI,218,3,2,343.5,5,1,5.0,1
4730,13826,Electronics,40979.59,11.0,Prepaid_UPI,1209,23,2,345.6,8,1,2.0,0
4731,69240,Electronics,6091.88,16.0,Prepaid_Card,501,13,0,305.7,5,0,4.0,0
4732,38442,Beauty,1665.29,34.8,COD,359,8,1,86.1,5,0,2.0,1
4733,93463,Electronics,33030.46,0.0,Prepaid_UPI,343,3,0,74.3,7,0,1.0,0
4734,74989,Apparel,1415.29,14.9,Wallet,783,13,0,212.6,5,0,2.0,0
4735,68155,Beauty,1262.25,30.3,COD,117,3,0,418.7,6,1,,1
4736,67486,Footwear,5691.13,4.1,Prepaid_Card,404,3,0,209.0,1,1,2.0,1
4737,60543,Footwear,4354.51,25.9,COD,655,15,0,220.6,5,1,,0
4738,36821,Apparel,2426.62,25.3,COD,174,7,2,324.9,3,1,3.0,1
4739,57761,Apparel,2169.4,0.0,Prepaid_UPI,787,19,3,35.7,3,0,2.0,1
4740,63483,Home,12348.41,21.2,COD,1428,29,2,220.7,4,1,4.0,0
4741,96746,Apparel,1910.11,11.4,Wallet,294,7,0,199.3,3,1,5.0,0
4742,57799,Apparel,1739.07,25.8,Prepaid_UPI,77,0,0,227.8,6,1,2.0,0
4743,62747,Footwear,5377.74,29.4,COD,372,8,0,555.0,2,1,5.0,0
4744,38114,Apparel,1668.83,25.6,Prepaid_UPI,161,2,1,180.9,1,1,,0
4745,38186,Apparel,511.87,21.0,Prepaid_UPI,392,5,2,330.0,4,1,3.0,0
4746,11788,Apparel,1602.51,24.0,Prepaid_Card,591,15,0,187.0,7,1,4.0,0
4747,99836,Electronics,6038.92,3.5,Prepaid_Card,2158,42,5,139.5,3,1,1.0,0
4748,55411,Home,14264.87,19.6,Prepaid_UPI,44,0,0,201.1,4,1,1.0,0
4749,30443,Beauty,1993.01,8.8,Prepaid_Card,777,14,0,438.5,4,1,2.0,0
4750,10849,Apparel,1544.64,34.4,COD,383,6,1,378.9,10,1,,1
4751,60535,Apparel,775.32,29.6,COD,860,23,5,183.4,6,1,4.0,0
4752,73695,Home,7978.62,29.5,COD,433,11,1,107.5,3,0,,0
4753,10510,Electronics,17784.02,44.0,Prepaid_UPI,488,11,0,364.2,4,1,2.0,0
4754,29267,Electronics,34093.92,15.4,COD,195,4,1,353.5,3,1,2.0,1
4755,65706,Beauty,1872.57,12.3,Prepaid_Card,620,13,1,221.5,8,1,1.0,0
4756,38497,Home,7739.95,15.0,Prepaid_Card,628,18,2,106.4,1,0,3.0,0
4757,52122,Electronics,13384.31,0.0,Prepaid_UPI,191,0,0,378.7,3,0,2.0,0
4758,20133,Beauty,1648.37,0.0,Prepaid_Card,519,13,3,244.7,6,0,5.0,0
4759,68354,Apparel,1342.65,28.7,Wallet,458,8,0,239.7,8,1,4.0,1
4760,60295,Beauty,2576.11,0.5,Wallet,463,11,1,516.9,4,1,3.0,1
4761,97112,Home,13467.89,5.0,COD,280,7,0,246.1,4,1,4.0,0
4762,20355,Home,11509.11,18.6,Prepaid_UPI,36,2,0,363.1,5,1,5.0,1
4763,84070,Beauty,1060.97,14.2,COD,119,7,0,462.1,5,1,1.0,0
4764,49514,Home,1052.3,32.4,Prepaid_UPI,1585,31,6,172.8,9,1,4.0,0
4765,94432,Electronics,46341.46,20.8,Prepaid_Card,285,9,0,128.0,5,1,1.0,0
4766,69923,Apparel,2482.83,8.8,COD,1250,27,12,277.6,4,0,,1
4767,64271,Home,2341.8,33.6,COD,292,5,1,647.0,5,1,1.0,1
4768,97272,Home,10441.43,30.2,Prepaid_Card,399,14,2,224.2,6,1,1.0,1
4769,76480,Apparel,1264.07,0.2,Prepaid_UPI,209,6,1,131.9,3,1,2.0,0
4770,56122,Footwear,1316.86,23.5,Prepaid_UPI,339,6,0,144.2,5,1,5.0,0
4771,39549,Home,14972.47,10.0,COD,991,24,2,189.3,5,0,2.0,0
4772,30490,Electronics,46728.21,9.6,COD,479,10,2,223.2,2,0,1.0,0
4773,31686,Apparel,2462.61,46.2,Prepaid_Card,515,10,4,325.9,4,0,2.0,1
4774,71705,Electronics,8050.92,21.7,Prepaid_Card,632,12,2,295.4,4,0,2.0,0
4775,31104,Apparel,1407.64,17.0,COD,72,2,0,481.0,4,0,1.0,1
4776,37596,Apparel,2275.91,21.2,COD,11,0,0,236.2,8,1,,0
4777,72488,Electronics,34082.76,32.2,Prepaid_UPI,395,9,1,313.2,5,0,2.0,0
4778,35032,Apparel,1284.39,10.2,Prepaid_Card,906,22,13,505.9,5,0,2.0,1
4779,82145,Apparel,1460.89,12.6,Prepaid_UPI,135,3,1,258.0,6,1,,1
4780,67101,Home,1059.72,29.2,Prepaid_Card,1811,46,13,46.0,4,0,3.0,0
4781,14171,Electronics,30964.34,0.0,Prepaid_Card,159,3,1,210.8,4,0,,0
4782,15257,Beauty,2600.19,33.9,Prepaid_Card,35,4,0,229.3,7,1,2.0,1
4783,71076,Beauty,157.96,0.0,COD,92,4,1,135.4,7,0,5.0,0
4784,44997,Home,2819.49,16.6,COD,1121,29,4,89.9,6,0,,0
4785,28683,Beauty,1626.27,0.0,Wallet,101,8,3,102.4,4,1,2.0,0
4786,43079,Beauty,1748.75,5.2,Prepaid_UPI,13,0,0,514.4,5,1,2.0,0
4787,21128,Electronics,17824.26,38.2,Prepaid_UPI,96,2,1,336.3,3,0,1.0,0
4788,23761,Footwear,653.64,34.6,COD,113,2,0,94.5,5,1,1.0,1
4789,84392,Apparel,1948.74,36.1,COD,433,9,0,185.3,2,1,3.0,0
4790,64552,Footwear,1836.09,0.0,COD,215,3,0,36.3,6,0,1.0,1
4791,99056,Electronics,32584.29,5.3,Wallet,1145,23,2,203.6,8,0,5.0,1
4792,79524,Apparel,1552.17,24.8,Prepaid_UPI,936,17,0,82.5,2,0,1.0,0
4793,12329,Apparel,1276.3,30.0,Prepaid_Card,248,5,0,441.6,8,0,2.0,0
4794,37647,Beauty,1832.33,8.8,Wallet,735,19,4,541.2,6,1,5.0,0
4795,83419,Electronics,35056.9,11.9,COD,847,17,6,556.2,3,1,5.0,0
4796,43617,Apparel,1580.33,4.2,Prepaid_Card,285,5,1,121.1,5,1,4.0,0
4797,50939,Apparel,1548.68,43.2,COD,23,0,0,91.6,8,1,5.0,0
4798,44151,Electronics,22367.81,13.4,COD,248,2,0,194.2,7,1,4.0,0
4799,34611,Footwear,2865.19,20.4,Wallet,15,0,0,190.8,7,0,4.0,1
4800,62447,Footwear,3200.31,21.2,Prepaid_UPI,1371,31,7,51.5,4,1,4.0,0
4801,17245,Electronics,23151.82,35.5,COD,250,9,0,145.4,3,0,3.0,0
4802,79024,Apparel,1293.9,6.7,COD,411,5,1,205.0,4,1,3.0,0
4803,18545,Apparel,802.3,36.4,Prepaid_Card,795,17,2,82.5,5,0,3.0,0
4804,23027,Electronics,36517.06,2.1,COD,598,16,1,120.7,4,0,5.0,0
4805,73969,Footwear,1231.24,36.3,Prepaid_Card,2,0,0,263.5,3,0,4.0,0
4806,11381,Footwear,5497.91,0.0,Prepaid_Card,358,11,5,259.8,2,0,2.0,0
4807,42219,Electronics,31617.46,18.5,COD,205,3,0,396.3,6,1,3.0,1
4808,76821,Home,1209.06,42.8,COD,1561,36,9,53.9,3,0,4.0,1
4809,37629,Electronics,33290.94,29.8,COD,605,12,1,238.4,6,1,2.0,0
4810,40887,Home,5741.96,25.9,Wallet,18,1,0,326.4,4,0,5.0,0
4811,95913,Home,13981.59,5.3,COD,312,11,4,524.4,4,0,1.0,1
4812,57126,Footwear,5648.42,9.7,Prepaid_Card,184,3,1,177.3,2,0,1.0,0
4813,45128,Home,12765.96,38.8,COD,376,11,1,206.2,5,1,3.0,1
4814,69698,Beauty,1768.37,26.6,Prepaid_UPI,45,1,0,175.7,4,1,1.0,0
4815,58967,Electronics,46039.71,32.5,COD,207,2,0,226.0,2,0,,0
4816,99353,Apparel,1747.09,21.0,COD,227,4,0,411.1,4,0,5.0,0
4817,33406,Apparel,2231.53,16.1,Prepaid_UPI,827,17,6,377.1,3,1,4.0,1
4818,78835,Home,2820.77,30.7,Prepaid_UPI,141,0,0,133.7,1,0,1.0,0
4819,52312,Home,13610.61,23.6,COD,166,5,1,213.8,6,0,4.0,1
4820,39359,Home,10093.07,17.6,COD,549,14,2,173.9,2,1,,0
4821,43359,Footwear,2168.01,0.2,Wallet,1156,28,1,168.6,5,0,2.0,0
4822,26589,Apparel,2495.3,33.4,COD,236,9,0,309.0,9,1,3.0,1
4823,80367,Home,10459.82,26.2,COD,500,13,0,177.9,3,0,1.0,0
4824,58451,Footwear,5496.29,11.5,Prepaid_Card,131,1,0,314.7,5,0,3.0,0
4825,73836,Electronics,1273.69,36.5,COD,185,2,1,181.6,4,0,1.0,1
4826,55004,Electronics,28064.58,23.4,Prepaid_Card,802,20,5,158.9,5,1,3.0,0
4827,89990,Apparel,1881.95,23.7,Prepaid_UPI,303,7,3,208.9,1,1,1.0,0
4828,21126,Electronics,1673.11,32.4,Prepaid_Card,120,2,1,707.2,5,0,4.0,0
4829,45850,Footwear,4694.08,29.4,Prepaid_Card,207,1,1,123.9,5,1,2.0,1
4830,51211,Beauty,2006.63,24.1,Prepaid_Card,528,10,3,144.0,9,0,4.0,0
4831,96309,Home,4484.01,17.4,Prepaid_UPI,1,1,0,70.4,1,1,3.0,0
4832,96754,Apparel,1831.23,47.8,COD,212,0,0,155.0,4,1,2.0,0
4833,65297,Footwear,1219.96,9.7,COD,1244,20,1,60.8,5,0,1.0,0
4834,58614,Footwear,5032.2,30.4,Prepaid_UPI,605,15,0,62.3,6,1,4.0,0
4835,24958,Electronics,43445.03,18.8,COD,731,14,0,277.4,4,1,,0
4836,99168,Footwear,3170.12,26.4,COD,11,1,0,337.3,7,1,,1
4837,44377,Apparel,1441.0,37.3,COD,335,12,0,583.7,5,0,1.0,1
4838,27738,Apparel,1214.42,15.6,Prepaid_UPI,921,17,0,126.7,5,1,5.0,0
4839,12252,Apparel,1092.47,28.4,COD,508,6,3,123.2,1,1,4.0,1
4840,61644,Apparel,2226.73,23.7,Prepaid_UPI,45,0,0,424.2,6,1,5.0,0
4841,21168,Beauty,1018.89,11.0,Prepaid_UPI,989,19,3,237.3,8,1,4.0,0
4842,18913,Electronics,20739.65,37.6,Prepaid_Card,391,8,2,129.8,3,1,2.0,0
4843,30489,Apparel,994.82,30.0,COD,50,2,0,343.7,4,1,3.0,0
4844,76927,Electronics,33178.93,13.9,Prepaid_UPI,1310,30,2,220.7,2,1,3.0,0
4845,68270,Electronics,40896.7,35.5,COD,2600,57,3,216.5,5,1,1.0,0
4846,36311,Electronics,9052.46,8.4,Wallet,78,4,4,499.5,4,0,4.0,1
4847,94527,Apparel,897.7,19.6,Prepaid_UPI,364,10,3,288.5,6,0,3.0,0
4848,96259,Home,2009.56,14.0,COD,225,4,0,294.0,4,0,2.0,0
4849,20724,Apparel,694.4,30.5,Prepaid_UPI,243,7,0,342.0,4,1,,0
4850,12268,Footwear,2737.85,13.3,Prepaid_Card,965,16,3,214.4,4,1,5.0,0
4851,96953,Apparel,2018.13,30.6,Prepaid_Card,317,10,5,338.6,5,1,3.0,0
4852,60799,Footwear,3478.9,28.3,Prepaid_Card,44,1,0,513.8,5,0,4.0,0
4853,82157,Footwear,793.02,14.7,Prepaid_Card,467,6,0,217.0,5,0,2.0,0
4854,73341,Apparel,1693.94,45.6,Prepaid_UPI,217,3,0,272.2,7,1,5.0,1
4855,86859,Apparel,2059.9,9.6,Prepaid_UPI,446,13,4,131.6,6,1,4.0,0
4856,48774,Beauty,1271.38,0.3,COD,196,2,0,147.7,8,1,4.0,1
4857,51551,Electronics,13005.62,32.0,Prepaid_Card,1284,29,6,196.3,2,1,5.0,0
4858,96873,Home,11577.1,0.0,Prepaid_UPI,296,9,1,205.0,3,1,,0
4859,69086,Apparel,401.4,40.9,Prepaid_UPI,115,2,0,77.0,7,1,2.0,0
4860,36969,Apparel,2103.52,21.4,Prepaid_Card,799,15,1,532.1,2,0,4.0,0
4861,50330,Home,12161.76,0.0,COD,350,7,1,350.9,8,1,,0
4862,12118,Beauty,2680.76,6.7,Prepaid_UPI,358,3,0,256.4,3,1,2.0,0
4863,99749,Apparel,542.38,0.0,COD,667,13,0,127.1,4,0,,0
4864,71593,Footwear,1092.67,25.4,COD,173,0,0,267.3,4,1,,1
4865,55099,Home,13154.92,1.4,Prepaid_Card,586,12,6,185.7,5,0,1.0,0
4866,56309,Apparel,1371.81,27.0,COD,126,0,0,307.7,8,1,2.0,1
4867,99653,Apparel,1193.53,15.7,COD,324,7,0,103.2,7,1,1.0,1
4868,64752,Apparel,1582.58,13.3,COD,46,4,0,439.3,8,0,,0
4869,26308,Electronics,3870.57,27.1,Prepaid_UPI,63,4,0,43.8,9,1,1.0,0
4870,59737,Home,9833.88,28.7,Wallet,597,9,2,203.4,4,1,4.0,0
4871,13369,Electronics,47309.07,36.0,Prepaid_Card,632,12,0,421.8,2,0,4.0,0
4872,74798,Apparel,1802.8,11.1,COD,765,19,13,755.6,5,1,3.0,1
4873,73488,Footwear,3054.94,19.6,Prepaid_UPI,21,2,1,126.3,5,0,3.0,1
4874,52611,Home,14432.77,11.1,COD,36,0,0,201.6,2,0,1.0,0
4875,80543,Home,10483.49,22.3,Wallet,391,7,0,104.3,6,1,2.0,0
4876,16144,Home,1325.93,9.1,Prepaid_Card,521,11,1,149.5,2,1,5.0,0
4877,17730,Apparel,1790.6,14.1,COD,18,0,0,249.8,4,1,4.0,0
4878,15198,Footwear,828.33,14.1,Prepaid_Card,394,10,1,90.7,6,0,3.0,0
4879,56479,Electronics,16054.26,24.1,COD,1731,41,1,489.6,5,0,,0
4880,12716,Electronics,31168.49,20.0,Prepaid_UPI,1369,29,5,169.0,5,1,3.0,0
4881,31947,Apparel,813.57,27.1,COD,253,1,0,303.3,5,1,5.0,1
4882,96788,Home,1053.74,18.5,Prepaid_UPI,256,9,3,513.4,6,0,2.0,0
4883,27311,Home,9460.33,11.9,Prepaid_UPI,273,6,3,99.8,3,0,4.0,1
4884,96082,Electronics,15007.01,22.7,Prepaid_UPI,197,6,2,321.1,5,0,2.0,0
4885,80930,Beauty,1668.95,7.2,Prepaid_UPI,16,0,0,359.8,4,0,1.0,0
4886,44958,Footwear,1936.3,28.0,COD,100,0,0,96.4,5,0,1.0,1
4887,75598,Apparel,1825.82,16.0,Prepaid_Card,76,2,0,112.3,7,1,1.0,1
4888,70439,Footwear,5426.36,22.9,Prepaid_UPI,1190,29,7,253.0,5,0,1.0,0
4889,65977,Electronics,5241.68,23.1,COD,265,2,0,485.5,7,1,3.0,0
4890,14765,Beauty,2391.01,42.4,COD,462,9,2,386.1,4,1,3.0,0
4891,15856,Apparel,685.6,25.3,COD,540,7,0,139.8,4,1,,0
4892,73628,Apparel,1058.23,21.0,COD,72,0,0,349.0,1,0,4.0,0
4893,44194,Electronics,18510.9,10.3,Prepaid_UPI,591,12,1,117.3,3,0,,0
4894,51058,Apparel,793.57,31.2,Prepaid_Card,67,2,0,499.9,4,0,3.0,0
4895,68994,Footwear,913.79,16.2,Prepaid_UPI,243,0,0,154.6,5,0,4.0,0
4896,54876,Electronics,38655.84,0.0,Wallet,109,6,0,166.6,4,1,,0
4897,42036,Apparel,2056.3,17.3,COD,207,4,0,80.9,2,0,1.0,1
4898,19132,Home,14954.08,22.7,Prepaid_UPI,457,14,2,125.4,5,1,4.0,0
4899,98298,Beauty,2813.62,8.5,COD,656,16,1,243.0,1,0,3.0,0
4900,45170,Footwear,2890.53,18.3,COD,142,5,1,155.2,1,0,5.0,1
4901,81902,Electronics,7536.01,19.0,COD,38,6,1,77.7,3,1,2.0,0
4902,26436,Apparel,373.01,19.2,COD,806,15,1,154.6,5,0,1.0,0
4903,39866,Apparel,1492.76,37.3,Prepaid_Card,12,0,0,649.6,3,1,4.0,0
4904,10583,Beauty,2602.61,1.6,Prepaid_Card,26,0,0,495.8,5,0,1.0,0
4905,15448,Footwear,1973.47,48.5,COD,376,8,0,288.2,6,1,3.0,0
4906,47164,Home,3384.65,19.5,COD,285,8,2,275.3,5,0,1.0,0
4907,39718,Beauty,1401.02,28.1,Prepaid_UPI,726,19,7,478.8,8,0,1.0,1
4908,19378,Apparel,2271.1,21.8,COD,2,0,0,294.0,5,1,,0
4909,30248,Footwear,2984.21,0.0,Prepaid_UPI,174,0,0,242.4,7,0,2.0,0
4910,26682,Apparel,1903.83,5.2,Wallet,366,8,3,321.3,6,1,5.0,1
4911,78527,Apparel,1344.43,12.7,Prepaid_UPI,135,0,0,139.1,4,1,5.0,1
4912,37692,Electronics,19274.99,33.9,Prepaid_Card,29,0,0,245.5,3,0,2.0,0
4913,39339,Electronics,22604.69,0.6,Prepaid_UPI,720,18,5,269.9,5,1,2.0,0
4914,50798,Beauty,2339.94,8.0,Prepaid_UPI,2019,46,9,204.0,2,1,5.0,0
4915,26759,Electronics,37965.9,22.3,Wallet,398,11,3,252.6,4,0,2.0,0
4916,31672,Footwear,2874.67,26.6,Wallet,400,7,0,179.7,4,1,2.0,0
4917,28436,Footwear,1971.9,26.2,Prepaid_Card,369,11,1,116.6,7,0,2.0,0
4918,95738,Home,2517.34,6.2,Prepaid_Card,214,4,1,162.0,3,1,4.0,0
4919,65323,Beauty,153.9,0.0,Prepaid_UPI,764,16,1,258.7,5,0,5.0,0
4920,92735,Electronics,6549.62,27.5,COD,1546,31,4,241.3,3,1,1.0,0
4921,87736,Electronics,9068.11,40.1,Prepaid_Card,301,0,0,259.4,6,0,1.0,0
4922,32353,Apparel,1833.37,15.2,Prepaid_UPI,176,0,0,196.9,8,1,2.0,0
4923,14073,Apparel,2108.52,4.0,Prepaid_UPI,169,4,1,66.5,3,0,4.0,0
4924,50385,Beauty,2250.3,14.0,COD,70,0,0,304.7,5,0,3.0,0
4925,42514,Electronics,36438.41,25.5,COD,120,0,0,221.0,10,0,5.0,1
4926,64665,Electronics,49721.71,16.7,COD,106,1,1,306.1,3,0,3.0,1
4927,24131,Apparel,2419.59,39.7,Prepaid_Card,573,13,4,248.3,2,0,3.0,1
4928,26774,Electronics,14173.51,32.9,Wallet,218,6,1,162.5,5,1,2.0,0
4929,28599,Footwear,1298.05,22.6,Prepaid_UPI,13,0,0,230.5,2,0,,0
4930,66548,Apparel,679.59,0.0,COD,88,1,0,696.1,5,1,3.0,1
4931,25890,Footwear,5425.84,10.3,COD,240,3,0,406.9,6,1,1.0,1
4932,47847,Home,1984.03,12.3,Prepaid_UPI,141,5,2,273.5,2,0,1.0,1
4933,33513,Footwear,2370.79,9.5,Prepaid_UPI,7,0,0,845.3,2,0,4.0,0
4934,12795,Apparel,1490.25,22.7,Prepaid_Card,692,15,5,146.6,7,0,2.0,1
4935,25889,Home,9395.03,23.0,COD,37,3,0,196.0,8,0,,0
4936,33122,Apparel,1630.83,0.0,COD,1022,25,5,241.7,4,0,,1
4937,83316,Electronics,39533.98,31.3,Prepaid_UPI,350,7,0,122.7,7,1,5.0,0
4938,26496,Footwear,3644.31,20.2,Prepaid_Card,80,0,0,612.6,8,1,1.0,0
4939,62359,Home,12840.17,25.0,COD,1983,43,5,645.6,6,0,5.0,0
4940,84051,Apparel,531.95,30.4,Wallet,462,4,1,341.3,5,1,3.0,0
4941,97033,Beauty,2598.05,9.3,Prepaid_UPI,1000,25,5,59.5,6,1,1.0,0
4942,54776,Apparel,1618.51,37.6,Wallet,1081,21,1,85.2,6,1,5.0,0
4943,13343,Home,3732.52,18.0,Prepaid_Card,111,5,0,281.8,1,1,4.0,0
4944,26205,Beauty,2936.57,41.2,Prepaid_Card,189,4,0,497.6,4,0,3.0,0
4945,59379,Home,14126.15,7.5,Wallet,293,10,0,178.3,2,0,3.0,0
4946,61204,Footwear,5151.49,40.1,Wallet,693,16,1,298.8,3,1,1.0,1
4947,98042,Home,13718.14,7.3,Wallet,182,6,0,463.9,5,1,4.0,0
4948,49259,Footwear,2601.78,55.7,Prepaid_UPI,490,9,2,140.2,4,0,1.0,1
4949,49219,Home,3803.17,6.7,Prepaid_Card,149,0,0,440.2,5,0,3.0,0
4950,48476,Footwear,1505.97,34.8,COD,21,0,0,196.7,4,0,4.0,0
4951,34971,Apparel,2228.58,14.9,COD,19,0,0,211.4,4,1,1.0,1
4952,28127,Footwear,5046.47,30.0,Wallet,187,2,2,272.3,4,0,4.0,0
4953,94219,Apparel,2459.02,19.4,COD,230,1,0,117.2,8,1,1.0,1
4954,67522,Beauty,2567.52,4.7,Prepaid_UPI,458,7,1,310.8,6,0,4.0,0
4955,87425,Apparel,1709.59,0.0,Wallet,501,12,1,154.3,3,1,5.0,0
4956,83825,Apparel,655.91,55.1,Wallet,59,2,0,129.0,4,0,,0
4957,88870,Beauty,619.82,21.0,Wallet,220,4,1,188.6,6,1,4.0,0
4958,53654,Apparel,1368.45,0.0,Prepaid_Card,181,4,1,108.9,4,0,1.0,0
4959,35926,Electronics,38621.98,24.2,Prepaid_Card,20,0,0,120.5,6,1,3.0,1
4960,23389,Footwear,1453.01,29.7,Wallet,56,8,0,366.2,4,1,5.0,0
4961,84718,Apparel,2318.36,10.0,COD,1455,33,6,296.3,5,0,5.0,0
4962,33545,Apparel,1820.15,10.1,COD,29,0,0,212.1,7,0,,0
4963,86135,Electronics,16303.15,19.7,Wallet,835,21,4,127.3,5,0,4.0,0
4964,38253,Apparel,2254.38,36.8,Prepaid_UPI,953,24,11,328.5,8,1,5.0,1
4965,22830,Apparel,1637.06,21.4,Prepaid_Card,2600,55,4,431.4,3,1,5.0,0
4966,89482,Apparel,1926.29,40.5,COD,17,0,0,866.3,3,1,3.0,1
4967,41763,Electronics,19886.67,35.8,Prepaid_Card,142,0,0,453.2,5,1,2.0,0
4968,66144,Electronics,20283.98,16.8,Wallet,120,0,0,179.2,4,0,5.0,0
4969,46701,Apparel,377.13,0.0,Prepaid_Card,597,13,0,114.1,5,0,3.0,0
4970,93393,Home,8299.58,16.8,Prepaid_Card,518,6,0,221.3,5,0,3.0,0
4971,27062,Home,11531.55,27.4,Prepaid_Card,351,6,2,430.3,2,1,1.0,1
4972,38974,Apparel,2432.97,20.8,Prepaid_UPI,328,6,0,178.8,1,1,2.0,0
4973,79809,Electronics,44719.11,28.9,Wallet,110,3,0,74.3,6,0,1.0,0
4974,88561,Beauty,397.92,32.1,Prepaid_Card,1056,25,6,300.2,2,0,5.0,0
4975,62375,Home,14717.54,27.4,Prepaid_Card,507,12,1,186.6,3,1,4.0,0
4976,81249,Electronics,8324.55,16.1,COD,28,5,2,125.3,4,0,3.0,1
4977,65382,Electronics,3014.6,27.3,Prepaid_Card,69,4,1,460.9,4,1,3.0,0
4978,95399,Apparel,1960.2,51.3,COD,223,5,1,131.2,6,0,2.0,0
4979,96446,Footwear,5482.38,0.0,Prepaid_Card,1628,33,4,175.3,6,0,4.0,0
4980,31759,Beauty,2856.88,26.8,Prepaid_Card,1672,35,2,159.2,5,1,5.0,0
4981,41186,Beauty,2501.18,45.6,COD,98,0,0,77.3,6,0,4.0,0
4982,95244,Apparel,790.55,3.6,COD,1472,33,1,208.4,2,0,3.0,1
4983,35877,Electronics,8546.14,34.0,COD,118,3,0,70.7,3,1,,0
4984,69349,Apparel,476.78,35.9,COD,247,8,1,110.6,12,1,2.0,0
4985,99571,Electronics,29516.48,0.0,Prepaid_UPI,792,18,0,125.1,5,1,2.0,0
4986,76106,Electronics,24873.84,30.0,COD,300,9,0,91.2,6,0,4.0,0
4987,68708,Home,2084.61,16.2,COD,144,6,0,287.2,2,0,4.0,0
4988,26729,Apparel,1349.38,19.2,Wallet,1977,40,5,249.8,6,1,2.0,0
4989,29272,Beauty,1766.87,15.5,COD,294,4,0,306.2,4,0,1.0,1
4990,29444,Apparel,1904.35,38.4,Prepaid_UPI,827,18,1,80.4,3,0,2.0,0
4991,16970,Apparel,1240.52,18.4,Prepaid_Card,282,4,3,383.8,8,1,2.0,1
4992,99487,Beauty,1057.3,13.5,Prepaid_UPI,287,5,1,393.5,8,1,5.0,0
4993,85077,Footwear,4161.24,13.8,Prepaid_Card,186,5,0,418.8,4,1,4.0,0
4994,80557,Electronics,34526.96,15.2,COD,270,5,0,232.4,5,1,4.0,1
4995,79522,Home,4421.21,4.9,Prepaid_UPI,22,0,0,222.3,4,0,5.0,0
4996,90013,Apparel,392.62,13.4,Prepaid_UPI,60,0,0,305.0,2,1,2.0,1
4997,73752,Apparel,2383.23,21.6,COD,233,6,0,450.1,5,0,1.0,0
4998,33597,Electronics,38009.03,25.7,Prepaid_UPI,332,8,4,220.5,5,1,1.0,1
4999,31062,Electronics,10854.11,36.9,Prepaid_Card,170,1,0,194.7,7,1,2.0,0
5000,54555,Home,8702.15,23.4,Wallet,863,15,2,261.6,6,0,,0
5001,27754,Apparel,1629.14,13.4,Prepaid_UPI,1865,45,15,222.0,3,0,2.0,0
5002,57661,Home,2326.84,5.8,COD,939,26,2,66.6,1,1,3.0,0
5003,75853,Footwear,1554.11,24.1,Prepaid_UPI,60,2,0,200.7,4,1,2.0,1
5004,33974,Apparel,2406.92,18.4,Wallet,154,2,0,237.0,2,1,2.0,0
5005,29683,Apparel,1442.22,18.8,Prepaid_UPI,498,14,3,284.8,4,0,2.0,1
5006,23006,Electronics,10380.67,23.7,COD,51,2,1,290.4,5,0,,0
5007,59485,Footwear,4886.66,27.3,Prepaid_UPI,232,4,0,252.3,5,0,2.0,0
5008,26734,Home,7323.31,23.8,Prepaid_Card,126,5,2,351.0,4,1,2.0,0
5009,92418,Footwear,4011.27,17.6,COD,1120,22,8,592.9,5,0,,1
5010,38691,Electronics,15577.58,8.8,Prepaid_UPI,16,0,0,216.2,7,1,1.0,0
5011,81359,Apparel,474.49,11.4,Prepaid_Card,865,20,1,288.2,5,0,2.0,0
5012,47979,Home,2891.69,31.9,Prepaid_UPI,278,6,1,481.7,5,1,1.0,0
5013,86275,Apparel,2442.03,14.1,Prepaid_UPI,212,6,1,214.1,3,0,4.0,0
5014,11684,Footwear,3929.74,1.2,COD,763,20,4,242.2,5,0,,1
5015,30048,Apparel,2136.83,36.2,Wallet,47,0,0,64.2,8,1,5.0,0
5016,52936,Apparel,396.27,6.8,Prepaid_Card,6,0,0,194.1,4,0,2.0,1
5017,58504,Home,11599.21,20.5,Prepaid_Card,156,9,0,268.7,4,1,2.0,0
5018,57591,Electronics,24762.65,26.9,Prepaid_Card,132,1,0,258.3,7,0,1.0,0
5019,71913,Home,10146.96,20.0,COD,15,0,0,224.1,4,1,3.0,1
5020,52767,Electronics,18552.05,0.0,Prepaid_UPI,265,0,0,179.1,6,0,4.0,1
5021,79929,Beauty,1919.48,25.5,Prepaid_Card,235,5,0,265.5,5,0,2.0,0
5022,63322,Footwear,695.91,38.6,Wallet,14,2,0,438.3,6,0,4.0,0
5023,91583,Beauty,279.93,31.0,Wallet,144,4,2,184.0,6,1,5.0,0
5024,18065,Home,12083.13,0.0,Prepaid_UPI,74,0,0,115.8,7,1,1.0,0
5025,72449,Home,2304.75,49.8,COD,468,10,1,421.7,7,1,4.0,0
5026,89329,Home,702.77,1.4,Prepaid_UPI,11,0,0,276.1,8,0,5.0,1
5027,15975,Electronics,45710.37,4.9,COD,333,7,2,106.3,4,0,,1
5028,31035,Electronics,14011.06,30.9,Prepaid_UPI,211,1,0,326.6,2,0,4.0,0
5029,31501,Home,8944.54,26.3,Prepaid_Card,488,11,0,354.0,4,1,3.0,1
5030,49384,Apparel,2153.67,21.1,Wallet,13,0,0,96.2,10,1,,0
5031,56366,Apparel,1953.7,12.0,COD,319,1,0,306.7,4,1,5.0,0
5032,87075,Beauty,282.89,38.6,COD,144,5,2,390.7,1,1,2.0,0
5033,44528,Apparel,1556.04,19.4,Wallet,968,21,0,134.1,10,1,5.0,0
5034,74409,Home,8356.07,0.0,Prepaid_Card,108,4,0,179.1,5,1,1.0,0
5035,85513,Home,5576.16,37.3,Prepaid_UPI,497,9,2,22.3,3,0,2.0,0
5036,74986,Apparel,1970.16,23.1,Wallet,580,14,1,423.0,2,0,3.0,0
5037,92630,Beauty,2897.42,35.6,Prepaid_Card,157,6,2,376.3,5,1,3.0,0
5038,82047,Apparel,666.45,28.0,Prepaid_Card,236,10,5,203.1,6,0,3.0,0
5039,43496,Beauty,563.89,53.5,Prepaid_Card,1608,38,6,310.4,6,0,2.0,0
5040,97029,Footwear,4541.05,15.7,Prepaid_UPI,288,7,1,182.3,6,1,3.0,0
5041,95110,Apparel,1327.0,20.2,Wallet,363,3,1,428.8,2,0,5.0,0
5042,13701,Apparel,2059.72,30.1,COD,478,10,1,100.5,2,1,1.0,0
5043,96772,Electronics,7912.8,15.7,Prepaid_UPI,277,1,0,95.8,5,1,5.0,0
5044,99764,Electronics,2953.02,31.2,COD,113,0,0,267.2,7,1,1.0,0
5045,86329,Apparel,1850.56,0.0,Prepaid_Card,449,15,3,240.2,4,0,3.0,0
5046,94140,Beauty,2984.93,19.0,Prepaid_UPI,1001,19,2,874.7,1,1,5.0,0
5047,84862,Apparel,553.82,18.6,Prepaid_UPI,488,3,0,295.9,6,0,2.0,0
5048,22760,Footwear,5253.86,18.1,Prepaid_Card,740,18,9,119.6,1,0,1.0,1
5049,12778,Apparel,1178.37,7.7,COD,268,3,0,170.7,4,1,4.0,0
5050,36531,Beauty,197.85,32.7,COD,1070,26,3,147.3,6,1,,0
5051,13283,Apparel,1446.55,12.9,COD,48,0,0,137.7,6,0,,0
5052,69309,Electronics,14663.86,22.8,COD,480,9,1,270.6,1,1,4.0,0
5053,87619,Home,10554.35,19.5,Prepaid_UPI,10,3,1,203.0,6,0,5.0,0
5054,89241,Apparel,968.84,27.0,Prepaid_Card,175,0,0,178.3,7,1,4.0,0
5055,18696,Footwear,3149.35,40.0,COD,502,10,0,504.6,6,1,3.0,0
5056,58797,Apparel,781.22,22.7,Prepaid_UPI,994,22,1,249.7,4,1,2.0,0
5057,57673,Home,12507.48,31.8,COD,208,2,0,27.2,6,0,4.0,1
5058,56168,Home,13918.76,22.0,COD,146,3,0,411.7,3,0,1.0,0
5059,91026,Home,6348.37,12.9,Wallet,95,2,0,729.7,7,1,3.0,0
5060,20769,Apparel,1315.09,18.0,COD,196,5,0,123.7,8,1,3.0,0
5061,16391,Apparel,2462.77,16.0,Prepaid_Card,125,8,1,447.3,4,1,4.0,0
5062,75148,Apparel,655.55,28.0,Prepaid_Card,163,11,2,107.3,6,0,4.0,0
5063,64585,Electronics,40622.36,21.5,COD,612,14,1,66.6,7,0,2.0,1
5064,54939,Apparel,1569.65,8.9,COD,504,10,5,121.4,4,0,,1
5065,26282,Beauty,2660.09,16.9,COD,73,2,0,212.5,1,0,2.0,1
5066,19388,Home,4740.21,0.0,COD,98,1,0,332.3,5,1,5.0,0
5067,66537,Home,4794.29,17.4,Prepaid_UPI,244,0,0,144.8,1,1,4.0,0
5068,92107,Electronics,16965.18,20.0,Prepaid_Card,948,20,1,152.8,8,0,1.0,0
5069,95494,Apparel,385.76,45.3,Prepaid_Card,276,9,1,225.8,6,0,3.0,0
5070,31365,Home,2963.45,38.9,COD,273,1,0,198.8,4,1,4.0,1
5071,62370,Apparel,2488.36,5.5,Wallet,982,18,0,539.8,7,0,3.0,0
5072,57943,Electronics,13198.48,22.8,COD,118,0,0,284.9,2,1,3.0,0
5073,95503,Electronics,1975.94,23.1,Prepaid_UPI,837,19,3,207.9,7,0,2.0,0
5074,85063,Home,4538.83,16.8,COD,1734,45,6,458.3,5,1,3.0,0
5075,21198,Beauty,1313.91,17.7,Wallet,1486,30,5,441.5,5,0,3.0,0
5076,70737,Apparel,1527.74,15.0,COD,902,20,4,205.9,4,1,1.0,0
5077,83441,Electronics,4359.73,46.2,COD,129,2,0,453.3,4,1,3.0,1
5078,31114,Apparel,2049.42,14.2,Prepaid_Card,2420,52,7,382.9,6,1,4.0,1
5079,41302,Electronics,41449.56,24.8,COD,559,12,4,354.0,3,1,4.0,0
5080,99964,Footwear,1672.38,0.0,Prepaid_UPI,124,1,0,122.9,2,1,3.0,0
5081,43470,Apparel,2066.6,31.5,Prepaid_UPI,258,13,2,210.7,7,0,3.0,0
5082,18358,Home,5740.69,36.6,Prepaid_UPI,106,4,1,246.8,6,1,5.0,1
5083,97664,Electronics,21732.4,5.3,COD,1167,24,6,188.1,3,1,1.0,0
5084,82488,Apparel,2363.23,12.8,Prepaid_UPI,115,6,0,228.7,5,1,4.0,0
5085,15378,Beauty,2691.93,26.3,COD,250,6,0,276.2,5,0,3.0,0
5086,51773,Electronics,19380.42,20.3,Wallet,536,12,5,67.1,3,0,3.0,0
5087,77954,Footwear,3184.61,26.5,Prepaid_UPI,591,12,2,229.4,5,0,2.0,0
5088,16495,Electronics,15039.67,16.0,Prepaid_Card,870,18,4,438.7,4,1,1.0,0
5089,49650,Beauty,1618.99,46.1,Prepaid_UPI,113,0,0,468.1,6,0,2.0,1
5090,31837,Apparel,1816.1,10.6,Prepaid_Card,224,0,0,68.6,5,0,1.0,1
5091,21486,Electronics,5540.72,57.7,Prepaid_Card,251,6,0,473.9,3,1,1.0,0
5092,17498,Footwear,5559.13,37.4,COD,822,17,2,115.8,3,1,,0
5093,60457,Electronics,36224.82,31.6,Prepaid_UPI,772,19,1,340.2,5,0,2.0,0
5094,28626,Electronics,5740.88,5.4,COD,258,3,0,270.8,1,1,4.0,0
5095,75226,Beauty,2626.62,32.7,COD,176,0,0,632.8,2,0,4.0,0
5096,89623,Home,11283.4,28.5,Prepaid_UPI,545,14,3,90.7,4,0,1.0,0
5097,55859,Footwear,2222.2,0.0,COD,1604,34,2,907.8,4,0,4.0,0
5098,36322,Home,8060.78,0.3,Prepaid_UPI,734,18,2,359.7,6,1,5.0,1
5099,28124,Footwear,5230.72,25.0,COD,161,3,1,286.8,2,1,5.0,1
5100,64972,Beauty,2909.16,18.1,Prepaid_Card,241,10,0,144.2,4,1,5.0,1
5101,73564,Home,4575.62,12.8,Prepaid_UPI,297,8,2,143.8,4,0,3.0,0
5102,27959,Apparel,1748.7,35.1,COD,275,7,5,453.1,4,1,1.0,1
5103,40925,Apparel,2199.53,7.6,Prepaid_UPI,141,5,0,283.8,3,0,4.0,0
5104,32044,Home,14828.42,13.6,Prepaid_Card,125,1,0,69.8,3,0,4.0,0
5105,80854,Footwear,888.95,10.9,Prepaid_UPI,836,13,0,217.7,5,0,4.0,1
5106,41746,Electronics,25677.48,27.1,COD,671,15,1,481.1,4,1,5.0,1
5107,66895,Apparel,2228.38,0.0,Prepaid_UPI,1667,42,4,84.8,4,0,3.0,1
5108,95304,Apparel,356.79,13.0,Prepaid_Card,550,5,0,334.9,2,1,4.0,0
5109,33995,Home,6839.91,0.0,Prepaid_Card,548,13,4,313.8,9,1,3.0,1
5110,29028,Footwear,3713.09,15.6,COD,714,11,2,422.3,5,0,4.0,0
5111,42549,Apparel,1481.95,30.1,COD,1789,39,2,244.1,8,1,3.0,0
5112,69136,Home,11125.2,30.4,Prepaid_Card,137,3,0,149.4,4,0,1.0,1
5113,44938,Footwear,860.37,9.8,COD,129,5,2,409.1,5,0,2.0,1
5114,43507,Beauty,2388.44,27.5,Prepaid_Card,12,0,0,236.8,6,1,3.0,0
5115,87241,Apparel,958.82,17.4,Prepaid_UPI,750,20,5,139.3,4,0,1.0,0
5116,22835,Beauty,2499.05,39.1,Prepaid_Card,611,17,2,262.6,5,1,3.0,0
5117,63618,Home,6582.57,18.2,COD,1019,22,5,498.4,5,0,1.0,0
5118,59906,Footwear,736.05,0.0,COD,166,6,3,49.8,4,1,2.0,0
5119,47704,Apparel,2422.42,32.5,Prepaid_Card,461,9,3,198.9,4,1,1.0,0
5120,43558,Home,11817.96,13.6,Prepaid_UPI,799,16,1,251.4,7,1,3.0,0
5121,68705,Home,5543.33,16.2,Wallet,25,0,0,371.9,3,1,5.0,1
5122,88547,Electronics,14231.34,24.7,Prepaid_Card,133,6,0,174.5,8,0,1.0,0
5123,16779,Electronics,29859.22,0.1,Prepaid_UPI,681,14,1,418.0,6,0,5.0,0
5124,93315,Home,14815.77,21.0,COD,257,0,0,164.9,4,1,2.0,0
5125,11064,Home,4707.42,27.5,Wallet,701,17,0,161.8,6,1,4.0,0
5126,61314,Apparel,2388.78,25.1,COD,682,13,0,186.1,6,0,,0
5127,45713,Electronics,17188.97,11.6,COD,310,5,1,344.7,5,1,2.0,0
5128,36414,Apparel,1863.81,33.9,COD,375,7,0,175.5,4,1,1.0,0
5129,82157,Beauty,1237.94,6.0,COD,288,5,0,177.4,1,0,3.0,0
5130,57869,Beauty,392.4,11.2,Prepaid_UPI,1875,49,9,106.5,3,0,1.0,0
5131,29804,Apparel,2362.81,18.1,COD,123,7,1,138.3,5,1,3.0,1
5132,89650,Apparel,702.45,24.1,COD,354,9,2,285.2,6,1,3.0,1
5133,40698,Apparel,2381.09,15.5,COD,755,17,0,290.8,5,0,1.0,0
5134,70729,Electronics,6062.03,37.2,Wallet,145,6,0,223.3,5,1,5.0,0
5135,22572,Beauty,910.8,24.1,Prepaid_UPI,281,6,0,226.3,4,0,,0
5136,17804,Home,13853.39,21.1,Wallet,24,2,0,126.9,6,0,3.0,1
5137,63919,Apparel,1765.86,23.6,Prepaid_UPI,418,10,3,336.0,9,1,1.0,1
5138,15796,Apparel,757.39,30.3,Wallet,510,11,3,197.0,5,0,4.0,1
5139,95387,Apparel,1623.0,23.4,Prepaid_Card,484,13,4,280.0,4,0,4.0,1
5140,23915,Footwear,1492.15,0.0,COD,76,0,0,451.6,5,1,2.0,1
5141,55236,Home,13179.41,35.3,COD,105,2,0,327.6,6,0,,0
5142,60956,Home,1222.51,21.7,COD,196,1,0,266.1,4,1,5.0,0
5143,86562,Electronics,26959.11,29.6,Prepaid_UPI,567,10,0,232.7,6,0,1.0,0
5144,25107,Beauty,330.9,14.3,COD,615,6,0,172.0,6,1,,0
5145,93609,Electronics,35056.11,0.0,COD,447,11,4,171.7,8,0,3.0,1
5146,32869,Footwear,5646.88,0.0,Prepaid_UPI,656,16,2,151.2,5,1,5.0,0
5147,96660,Beauty,2518.54,6.8,COD,637,17,4,419.1,5,0,,0
5148,57531,Electronics,19214.66,27.2,COD,272,2,0,130.9,5,0,,0
5149,34227,Beauty,825.18,38.2,COD,335,8,1,183.2,5,1,2.0,0
5150,60953,Apparel,610.21,24.2,Prepaid_UPI,388,8,0,239.2,5,1,5.0,0
5151,78006,Home,13167.55,5.3,COD,159,5,0,597.2,7,1,2.0,0
5152,84225,Apparel,524.38,9.0,COD,13,0,0,102.1,4,1,,1
5153,35003,Electronics,31812.63,39.1,COD,43,0,0,107.9,2,0,5.0,0
5154,49313,Apparel,1139.63,1.6,Prepaid_UPI,399,4,3,407.9,5,0,5.0,1
5155,55460,Apparel,2490.92,49.4,COD,1468,30,0,306.8,5,1,1.0,1
5156,80001,Apparel,1443.97,46.3,COD,649,14,1,264.9,7,0,5.0,1
5157,72284,Electronics,27890.76,49.9,Wallet,1933,43,0,359.0,4,1,2.0,0
5158,17157,Home,13809.39,25.3,Prepaid_UPI,1145,20,1,132.7,4,1,3.0,0
5159,14720,Electronics,48512.21,15.2,COD,503,9,1,361.5,3,1,1.0,0
5160,58795,Electronics,29598.19,25.0,COD,681,15,2,305.5,3,1,2.0,0
5161,82092,Beauty,2419.12,32.7,COD,1,4,1,185.5,3,1,2.0,1
5162,48658,Beauty,1959.09,10.9,Prepaid_UPI,383,5,0,234.5,2,0,4.0,0
5163,34345,Apparel,1268.91,4.6,COD,305,8,1,128.6,1,0,2.0,0
5164,93218,Electronics,3808.45,16.0,Wallet,255,3,0,346.9,6,1,3.0,0
5165,33301,Home,10907.29,9.2,Prepaid_UPI,672,13,0,106.5,5,1,1.0,0
5166,74824,Footwear,4351.45,37.4,Prepaid_Card,165,1,0,112.6,9,0,1.0,1
5167,22896,Electronics,6718.41,11.4,COD,283,3,0,177.3,2,1,5.0,1
5168,72236,Footwear,1765.38,21.3,Prepaid_UPI,310,5,1,47.6,8,0,5.0,0
5169,51313,Apparel,1924.08,33.8,Prepaid_UPI,70,4,3,242.1,4,0,1.0,1
5170,91432,Electronics,8335.89,37.9,Prepaid_UPI,143,0,0,275.3,1,0,,0
5171,61510,Footwear,4300.14,22.9,COD,275,3,0,449.7,1,1,4.0,0
5172,32296,Home,10910.67,25.4,Prepaid_UPI,148,3,1,198.9,3,1,2.0,0
5173,55595,Footwear,2443.39,5.8,Prepaid_UPI,269,5,1,255.7,6,1,4.0,1
5174,78204,Apparel,905.09,34.3,Wallet,79,1,0,232.5,5,0,1.0,0
5175,46791,Apparel,1152.03,37.7,Prepaid_Card,70,2,0,387.6,4,0,5.0,0
5176,87955,Apparel,1122.27,0.0,Prepaid_Card,656,11,0,568.9,7,1,2.0,0
5177,86356,Apparel,1655.09,44.7,Prepaid_Card,373,5,3,261.3,5,0,5.0,1
5178,99346,Apparel,1949.27,10.2,Prepaid_UPI,74,4,2,197.0,1,0,1.0,0
5179,57203,Home,12995.41,28.3,Wallet,308,6,1,268.0,7,0,3.0,1
5180,48618,Home,934.89,21.1,Prepaid_Card,393,10,2,230.5,2,0,4.0,0
5181,41124,Home,11035.0,19.2,COD,186,7,0,109.3,2,0,4.0,0
5182,69930,Electronics,16395.11,17.1,COD,22,3,1,174.5,4,1,4.0,1
5183,58693,Apparel,2153.08,6.1,Prepaid_Card,39,0,0,299.2,5,0,5.0,0
5184,26960,Home,1597.9,27.3,Prepaid_UPI,36,0,0,370.4,3,0,1.0,0
5185,92673,Apparel,1535.03,16.0,COD,1141,28,7,632.4,1,0,,0
5186,60306,Beauty,1713.72,1.7,COD,39,2,0,87.4,3,0,1.0,0
5187,48557,Apparel,1052.0,5.5,Wallet,599,13,7,299.7,6,0,3.0,0
5188,50098,Home,14569.45,1.9,Prepaid_Card,391,3,3,95.5,4,1,1.0,0
5189,37839,Beauty,454.73,12.7,COD,1200,24,0,525.9,7,0,4.0,0
5190,22409,Home,2477.76,26.8,COD,706,15,1,53.8,6,0,,0
5191,16452,Home,9841.76,10.0,Prepaid_Card,320,2,0,217.3,3,1,3.0,0
5192,92594,Footwear,3328.65,33.7,COD,514,13,2,337.0,3,0,,0
5193,77411,Apparel,918.6,18.3,Prepaid_UPI,36,0,0,71.6,5,1,1.0,0
5194,91170,Home,4911.94,15.9,Prepaid_Card,294,0,0,284.4,5,1,3.0,0
5195,73363,Beauty,597.52,20.2,Prepaid_Card,43,0,0,459.2,5,1,2.0,0
5196,96269,Beauty,2623.13,39.5,Prepaid_Card,564,11,0,402.1,5,1,5.0,0
5197,91051,Electronics,28906.42,0.8,COD,45,0,0,256.7,4,0,2.0,1
5198,26210,Electronics,12996.89,43.2,COD,274,10,0,138.7,4,1,2.0,1
5199,56364,Footwear,2663.81,33.4,COD,129,4,1,317.7,3,1,,0
5200,11700,Home,13646.93,19.7,COD,111,0,0,278.9,2,0,2.0,0
5201,11245,Apparel,2256.71,36.6,Prepaid_UPI,69,0,0,443.7,6,1,2.0,0
5202,76849,Apparel,498.58,15.5,COD,1080,23,2,138.1,3,1,4.0,0
5203,52895,Apparel,1756.32,24.0,Prepaid_UPI,1008,22,8,293.3,1,0,4.0,0
5204,34366,Electronics,8495.59,12.4,COD,466,13,1,338.9,4,0,1.0,0
5205,51086,Apparel,803.4,33.5,COD,793,22,3,71.2,5,0,2.0,0
5206,66583,Apparel,2208.05,10.1,COD,24,5,0,176.7,4,0,4.0,1
5207,83796,Apparel,2274.66,19.3,Prepaid_Card,288,5,1,329.3,2,1,4.0,0
5208,58038,Beauty,385.67,29.5,Prepaid_Card,104,5,0,154.4,7,1,3.0,0
5209,54675,Apparel,2228.94,34.7,Prepaid_UPI,278,7,2,453.5,5,0,1.0,0
5210,62048,Apparel,1916.26,8.5,COD,389,5,0,474.2,7,1,3.0,1
5211,22682,Electronics,39009.81,30.5,Prepaid_Card,40,0,0,210.3,4,0,1.0,0
5212,54644,Apparel,2052.4,6.3,Prepaid_UPI,45,1,0,53.5,5,0,1.0,0
5213,37110,Beauty,1595.61,0.0,COD,201,0,0,214.4,2,1,5.0,1
5214,10925,Beauty,2848.69,9.5,COD,183,1,0,184.8,1,0,,1
5215,72110,Electronics,10817.62,31.7,COD,136,0,0,578.9,5,0,2.0,0
5216,34052,Electronics,25743.29,19.8,COD,46,1,0,156.8,2,1,2.0,1
5217,68649,Electronics,16609.08,12.5,Prepaid_UPI,90,5,0,195.0,6,0,3.0,0
5218,92988,Apparel,2118.23,20.8,COD,66,1,0,203.3,6,1,4.0,1
5219,11125,Apparel,527.81,20.3,Prepaid_Card,7,0,0,205.2,5,0,5.0,0
5220,48047,Apparel,1282.41,28.7,Prepaid_UPI,99,0,0,120.2,3,1,2.0,0
5221,35863,Apparel,2012.98,0.0,COD,1644,37,6,72.1,4,1,,0
5222,38514,Home,5028.94,18.6,Prepaid_Card,1067,23,1,161.5,6,0,5.0,0
5223,97837,Apparel,867.02,21.7,COD,119,0,0,270.1,5,0,1.0,0
5224,12146,Apparel,914.48,0.9,Prepaid_Card,488,14,4,400.6,3,1,5.0,0
5225,60962,Electronics,35965.92,0.7,COD,450,6,1,193.7,1,1,5.0,0
5226,43407,Electronics,15052.35,14.9,COD,163,1,1,218.7,5,0,4.0,1
5227,18239,Apparel,1215.77,20.1,COD,1380,29,2,148.5,4,1,2.0,0
5228,30000,Apparel,1523.19,20.2,Prepaid_UPI,2002,42,7,294.5,6,1,4.0,0
5229,24791,Apparel,2372.63,12.2,Prepaid_UPI,78,3,0,273.0,4,0,2.0,0
5230,56873,Apparel,2057.85,11.6,Prepaid_UPI,401,10,0,452.1,4,1,4.0,0
5231,28570,Footwear,1519.05,14.5,COD,264,9,0,63.2,4,1,4.0,1
5232,72322,Beauty,2666.79,24.2,Wallet,645,15,0,264.1,4,1,,0
5233,25818,Electronics,42393.6,37.4,COD,9,0,0,365.1,9,0,3.0,0
5234,15519,Electronics,37516.0,0.0,Prepaid_UPI,347,6,1,204.5,4,0,3.0,0
5235,75053,Footwear,3342.98,28.7,Prepaid_UPI,138,4,0,94.2,4,0,1.0,1
5236,74071,Home,1512.32,18.4,Prepaid_Card,483,10,0,179.5,6,0,1.0,0
5237,31244,Apparel,1879.74,27.4,Prepaid_Card,155,3,1,643.9,5,1,5.0,0
5238,12033,Apparel,1464.44,36.6,Prepaid_UPI,711,17,7,393.1,5,0,1.0,1
5239,46875,Electronics,16178.97,9.4,Prepaid_UPI,42,1,0,257.0,3,0,5.0,1
5240,71532,Home,644.1,33.2,COD,168,4,1,223.7,2,0,5.0,0
5241,15530,Apparel,846.76,2.4,Prepaid_UPI,193,1,1,141.7,4,1,1.0,0
5242,23915,Apparel,1652.23,21.8,COD,532,15,0,258.4,4,0,,0
5243,63008,Electronics,6503.02,16.6,Prepaid_Card,288,3,2,462.2,3,0,,0
5244,41334,Apparel,1759.15,20.6,Prepaid_Card,886,21,1,235.3,6,0,,0
5245,90103,Electronics,41163.93,6.2,Prepaid_UPI,595,11,0,463.7,6,0,1.0,0
5246,21060,Home,5113.59,26.1,Prepaid_Card,879,22,1,737.8,7,0,4.0,0
5247,76646,Home,1688.79,42.2,COD,1112,27,10,164.1,2,1,,0
5248,59894,Apparel,650.35,6.4,Prepaid_Card,51,1,0,167.5,7,0,4.0,0
5249,34622,Apparel,1119.5,22.7,COD,204,9,3,126.6,1,0,3.0,0
5250,81253,Footwear,4973.89,32.0,Prepaid_Card,657,14,1,173.3,4,1,3.0,1
5251,31565,Electronics,32079.66,15.8,Prepaid_Card,29,3,0,163.4,6,1,2.0,0
5252,60432,Apparel,2215.96,39.0,Prepaid_UPI,203,2,0,175.0,2,0,1.0,0
5253,50579,Apparel,2488.02,14.0,COD,355,9,0,75.3,2,1,5.0,1
5254,91287,Footwear,1614.11,18.4,COD,96,0,0,193.4,4,0,1.0,0
5255,19740,Footwear,4321.52,6.1,Prepaid_Card,361,8,0,462.2,8,0,1.0,0
5256,12881,Beauty,1479.57,21.8,COD,186,3,0,296.6,8,1,,0
5257,67690,Home,7655.43,20.0,COD,38,3,1,187.9,7,0,3.0,1
5258,42152,Electronics,16953.49,28.9,COD,255,3,0,308.1,3,1,2.0,1
5259,99023,Electronics,17783.1,11.1,Prepaid_Card,668,24,10,340.3,5,0,1.0,0
5260,44175,Apparel,1804.01,10.5,COD,50,0,0,186.4,9,0,1.0,0
5261,52025,Home,9501.64,26.5,Prepaid_Card,89,2,0,327.3,6,1,5.0,1
5262,38723,Home,5118.3,39.6,Prepaid_UPI,224,5,1,30.5,1,0,3.0,0
5263,58991,Apparel,604.95,28.8,Prepaid_Card,258,7,3,534.1,6,1,2.0,0
5264,47887,Beauty,1797.99,45.9,COD,179,2,2,267.1,3,0,,1
5265,14625,Electronics,37230.42,27.8,COD,662,15,1,361.7,4,1,1.0,1
5266,61441,Apparel,1551.04,27.3,COD,210,2,0,376.6,6,0,1.0,1
5267,51983,Electronics,1178.88,29.5,Prepaid_Card,1514,39,2,889.4,4,1,2.0,0
5268,27454,Beauty,954.6,40.8,Prepaid_UPI,1130,23,2,750.1,3,0,4.0,1
5269,50440,Beauty,2368.95,37.3,COD,298,6,4,191.7,7,0,2.0,1
5270,28048,Electronics,37384.86,4.8,COD,209,2,0,303.7,6,0,4.0,0
5271,16563,Beauty,179.67,31.2,COD,373,5,1,411.2,5,1,2.0,0
5272,22757,Beauty,1490.34,23.7,COD,382,4,0,331.1,9,1,5.0,1
5273,80861,Footwear,2905.25,17.3,Wallet,172,5,0,99.1,5,1,5.0,1
5274,36766,Beauty,2009.0,0.0,COD,279,4,2,243.7,5,1,4.0,0
5275,53073,Electronics,7124.02,0.0,COD,1491,30,1,520.3,4,1,3.0,1
5276,68056,Footwear,3917.78,14.9,COD,14,0,0,190.5,3,0,,0
5277,65036,Home,14230.31,0.0,COD,616,14,2,233.5,2,0,1.0,0
5278,56316,Footwear,2544.62,15.2,COD,57,1,0,182.4,6,0,1.0,0
5279,37324,Apparel,1075.32,30.0,Prepaid_Card,700,15,4,297.5,4,1,1.0,1
5280,35848,Footwear,655.5,11.9,COD,896,17,4,337.9,10,0,,1
5281,49754,Beauty,313.58,21.2,COD,628,15,0,106.9,3,1,2.0,0
5282,96386,Electronics,46647.05,5.0,Prepaid_Card,254,3,0,293.2,3,0,4.0,0
5283,44685,Beauty,2930.18,24.2,Prepaid_Card,444,10,1,128.1,5,0,2.0,0
5284,67022,Electronics,1276.44,27.1,COD,109,2,0,91.0,2,0,,0
5285,38791,Apparel,2286.46,0.1,Prepaid_UPI,244,0,0,437.2,2,1,1.0,0
5286,34262,Apparel,724.01,9.5,COD,615,19,2,363.6,6,0,5.0,0
5287,67576,Footwear,3587.47,2.3,Wallet,1108,26,6,166.3,1,0,1.0,0
5288,14139,Home,10333.04,27.1,Wallet,611,14,0,422.5,5,1,2.0,0
5289,37303,Electronics,18593.88,22.3,Prepaid_Card,181,5,1,70.6,5,0,5.0,0
5290,31177,Home,8170.33,19.3,COD,138,9,1,132.0,6,0,5.0,1
5291,21627,Electronics,31749.57,18.2,Prepaid_UPI,839,22,9,151.7,5,1,5.0,0
5292,53921,Electronics,10502.39,24.5,COD,8,1,1,263.2,10,0,,1
5293,27688,Beauty,2983.63,24.8,COD,639,12,6,696.2,4,0,2.0,1
5294,28554,Home,3456.29,13.1,Prepaid_Card,2453,52,6,99.4,2,0,2.0,0
5295,66154,Footwear,556.86,11.1,Prepaid_Card,89,0,0,126.3,10,1,4.0,0
5296,39112,Home,14192.13,19.2,Prepaid_UPI,163,2,1,373.0,5,1,5.0,0
5297,73356,Beauty,1373.01,17.3,Prepaid_UPI,440,11,2,226.7,3,0,5.0,0
5298,98946,Apparel,1207.03,48.8,Prepaid_UPI,170,5,0,333.1,1,1,2.0,0
5299,49960,Apparel,942.69,14.6,Prepaid_UPI,50,2,1,275.8,4,0,,0
5300,94208,Apparel,405.54,24.1,Prepaid_Card,40,0,0,309.7,3,0,1.0,0
5301,35737,Home,4336.24,26.5,Prepaid_Card,125,4,2,57.5,3,0,2.0,1
5302,55872,Home,6202.85,39.6,Wallet,128,5,0,218.5,1,1,5.0,0
5303,53614,Footwear,3361.81,8.6,Wallet,107,0,0,482.8,4,1,4.0,0
5304,85409,Electronics,23424.57,38.8,Prepaid_UPI,1,0,0,690.9,5,0,2.0,0
5305,36988,Apparel,2239.93,17.9,Prepaid_UPI,479,16,4,311.2,2,1,4.0,0
5306,35227,Home,13714.28,55.0,Prepaid_Card,224,4,1,674.5,4,0,2.0,1
5307,53735,Beauty,1053.89,25.1,COD,145,0,0,295.6,4,1,1.0,0
5308,77124,Apparel,2413.04,2.8,Prepaid_UPI,39,0,0,293.3,5,0,2.0,0
5309,92683,Apparel,2209.61,17.2,COD,427,4,0,310.2,8,0,4.0,0
5310,90598,Apparel,2344.41,38.7,COD,133,1,1,149.4,5,1,1.0,1
5311,12733,Electronics,35610.21,21.1,Prepaid_Card,194,0,0,158.8,2,1,,1
5312,84980,Apparel,776.28,19.2,Prepaid_Card,840,21,0,133.7,4,0,,0
5313,34412,Electronics,10566.16,30.1,Prepaid_Card,173,6,0,142.6,5,1,4.0,1
5314,66957,Home,13675.45,15.2,COD,34,1,0,98.5,2,0,2.0,1
5315,77798,Electronics,25845.23,17.0,COD,260,9,2,464.2,3,1,4.0,1
5316,84512,Electronics,44632.9,6.8,COD,243,3,0,281.1,3,1,1.0,0
5317,33040,Apparel,1899.18,44.2,COD,132,3,0,146.9,4,0,1.0,0
5318,10632,Beauty,755.66,2.9,COD,4,6,0,207.2,4,0,,0
5319,89314,Electronics,19853.23,22.4,Prepaid_UPI,305,8,0,266.8,1,0,5.0,1
5320,44695,Electronics,48423.44,26.7,COD,1060,25,9,482.6,3,1,4.0,0
5321,77658,Apparel,392.1,19.8,COD,97,0,0,102.3,4,1,3.0,0
5322,79184,Home,10861.47,2.4,COD,8,0,0,333.7,7,0,1.0,1
5323,68004,Beauty,2939.52,6.0,Prepaid_Card,559,9,0,217.1,2,0,3.0,0
5324,46605,Apparel,573.92,27.3,Prepaid_UPI,128,7,1,127.0,3,1,5.0,0
5325,19654,Apparel,934.78,9.1,COD,281,1,0,217.6,2,0,5.0,0
5326,26818,Apparel,1526.08,0.0,COD,904,22,6,369.6,1,1,5.0,1
5327,67007,Home,12734.59,25.4,Prepaid_UPI,310,8,1,369.3,1,1,5.0,0
5328,79672,Beauty,1593.56,7.8,COD,320,2,0,130.3,5,0,,0
5329,54617,Electronics,3920.21,28.8,Prepaid_UPI,158,6,0,233.3,5,0,1.0,1
5330,64939,Electronics,7232.03,17.2,Wallet,147,2,0,233.4,5,0,3.0,0
5331,49864,Footwear,2567.69,16.5,Prepaid_Card,213,0,0,95.2,5,1,1.0,0
5332,57168,Footwear,2273.97,20.7,Wallet,242,6,0,183.4,4,0,3.0,0
5333,93725,Apparel,822.31,4.1,Prepaid_Card,146,0,0,206.1,3,0,4.0,0
5334,40496,Apparel,2156.28,8.4,Prepaid_Card,523,11,3,610.6,7,1,4.0,0
5335,90440,Electronics,2317.2,16.4,COD,603,11,2,321.0,6,0,4.0,0
5336,18769,Footwear,5061.39,4.0,COD,31,0,0,242.4,4,0,1.0,0
5337,12016,Footwear,5569.24,30.0,COD,189,0,0,332.6,2,0,1.0,1
5338,87728,Home,9636.61,15.7,Prepaid_Card,289,8,0,183.5,5,0,5.0,0
5339,57089,Footwear,3939.43,0.0,Prepaid_Card,276,7,1,305.2,5,0,1.0,1
5340,28054,Apparel,670.39,12.2,COD,808,18,0,112.9,3,0,1.0,0
5341,12997,Electronics,28847.57,21.4,Prepaid_Card,182,2,1,155.9,5,1,2.0,0
5342,67095,Apparel,1156.62,13.8,COD,670,15,3,171.9,6,1,,0
5343,47847,Beauty,802.79,25.6,COD,80,0,0,59.6,5,0,1.0,1
5344,36435,Home,8958.28,28.0,COD,2458,52,0,392.6,6,1,,0
5345,99098,Apparel,352.56,53.6,Prepaid_UPI,235,10,0,388.8,6,1,4.0,1
5346,30693,Apparel,944.29,36.1,Prepaid_Card,1140,27,0,130.1,7,1,4.0,0
5347,88911,Footwear,4108.23,0.0,Prepaid_UPI,998,20,5,83.1,3,0,3.0,0
5348,50214,Footwear,3002.72,15.0,COD,68,0,0,311.9,6,0,3.0,1
5349,27746,Home,2611.79,16.3,Prepaid_Card,841,13,0,139.0,5,0,2.0,0
5350,75906,Apparel,352.83,28.1,Wallet,595,11,2,343.4,6,0,2.0,1
5351,85877,Beauty,920.75,6.9,COD,177,4,0,311.3,5,1,3.0,0
5352,30752,Footwear,3519.83,12.6,Prepaid_Card,788,17,2,432.1,5,1,3.0,0
5353,61746,Home,8250.91,2.6,COD,667,15,0,155.6,2,1,,0
5354,18344,Home,2400.54,11.6,COD,1976,44,13,177.9,5,1,4.0,0
5355,68783,Beauty,1899.04,12.1,Prepaid_Card,9,0,0,139.2,7,1,5.0,0
5356,53654,Beauty,2996.93,15.6,COD,692,19,1,64.3,8,1,,0
5357,85697,Home,8980.57,3.4,Prepaid_Card,69,0,0,224.4,4,0,3.0,0
5358,59326,Electronics,26854.27,33.7,Wallet,6,1,0,484.6,8,1,5.0,0
5359,32208,Electronics,31509.02,26.6,COD,887,17,1,218.5,4,0,,1
5360,69097,Footwear,5338.19,0.0,COD,777,18,7,140.1,6,1,1.0,0
5361,44062,Home,14216.99,20.4,Prepaid_UPI,379,14,3,27.3,5,0,3.0,0
5362,50582,Apparel,438.22,0.0,Prepaid_Card,229,2,2,151.1,7,1,5.0,1
5363,64653,Apparel,790.74,38.8,Prepaid_UPI,1668,33,5,178.9,5,1,5.0,0
5364,44855,Beauty,479.93,42.6,COD,536,9,3,308.6,3,1,4.0,0
5365,30143,Beauty,2351.21,19.2,Prepaid_Card,246,4,1,375.2,7,1,2.0,0
5366,23738,Beauty,279.85,8.1,Wallet,906,18,4,75.6,4,1,2.0,0
5367,96586,Electronics,45229.11,10.7,COD,577,9,3,168.2,5,1,1.0,1
5368,37019,Footwear,613.05,13.6,Prepaid_UPI,960,21,9,265.0,1,0,2.0,0
5369,84322,Footwear,3814.01,18.5,Prepaid_Card,297,11,6,387.2,6,1,1.0,0
5370,32358,Electronics,14503.23,39.2,Prepaid_UPI,56,0,0,163.3,1,0,4.0,0
5371,74670,Apparel,1361.71,33.4,COD,809,17,1,411.1,4,1,1.0,1
5372,21922,Beauty,1409.37,33.6,Prepaid_Card,1613,36,3,275.5,2,0,2.0,0
5373,32401,Apparel,1960.12,22.4,COD,31,2,0,234.3,2,1,3.0,1
5374,95932,Home,7701.31,3.8,Wallet,21,4,0,160.1,4,0,2.0,0
5375,92064,Home,6607.7,9.2,COD,475,11,1,286.9,3,0,2.0,1
5376,26507,Footwear,4516.52,20.9,COD,80,1,0,60.8,6,0,4.0,1
5377,54979,Apparel,2340.48,3.2,Prepaid_UPI,133,0,0,216.6,4,0,3.0,0
5378,61487,Footwear,4866.57,24.3,COD,1234,29,2,348.7,5,0,1.0,1
5379,87673,Apparel,1933.94,31.3,Prepaid_Card,109,0,0,255.7,3,1,1.0,0
5380,46260,Footwear,3182.47,27.6,COD,128,0,0,240.9,6,1,4.0,0
5381,89558,Apparel,2285.46,27.1,Prepaid_Card,362,8,1,158.1,5,1,2.0,0
5382,59317,Footwear,3174.72,0.0,COD,434,14,0,264.9,6,1,2.0,0
5383,36756,Footwear,5616.57,38.7,Prepaid_Card,834,20,2,364.3,6,1,4.0,0
5384,62639,Apparel,2076.28,0.0,Prepaid_Card,8,0,0,241.9,6,0,,0
5385,17512,Apparel,673.06,17.9,COD,82,0,0,346.0,5,0,1.0,0
5386,56815,Footwear,758.46,28.7,COD,2,4,0,27.5,5,1,2.0,1
5387,17100,Apparel,1942.84,25.0,COD,1,0,0,53.3,7,0,4.0,1
5388,39683,Apparel,1824.55,2.1,Prepaid_UPI,11,0,0,245.6,5,1,5.0,1
5389,73675,Electronics,30502.36,4.6,COD,186,5,2,306.4,4,1,5.0,1
5390,40660,Beauty,2932.28,24.0,COD,100,0,0,422.5,6,0,5.0,0
5391,99189,Home,8408.34,27.2,COD,672,12,6,389.0,7,0,,1
5392,25342,Electronics,18047.09,4.5,Prepaid_Card,268,3,0,655.9,4,0,3.0,0
5393,90472,Beauty,1760.15,25.5,Prepaid_UPI,93,0,0,513.9,6,0,3.0,0
5394,47188,Electronics,2392.18,0.0,Prepaid_Card,624,10,0,161.0,5,1,2.0,0
5395,68587,Electronics,29383.95,28.7,Prepaid_UPI,790,13,2,241.1,5,0,4.0,0
5396,42583,Electronics,45219.08,7.6,Prepaid_UPI,205,7,0,97.7,2,0,5.0,0
5397,54740,Electronics,1212.17,21.1,Prepaid_UPI,369,10,0,99.6,2,1,2.0,0
5398,99319,Electronics,42419.89,18.8,Prepaid_UPI,691,12,0,126.7,4,0,2.0,0
5399,27321,Footwear,4910.61,36.2,COD,588,15,0,152.4,5,0,2.0,0
5400,18402,Apparel,578.12,23.4,Wallet,1855,42,5,88.6,2,0,3.0,0
5401,59636,Footwear,5157.57,11.6,Prepaid_UPI,493,9,2,275.1,1,1,5.0,0
5402,61994,Apparel,1991.62,25.0,Prepaid_Card,511,7,1,149.5,4,0,3.0,0
5403,89136,Electronics,25061.28,50.0,COD,192,5,1,314.5,5,0,,1
5404,99057,Apparel,877.21,30.4,COD,906,25,1,192.7,6,1,4.0,1
5405,62838,Home,4677.46,19.2,Prepaid_Card,693,15,7,124.9,8,0,2.0,0
5406,93499,Footwear,3867.51,8.3,Prepaid_Card,305,9,1,281.1,2,1,4.0,0
5407,18538,Electronics,13068.9,11.4,Prepaid_UPI,169,3,0,834.4,5,1,1.0,0
5408,72424,Apparel,1049.51,29.5,COD,366,10,2,173.1,9,0,4.0,0
5409,57633,Apparel,2351.3,7.6,Prepaid_Card,349,7,1,383.9,2,0,2.0,0
5410,45723,Footwear,4511.31,20.0,COD,48,0,0,65.5,3,0,4.0,1
5411,86615,Apparel,1932.56,40.1,COD,508,9,1,204.7,6,0,3.0,1
5412,75439,Footwear,5757.65,22.1,COD,212,5,0,227.0,5,1,2.0,1
5413,16267,Electronics,1283.91,4.9,Prepaid_UPI,610,16,4,433.8,5,1,2.0,0
5414,94276,Apparel,875.64,50.5,Prepaid_Card,1117,24,2,411.2,6,1,5.0,0
5415,54681,Footwear,4118.86,44.7,Wallet,908,20,1,169.0,6,0,,1
5416,58800,Electronics,22475.31,27.0,Prepaid_UPI,38,0,0,423.9,5,1,4.0,0
5417,26004,Apparel,592.53,37.9,Prepaid_UPI,116,7,1,130.5,6,0,4.0,0
5418,40880,Beauty,2376.52,16.3,Prepaid_Card,321,11,0,230.2,2,0,5.0,0
5419,74155,Apparel,451.21,30.1,Prepaid_UPI,137,1,0,610.1,6,0,3.0,0
5420,11189,Electronics,27648.7,14.1,Wallet,12,0,0,146.2,8,1,3.0,0
5421,45254,Electronics,28560.75,1.0,Prepaid_UPI,180,0,0,371.6,7,1,3.0,0
5422,55557,Electronics,32162.1,56.3,COD,288,8,6,144.3,5,1,5.0,0
5423,92316,Footwear,2235.94,0.3,Prepaid_UPI,343,8,0,353.4,8,0,2.0,0
5424,18374,Apparel,400.74,24.2,COD,889,17,0,260.6,5,0,1.0,0
5425,89515,Beauty,2683.6,24.0,COD,251,6,0,196.3,6,1,3.0,0
5426,38673,Home,13973.47,27.2,Prepaid_UPI,120,0,0,90.3,8,1,1.0,0
5427,33492,Beauty,1523.67,18.7,Prepaid_UPI,690,17,1,175.7,4,1,3.0,0
5428,66034,Footwear,613.52,18.9,COD,18,0,0,317.1,7,0,1.0,0
5429,49016,Beauty,1805.48,21.9,COD,82,0,0,811.1,2,1,,0
5430,34998,Home,5080.98,26.7,Prepaid_UPI,829,17,3,311.9,3,0,2.0,0
5431,29376,Electronics,9941.79,20.0,COD,36,0,0,440.3,3,0,1.0,0
5432,30147,Electronics,9278.68,19.0,COD,467,11,3,195.1,1,0,5.0,0
5433,30547,Home,3099.2,1.5,Prepaid_UPI,371,11,2,204.5,3,0,2.0,0
5434,62988,Electronics,17211.21,48.2,Prepaid_UPI,1169,29,2,211.8,5,1,2.0,0
5435,51280,Footwear,2043.41,27.5,Prepaid_Card,65,1,0,677.0,4,1,3.0,0
5436,16588,Apparel,2148.31,22.9,Prepaid_Card,691,14,2,186.4,2,0,1.0,1
5437,31339,Footwear,3224.23,11.3,COD,215,3,1,117.2,1,1,,1
5438,93558,Apparel,1269.44,5.9,COD,131,0,0,81.5,3,1,1.0,0
5439,83424,Beauty,565.63,32.0,Prepaid_UPI,759,16,1,146.7,3,1,1.0,0
5440,98496,Apparel,2233.17,17.8,Prepaid_UPI,314,4,1,77.8,8,0,1.0,1
5441,72354,Apparel,467.87,28.7,COD,39,4,2,295.9,4,0,4.0,0
5442,99024,Footwear,1817.42,1.1,COD,291,5,1,232.9,8,1,4.0,0
5443,71759,Footwear,3918.1,41.7,COD,498,13,1,325.8,3,1,1.0,0
5444,10602,Footwear,4362.72,32.6,COD,1708,36,4,421.0,7,0,,0
5445,59960,Beauty,2433.3,18.9,COD,64,0,0,137.3,5,1,5.0,0
5446,10210,Apparel,1232.13,26.5,COD,420,11,1,262.0,3,0,,0
5447,22377,Footwear,2407.07,30.4,Prepaid_UPI,402,9,0,230.5,5,0,1.0,0
5448,19285,Electronics,15139.03,1.3,COD,144,4,2,148.9,4,1,,0
5449,14455,Home,8737.37,43.5,Prepaid_UPI,750,16,7,146.2,4,1,2.0,0
5450,92549,Electronics,18083.15,26.8,Prepaid_Card,159,5,0,416.6,1,0,5.0,1
5451,24598,Apparel,1055.4,10.1,Prepaid_UPI,82,3,0,249.0,8,1,4.0,0
5452,88244,Home,744.92,4.6,Wallet,734,9,3,96.8,6,0,1.0,0
5453,38147,Footwear,5715.74,33.8,COD,1354,29,0,342.7,2,1,5.0,1
5454,11597,Apparel,480.28,23.0,COD,86,4,1,161.0,5,1,3.0,0
5455,40215,Beauty,921.98,26.8,Prepaid_UPI,12,0,0,251.7,4,1,5.0,0
5456,16444,Home,13860.58,20.4,COD,721,10,0,44.4,7,0,3.0,1
5457,38153,Apparel,1931.0,6.0,COD,88,1,0,161.3,4,0,4.0,0
5458,37311,Home,8883.03,27.1,COD,167,5,1,294.6,4,0,3.0,0
5459,14541,Apparel,1770.75,17.2,Prepaid_UPI,361,6,0,118.6,3,1,1.0,0
5460,35137,Apparel,558.68,19.7,COD,589,16,2,81.2,5,0,4.0,0
5461,20319,Footwear,4947.56,53.3,Prepaid_Card,229,10,4,159.1,4,0,1.0,1
5462,10136,Apparel,887.73,32.2,Prepaid_Card,54,0,0,283.9,7,1,2.0,0
5463,66100,Apparel,2405.86,33.0,Prepaid_UPI,126,1,0,397.8,5,1,1.0,0
5464,17327,Footwear,1772.56,58.1,COD,642,7,2,374.7,9,0,1.0,1
5465,72316,Apparel,1694.53,25.4,Prepaid_UPI,35,2,0,348.9,4,1,2.0,0
5466,71033,Footwear,3499.28,21.7,Prepaid_UPI,389,6,1,496.8,3,1,2.0,0
5467,85997,Footwear,1287.07,10.5,Prepaid_Card,253,4,0,409.3,3,1,5.0,0
5468,63200,Apparel,1130.29,13.7,COD,308,10,0,303.3,3,0,5.0,0
5469,48338,Home,11828.74,0.0,Prepaid_UPI,385,4,0,255.9,3,1,,0
5470,41844,Apparel,807.06,31.1,Prepaid_UPI,753,11,2,233.4,8,0,4.0,1
5471,31263,Home,14461.43,2.3,COD,383,1,0,178.6,4,0,5.0,1
5472,32044,Apparel,985.29,32.6,COD,639,18,4,213.7,5,1,2.0,1
5473,27896,Beauty,1936.16,19.4,COD,10,3,0,142.4,2,0,1.0,0
5474,52704,Apparel,1680.56,21.8,COD,464,9,0,340.8,5,0,,1
5475,67670,Footwear,3089.28,19.4,COD,204,0,0,104.6,1,1,3.0,0
5476,67466,Apparel,1759.02,39.4,COD,488,13,1,352.9,5,1,4.0,0
5477,75364,Apparel,1948.69,36.9,COD,137,11,5,777.6,3,1,1.0,1
5478,37420,Electronics,31331.15,19.6,Prepaid_UPI,540,11,0,85.9,8,1,2.0,1
5479,95229,Home,8619.92,7.4,Prepaid_UPI,1123,21,0,338.8,6,1,1.0,0
5480,21967,Beauty,1878.89,32.9,Prepaid_UPI,238,9,4,170.9,6,0,2.0,1
5481,73675,Apparel,1214.21,6.4,Prepaid_Card,571,9,0,414.3,3,0,3.0,0
5482,92554,Apparel,502.38,0.0,Prepaid_Card,70,0,0,271.9,5,1,3.0,0
5483,85279,Electronics,8825.22,27.0,COD,389,0,0,98.2,8,0,5.0,1
5484,20419,Electronics,30728.5,37.1,Prepaid_UPI,169,2,0,236.5,3,1,2.0,0
5485,71283,Beauty,2792.45,14.3,COD,174,0,0,272.7,3,1,3.0,0
5486,85470,Beauty,223.36,25.7,Prepaid_Card,59,5,3,190.8,5,0,2.0,0
5487,41334,Beauty,1700.5,14.2,Wallet,641,11,3,250.3,5,1,2.0,0
5488,60643,Apparel,891.93,30.1,Prepaid_UPI,359,10,2,184.5,6,0,2.0,0
5489,53802,Electronics,28525.26,35.3,COD,1041,22,0,188.8,6,1,4.0,1
5490,52253,Footwear,4623.12,16.3,Prepaid_UPI,539,12,3,49.7,5,0,4.0,0
5491,69490,Electronics,37037.2,5.6,COD,168,5,2,75.1,3,0,5.0,0
5492,33009,Home,11010.84,0.0,COD,79,1,0,80.7,9,1,5.0,1
5493,38129,Apparel,2024.69,33.0,COD,467,8,2,138.5,8,0,,0
5494,72996,Electronics,4557.92,4.1,COD,596,10,5,75.8,5,0,3.0,0
5495,19157,Beauty,1602.3,25.2,Prepaid_UPI,511,12,0,101.1,7,0,5.0,0
5496,54176,Apparel,912.82,30.9,COD,574,7,1,254.8,4,0,5.0,0
5497,77363,Beauty,2775.62,13.0,COD,332,12,3,324.8,2,1,3.0,0
5498,19262,Electronics,39361.08,17.7,Wallet,414,9,1,192.4,6,0,4.0,0
5499,33007,Apparel,581.22,34.0,Prepaid_Card,27,0,0,249.8,2,1,3.0,0
5500,83905,Apparel,872.98,8.7,COD,243,6,1,260.8,9,1,3.0,0
5501,55825,Apparel,1328.72,7.3,Prepaid_Card,452,8,1,614.3,2,1,4.0,1
5502,71653,Home,14462.18,16.7,Prepaid_Card,36,0,0,74.3,7,1,5.0,0
5503,86249,Apparel,585.8,37.9,Prepaid_Card,602,9,1,204.7,8,0,,1
5504,79290,Home,8735.6,42.6,Prepaid_Card,890,20,2,78.3,2,1,4.0,0
5505,41862,Beauty,1122.67,18.6,Prepaid_UPI,231,4,0,253.1,2,1,1.0,1
5506,30525,Electronics,32670.68,10.0,COD,467,10,0,104.4,6,1,,0
5507,69251,Apparel,1744.72,34.9,Prepaid_Card,85,6,3,163.1,8,1,5.0,0
5508,38936,Electronics,12788.98,0.0,COD,586,10,2,73.3,6,0,3.0,1
5509,35012,Footwear,4821.95,23.5,Prepaid_UPI,410,8,1,185.7,3,1,5.0,0
5510,39561,Home,1823.31,19.4,COD,215,0,0,194.3,8,0,1.0,1
5511,53735,Apparel,2109.0,38.1,COD,154,5,0,190.6,9,0,,0
5512,24475,Home,3573.52,39.5,Wallet,79,1,0,343.8,3,0,1.0,0
5513,30885,Electronics,29889.39,6.8,Prepaid_Card,14,0,0,238.1,5,1,4.0,0
5514,89393,Electronics,18018.18,22.3,COD,376,7,1,139.9,6,1,,1
5515,90457,Apparel,1661.03,12.0,COD,161,1,0,216.3,4,1,1.0,0
5516,42933,Beauty,912.14,15.9,COD,685,22,6,148.8,3,1,2.0,1
5517,15921,Apparel,1573.27,28.6,Wallet,378,8,2,101.3,3,1,1.0,1
5518,37679,Apparel,367.63,15.3,Prepaid_Card,6,1,0,143.7,1,0,5.0,0
5519,47852,Apparel,1155.08,22.7,COD,270,2,0,118.6,6,1,3.0,1
5520,52766,Home,12482.65,33.4,Prepaid_Card,630,16,3,330.1,4,1,5.0,1
5521,44146,Electronics,23687.32,41.2,Prepaid_Card,142,2,0,440.6,8,1,1.0,0
5522,96057,Apparel,1423.41,24.0,COD,253,6,0,219.1,6,1,4.0,1
5523,81697,Electronics,31457.27,21.6,Prepaid_UPI,19,3,0,114.3,4,1,4.0,0
5524,42904,Home,6796.04,4.5,COD,846,18,8,497.7,8,1,1.0,0
5525,98704,Apparel,2214.21,42.2,Prepaid_UPI,215,2,0,744.5,4,1,4.0,1
5526,93697,Beauty,1299.48,26.9,Prepaid_UPI,119,0,0,60.7,4,1,1.0,0
5527,40100,Electronics,47185.07,21.9,COD,598,12,1,198.9,6,0,5.0,0
5528,93930,Apparel,2235.42,21.2,Prepaid_UPI,68,0,0,128.8,4,0,2.0,0
5529,93659,Beauty,1350.1,25.0,Prepaid_UPI,116,0,0,78.6,5,0,4.0,0
5530,38850,Footwear,2511.9,30.8,Prepaid_Card,38,5,0,271.5,5,1,4.0,1
5531,37295,Electronics,34154.77,32.5,Prepaid_Card,1629,39,10,115.4,5,0,5.0,0
5532,63432,Footwear,4654.19,42.6,COD,101,0,0,108.7,5,0,3.0,1
5533,83606,Home,3194.99,23.4,COD,148,3,0,399.2,5,1,4.0,0
5534,67812,Electronics,12811.21,44.6,Prepaid_UPI,737,13,0,206.7,5,0,1.0,1
5535,64824,Footwear,1304.39,34.8,COD,549,13,3,343.5,4,0,,0
5536,35726,Footwear,4683.81,19.2,COD,1009,20,7,443.2,3,0,4.0,0
5537,73852,Apparel,1885.96,0.0,Prepaid_Card,430,7,0,756.8,3,0,,0
5538,99328,Home,3241.28,21.2,COD,322,10,0,219.5,3,0,1.0,0
5539,83537,Electronics,27306.86,41.8,Prepaid_UPI,198,6,0,475.1,6,1,,0
5540,63708,Apparel,1993.11,9.1,Prepaid_UPI,431,14,3,320.5,8,0,4.0,0
5541,17358,Beauty,2849.03,21.2,Prepaid_UPI,21,0,0,256.5,5,0,5.0,0
5542,74326,Home,3088.58,22.3,COD,26,0,0,251.5,7,1,5.0,0
5543,60368,Home,4912.78,33.2,Prepaid_Card,77,4,0,273.2,3,1,5.0,0
5544,72165,Home,5550.93,14.6,Prepaid_UPI,454,12,4,215.1,4,1,2.0,1
5545,70918,Home,9562.17,7.8,COD,303,8,0,81.3,4,1,1.0,0
5546,30113,Apparel,643.3,28.0,Prepaid_UPI,1708,35,21,129.2,6,1,5.0,0
5547,60407,Beauty,701.27,9.6,Prepaid_Card,326,4,0,44.7,3,0,3.0,0
5548,63430,Home,11816.33,0.0,COD,382,10,1,302.8,6,1,5.0,1
5549,56358,Home,8359.78,45.8,COD,396,6,0,77.0,5,1,,0
5550,87762,Electronics,8858.93,33.0,Prepaid_UPI,764,16,0,106.5,5,1,1.0,0
5551,65792,Apparel,1185.13,46.4,COD,1668,45,5,124.1,3,0,5.0,0
5552,78607,Apparel,639.16,32.2,Prepaid_UPI,255,12,3,219.8,1,0,1.0,0
5553,70378,Electronics,18771.81,29.5,Prepaid_Card,7,2,0,312.3,4,1,4.0,0
5554,51199,Apparel,1210.43,25.2,COD,746,14,2,273.7,6,0,3.0,0
5555,69976,Home,2125.6,17.4,Prepaid_UPI,422,7,3,369.1,1,1,1.0,1
5556,58866,Beauty,320.53,27.2,Prepaid_Card,826,20,3,396.1,1,1,5.0,0
5557,63327,Electronics,44198.49,12.3,COD,611,18,0,287.5,4,1,,0
5558,67721,Electronics,44494.76,5.0,Wallet,227,3,1,171.2,3,1,4.0,0
5559,61676,Home,537.39,15.3,Prepaid_UPI,565,11,1,75.6,11,1,1.0,0
5560,43431,Apparel,1728.59,38.1,Prepaid_Card,113,2,0,154.8,5,0,2.0,0
5561,71734,Beauty,416.99,2.7,Prepaid_UPI,1112,20,0,122.3,4,1,5.0,0
5562,39962,Electronics,40696.94,3.0,Prepaid_Card,1459,28,0,229.9,7,1,2.0,0
5563,60533,Apparel,2241.06,28.3,Prepaid_Card,103,0,0,371.7,4,0,2.0,0
5564,50477,Apparel,1675.72,14.2,COD,1204,28,0,151.7,4,0,1.0,1
5565,59156,Beauty,1897.49,26.8,COD,1074,24,5,710.5,8,1,4.0,0
5566,99875,Apparel,1148.69,33.9,Prepaid_Card,13,3,0,120.7,1,1,1.0,0
5567,64912,Home,4117.3,26.5,Prepaid_Card,450,4,0,189.2,3,1,3.0,0
5568,72983,Apparel,1423.43,11.1,Prepaid_UPI,724,11,7,113.7,6,1,4.0,0
5569,43189,Apparel,637.49,38.0,Prepaid_Card,903,21,4,137.2,3,0,4.0,0
5570,21999,Beauty,2065.84,30.4,Prepaid_Card,1241,24,2,249.8,3,1,5.0,0
5571,96109,Apparel,1360.69,20.4,Prepaid_UPI,1654,34,9,216.1,6,1,4.0,0
5572,21220,Apparel,731.84,19.7,Wallet,213,7,0,305.0,3,0,5.0,0
5573,67608,Home,9030.56,25.2,COD,338,5,4,307.3,5,1,3.0,1
5574,22285,Beauty,2416.68,15.6,Wallet,5,0,0,381.8,4,0,2.0,0
5575,74933,Electronics,29851.17,0.0,Prepaid_UPI,37,0,0,265.1,5,0,5.0,0
5576,89338,Apparel,1488.77,30.5,COD,111,1,1,180.4,4,1,5.0,1
5577,12517,Beauty,2565.99,29.7,COD,301,8,0,188.2,6,1,2.0,0
5578,23064,Home,655.95,0.0,COD,732,12,0,247.4,6,1,2.0,0
5579,52680,Beauty,1907.73,27.1,Prepaid_UPI,30,0,0,211.3,3,0,5.0,0
5580,50591,Footwear,2753.31,44.6,Prepaid_Card,488,14,2,244.4,1,0,2.0,0
5581,21527,Footwear,1564.61,4.2,Prepaid_Card,1698,44,16,82.1,4,1,,0
5582,67907,Electronics,48999.31,19.0,Prepaid_UPI,2227,45,0,172.7,3,0,1.0,0
5583,33880,Electronics,20786.88,17.5,COD,757,17,0,52.9,3,1,,0
5584,82970,Footwear,2343.95,43.2,COD,156,2,0,519.0,1,0,4.0,0
5585,36496,Footwear,1429.55,35.7,Prepaid_UPI,575,12,1,223.2,4,1,1.0,1
5586,39046,Beauty,2993.63,7.7,Wallet,168,1,0,327.8,5,1,2.0,0
5587,70984,Home,12912.74,24.8,Prepaid_UPI,376,10,1,341.7,3,1,4.0,0
5588,30817,Apparel,500.44,52.2,COD,547,14,0,439.6,4,0,3.0,0
5589,34655,Electronics,28721.94,11.3,COD,264,13,4,239.7,6,1,,0
5590,19302,Home,2637.32,19.8,COD,344,3,2,149.1,7,0,2.0,0
5591,29152,Electronics,36073.29,27.2,Prepaid_Card,1035,17,3,249.3,8,0,5.0,0
5592,17210,Footwear,3162.46,11.5,COD,650,20,3,365.2,3,1,1.0,0
5593,20896,Home,2100.64,44.7,Wallet,1257,27,1,144.3,3,0,2.0,1
5594,23639,Apparel,1547.63,13.4,Prepaid_UPI,71,0,0,183.8,2,1,1.0,0
5595,62634,Home,13704.8,0.6,Prepaid_Card,1046,23,5,138.5,6,0,4.0,0
5596,71665,Home,5447.32,12.7,COD,110,0,0,209.3,5,1,1.0,1
5597,57441,Beauty,294.8,29.1,COD,12,1,0,331.4,7,1,2.0,0
5598,16250,Electronics,47315.15,8.8,Prepaid_Card,720,15,1,255.1,5,1,2.0,1
5599,99510,Home,2556.09,24.2,Prepaid_UPI,165,6,0,147.5,3,1,3.0,0
5600,68429,Electronics,24277.55,27.9,COD,88,4,0,333.5,4,0,2.0,1
5601,87297,Home,8397.82,3.1,Prepaid_UPI,219,7,2,112.3,4,0,1.0,0
5602,87282,Apparel,859.74,12.1,COD,146,3,0,550.0,3,1,3.0,0
5603,42716,Beauty,655.64,24.9,COD,1192,31,8,490.3,5,0,3.0,0
5604,56618,Beauty,472.45,29.8,Wallet,58,3,0,578.0,3,1,2.0,0
5605,16758,Home,1514.35,12.5,COD,43,0,0,144.3,7,1,,0
5606,94702,Home,7867.83,22.1,COD,215,2,0,113.9,1,0,,1
5607,98638,Apparel,2160.34,16.0,Prepaid_Card,132,0,0,411.6,7,0,1.0,0
5608,51828,Home,2338.0,30.2,COD,190,5,0,476.7,3,0,,0
5609,73165,Electronics,35330.33,27.3,COD,71,0,0,279.4,1,1,1.0,0
5610,52317,Footwear,2769.41,14.8,COD,801,18,0,585.7,1,0,,0
5611,28310,Apparel,425.73,26.7,COD,325,4,0,111.0,4,1,1.0,0
5612,24271,Footwear,3447.85,14.2,Prepaid_Card,62,0,0,410.9,4,1,5.0,1
5613,90999,Apparel,891.82,26.4,COD,573,9,3,294.2,5,0,2.0,0
5614,67060,Home,9276.18,26.6,Prepaid_UPI,242,5,1,98.9,4,1,2.0,0
5615,28536,Home,5565.18,53.2,Prepaid_UPI,636,16,0,444.5,6,0,1.0,1
5616,78460,Apparel,1782.87,15.3,COD,126,0,0,96.0,5,0,2.0,0
5617,94664,Electronics,46006.66,18.0,COD,374,2,0,350.5,6,0,,0
5618,28126,Footwear,1845.0,10.9,COD,13,9,2,439.6,6,1,3.0,1
5619,33443,Home,14127.69,5.5,COD,2430,57,3,65.7,6,1,,0
5620,65198,Apparel,789.26,13.6,COD,486,13,2,434.9,4,1,5.0,0
5621,25552,Electronics,4464.05,29.3,Prepaid_UPI,2272,55,13,208.2,7,1,4.0,0
5622,47369,Electronics,10442.35,30.3,COD,358,8,1,190.0,4,0,5.0,0
5623,67846,Home,12316.29,24.1,Prepaid_Card,1,0,0,170.4,3,1,3.0,0
5624,98387,Home,10324.57,15.9,Prepaid_UPI,772,21,1,622.1,4,1,2.0,0
5625,91431,Apparel,2437.29,13.1,Prepaid_UPI,698,19,0,299.4,5,0,2.0,0
5626,16712,Home,10792.5,7.2,COD,79,3,0,145.4,6,0,,1
5627,62696,Footwear,2769.47,12.2,COD,257,8,1,544.3,6,1,,1
5628,45280,Footwear,5408.37,1.9,Wallet,369,4,0,473.9,6,1,2.0,1
5629,31416,Apparel,2409.98,39.0,COD,838,17,2,279.5,4,0,5.0,1
5630,47161,Electronics,39791.09,45.7,Prepaid_UPI,842,23,1,290.9,7,1,2.0,1
5631,97974,Electronics,28275.34,0.0,Prepaid_UPI,221,7,2,68.4,5,1,1.0,0
5632,52091,Apparel,2125.4,24.0,Prepaid_Card,23,0,0,172.6,3,1,2.0,0
5633,63656,Electronics,9773.19,23.8,COD,258,4,0,127.6,1,0,4.0,0
5634,37224,Apparel,2285.75,22.9,COD,246,10,3,240.1,6,0,3.0,0
5635,93648,Apparel,2499.05,11.7,Prepaid_Card,173,5,0,183.0,3,1,3.0,1
5636,35462,Home,10144.53,34.3,Prepaid_Card,1247,28,2,218.8,2,0,5.0,0
5637,30775,Apparel,771.16,25.7,Prepaid_UPI,1461,33,14,266.9,2,1,5.0,1
5638,41733,Footwear,1294.4,34.5,Prepaid_UPI,642,14,3,66.6,6,0,1.0,0
5639,34764,Apparel,2412.74,9.7,Wallet,4,0,0,138.3,5,0,,0
5640,24511,Home,13134.62,0.6,Wallet,1,0,0,357.3,6,0,4.0,0
5641,72709,Electronics,37685.26,26.1,Prepaid_UPI,1048,26,3,181.9,4,1,4.0,0
5642,21700,Footwear,5720.16,6.5,COD,1010,23,17,325.7,5,1,,1
5643,25387,Footwear,3268.72,34.8,Prepaid_Card,83,3,0,524.8,4,1,1.0,0
5644,90313,Electronics,44499.57,0.0,Prepaid_Card,10,1,0,383.9,2,1,5.0,0
5645,20591,Home,2860.89,13.4,Prepaid_Card,1029,27,4,90.6,6,1,4.0,0
5646,55460,Apparel,743.04,11.4,COD,1091,25,4,50.6,3,1,4.0,1
5647,93708,Home,7928.97,15.3,Prepaid_Card,300,9,2,246.9,3,0,4.0,0
5648,80341,Apparel,1064.9,23.7,COD,169,4,0,145.8,5,1,4.0,1
5649,88621,Electronics,22193.44,25.5,COD,1076,21,2,242.3,7,0,,0
5650,40833,Apparel,2066.12,29.0,Prepaid_UPI,13,0,0,150.4,3,0,5.0,0
5651,98629,Beauty,302.21,30.6,Prepaid_Card,522,13,5,93.4,6,1,3.0,1
5652,93640,Electronics,36321.35,17.6,Prepaid_Card,205,6,0,422.5,5,0,4.0,0
5653,45358,Home,1779.32,49.5,Prepaid_Card,88,6,1,256.4,4,0,2.0,0
5654,83085,Electronics,42527.55,39.4,Prepaid_Card,348,6,1,167.4,4,0,5.0,0
5655,16257,Apparel,784.08,15.6,COD,51,1,0,238.1,4,1,1.0,0
5656,96551,Apparel,1930.12,18.1,Prepaid_Card,157,3,0,768.5,5,1,3.0,0
5657,39360,Beauty,1836.86,15.3,COD,827,23,0,35.6,7,1,1.0,1
5658,79321,Footwear,2620.92,25.1,Prepaid_UPI,723,17,2,205.5,5,0,1.0,0
5659,31694,Apparel,925.2,6.4,COD,411,10,1,182.1,4,1,2.0,1
5660,74482,Footwear,816.03,8.9,Wallet,72,1,0,186.5,4,0,3.0,0
5661,80816,Electronics,18315.63,0.0,Prepaid_UPI,475,9,1,490.8,5,0,4.0,1
5662,63357,Apparel,781.14,14.4,Prepaid_Card,268,1,0,152.8,4,1,2.0,0
5663,11547,Home,2470.73,34.9,COD,267,2,0,54.1,1,0,,0
5664,81651,Apparel,1937.77,17.9,COD,311,7,1,219.6,7,1,5.0,0
5665,94749,Apparel,806.91,18.7,Prepaid_UPI,278,6,0,326.2,4,1,4.0,0
5666,38352,Footwear,1727.37,23.9,Prepaid_UPI,96,2,0,176.8,4,1,2.0,0
5667,97950,Apparel,1082.04,6.0,Prepaid_UPI,33,3,0,521.0,7,0,1.0,0
5668,16124,Beauty,1468.56,20.4,Prepaid_UPI,154,3,2,214.4,3,0,3.0,1
5669,45495,Home,7948.83,32.5,Prepaid_Card,185,3,0,342.2,5,1,1.0,0
5670,42337,Footwear,4155.0,24.3,Prepaid_UPI,119,2,0,562.9,4,0,3.0,0
5671,67022,Home,9033.57,33.7,Prepaid_Card,16,1,1,169.3,5,1,4.0,0
5672,79594,Beauty,1522.8,37.7,Prepaid_Card,409,7,0,322.6,3,0,1.0,0
5673,84356,Electronics,20303.07,29.3,Prepaid_Card,373,11,1,239.3,6,0,4.0,0
5674,19553,Home,4353.9,10.0,Prepaid_UPI,21,0,0,371.1,8,1,2.0,0
5675,89783,Home,10794.17,15.2,COD,453,10,0,236.5,3,0,,1
5676,90251,Beauty,1054.88,47.0,COD,513,8,1,189.6,6,1,1.0,1
5677,42741,Apparel,2176.6,24.4,COD,108,5,0,412.4,5,0,2.0,1
5678,58321,Home,8999.36,22.5,Wallet,70,5,2,222.9,5,1,3.0,0
5679,62987,Footwear,3986.69,8.0,Prepaid_Card,440,5,1,379.9,5,0,2.0,1
5680,81964,Electronics,25930.72,18.7,COD,430,10,1,492.4,2,1,,1
5681,42430,Beauty,2796.38,30.0,Prepaid_Card,70,1,0,398.4,3,0,1.0,0
5682,55790,Electronics,21658.18,20.2,Prepaid_Card,217,5,2,99.1,4,0,2.0,0
5683,72261,Apparel,1267.98,12.7,Prepaid_UPI,457,11,3,191.4,7,1,5.0,0
5684,85738,Home,13448.71,16.0,Wallet,672,8,0,218.4,4,0,5.0,0
5685,39577,Electronics,30640.44,36.7,Prepaid_UPI,203,6,0,355.0,5,0,4.0,0
5686,99537,Apparel,1315.67,29.3,Prepaid_UPI,525,15,4,246.9,5,1,1.0,0
5687,86732,Apparel,913.62,27.5,COD,949,24,9,482.1,5,1,1.0,0
5688,82753,Apparel,876.85,26.2,COD,160,0,0,162.8,5,1,3.0,1
5689,64121,Footwear,4907.89,3.4,Prepaid_Card,236,5,0,406.2,3,1,5.0,0
5690,88945,Beauty,946.48,23.8,Prepaid_UPI,284,4,0,289.8,4,1,1.0,0
5691,80376,Home,583.2,35.0,COD,572,6,1,189.8,4,1,,0
5692,84057,Apparel,391.84,16.3,Prepaid_UPI,78,0,0,289.2,4,0,4.0,1
5693,18423,Home,14686.84,33.7,COD,407,5,1,676.2,3,0,2.0,0
5694,50517,Beauty,1745.54,27.6,COD,726,17,2,274.5,8,1,2.0,1
5695,86506,Footwear,3189.64,31.6,COD,78,0,0,223.2,1,0,1.0,0
5696,41858,Apparel,2323.43,20.7,Prepaid_UPI,251,2,0,322.2,1,0,5.0,0
5697,44537,Apparel,1106.13,32.4,Prepaid_UPI,203,2,0,255.7,5,0,3.0,0
5698,60866,Beauty,2415.74,0.0,Prepaid_Card,386,10,3,185.2,6,0,4.0,0
5699,78361,Beauty,2207.16,20.5,Prepaid_UPI,604,21,1,207.2,8,0,1.0,0
5700,28471,Apparel,1375.76,30.0,Prepaid_UPI,79,2,0,22.0,4,0,2.0,0
5701,68376,Footwear,4760.48,24.1,COD,1945,40,3,626.4,5,1,5.0,0
5702,49686,Apparel,2426.42,35.3,Prepaid_UPI,78,0,0,412.9,6,0,,1
5703,95512,Apparel,781.31,17.8,COD,507,13,3,65.8,7,1,3.0,0
5704,21924,Footwear,596.3,12.3,Prepaid_Card,216,0,0,144.4,2,0,3.0,1
5705,15124,Home,12411.09,0.0,COD,183,7,0,187.2,5,0,5.0,1
5706,37011,Electronics,20775.77,16.2,Prepaid_Card,35,1,0,308.9,6,1,2.0,0
5707,95505,Beauty,1701.55,27.2,Prepaid_Card,905,19,1,329.3,4,1,4.0,0
5708,73415,Footwear,1723.54,30.7,COD,218,0,0,216.1,5,1,2.0,0
5709,48071,Apparel,2159.85,0.4,Prepaid_Card,539,14,1,158.5,3,0,3.0,0
5710,16729,Home,10957.49,36.5,Prepaid_UPI,170,1,0,91.3,7,1,4.0,0
5711,64383,Footwear,5743.52,6.4,Prepaid_Card,42,1,0,323.0,1,1,1.0,0
5712,92873,Home,7391.15,18.3,COD,1013,22,2,137.1,4,0,3.0,0
5713,77670,Beauty,2933.21,12.0,COD,176,0,0,320.0,6,0,,0
5714,14454,Footwear,3309.7,25.8,COD,336,6,3,479.5,4,0,4.0,0
5715,87309,Apparel,1686.06,21.3,Prepaid_UPI,483,7,0,265.4,6,0,,0
5716,32820,Apparel,1799.37,29.5,Prepaid_UPI,2529,54,20,120.1,5,0,2.0,0
5717,81266,Footwear,3193.74,45.8,COD,605,14,3,34.3,5,1,1.0,0
5718,96235,Beauty,1753.92,25.6,Prepaid_UPI,258,7,2,88.6,6,0,,1
5719,40388,Apparel,830.11,11.9,Prepaid_Card,254,5,0,450.5,4,0,5.0,0
5720,88397,Apparel,1129.08,26.5,Wallet,589,10,1,714.9,1,1,3.0,0
5721,65709,Footwear,4360.96,47.2,COD,20,0,0,98.6,8,0,5.0,0
5722,18702,Apparel,433.83,29.2,Prepaid_Card,376,6,0,283.9,7,0,2.0,0
5723,44337,Apparel,1855.89,33.2,Prepaid_Card,417,2,0,355.5,6,0,1.0,0
5724,88489,Beauty,1015.76,0.0,COD,129,3,1,421.0,4,0,5.0,0
5725,46004,Footwear,1995.1,25.4,COD,673,9,1,917.7,5,1,4.0,1
5726,86254,Beauty,2126.44,16.2,COD,986,22,3,46.2,1,0,5.0,0
5727,50806,Home,3616.7,10.5,Prepaid_Card,414,4,3,137.1,1,1,1.0,0
5728,53282,Electronics,48122.49,19.7,Prepaid_UPI,65,0,0,120.3,9,1,2.0,1
5729,97740,Beauty,2973.44,21.5,Prepaid_UPI,371,10,1,519.8,2,0,2.0,0
5730,88227,Apparel,1334.92,11.3,COD,128,2,2,359.5,4,1,1.0,1
5731,87205,Apparel,1213.05,22.6,Prepaid_UPI,1243,21,1,489.9,5,1,5.0,0
5732,53635,Beauty,375.26,17.6,COD,40,0,0,123.3,5,1,2.0,0
5733,66632,Footwear,4780.2,29.8,Wallet,2104,47,38,568.8,4,1,5.0,1
5734,23178,Beauty,613.76,23.2,COD,32,0,0,310.3,4,0,,0
5735,89542,Apparel,2356.05,25.3,Prepaid_UPI,591,12,2,142.0,4,1,1.0,0
5736,30251,Beauty,2973.19,33.7,Wallet,244,6,0,287.0,7,0,5.0,0
5737,12298,Home,2274.94,27.8,Prepaid_UPI,592,13,0,322.6,6,0,2.0,0
5738,39913,Home,10403.59,19.9,Prepaid_UPI,67,0,0,293.4,6,1,4.0,1
5739,39829,Beauty,1478.08,0.0,COD,697,15,3,439.6,1,0,4.0,1
5740,40638,Electronics,27516.15,27.2,Prepaid_UPI,123,1,0,267.1,6,1,,1
5741,26563,Footwear,1487.66,7.2,Prepaid_Card,229,10,0,204.5,5,1,,0
5742,76579,Home,10991.05,18.8,Prepaid_Card,548,11,1,130.3,3,1,3.0,0
5743,24171,Footwear,1416.37,25.2,Wallet,472,10,1,344.8,8,1,2.0,0
5744,29337,Beauty,2673.1,38.7,COD,302,7,2,336.8,2,1,,0
5745,79932,Footwear,2996.86,45.8,Prepaid_Card,43,0,0,160.4,4,0,3.0,0
5746,77280,Apparel,1714.97,7.1,Wallet,325,5,4,274.8,7,1,5.0,1
5747,97518,Apparel,2331.85,1.6,COD,799,19,1,183.8,5,1,,1
5748,59718,Beauty,2253.13,24.6,COD,97,3,0,164.4,1,1,5.0,0
5749,33107,Beauty,1691.42,23.4,COD,172,10,4,590.8,7,1,2.0,0
5750,63587,Beauty,1297.63,3.2,Prepaid_UPI,394,10,1,160.6,1,1,4.0,0
5751,18787,Apparel,1343.59,19.8,Prepaid_UPI,1,2,1,592.3,2,1,1.0,1
5752,73981,Electronics,17741.98,28.4,COD,477,12,0,332.4,6,1,1.0,0
5753,47853,Footwear,5704.01,2.8,Prepaid_Card,1012,20,4,355.0,3,1,1.0,0
5754,80999,Footwear,1890.72,6.1,Prepaid_Card,54,0,0,138.0,4,0,1.0,0
5755,35755,Apparel,1230.09,11.0,Prepaid_UPI,152,0,0,513.0,3,0,3.0,0
5756,44603,Home,11784.25,17.0,Prepaid_UPI,1,2,0,128.0,5,0,,0
5757,42367,Apparel,1133.33,29.7,Wallet,4,4,0,281.1,7,1,2.0,0
5758,71457,Electronics,44443.93,15.4,COD,68,3,2,753.1,1,1,4.0,1
5759,69461,Apparel,872.61,20.8,COD,112,1,0,237.9,5,0,4.0,0
5760,14038,Apparel,417.39,51.4,Prepaid_Card,193,9,4,178.2,1,1,5.0,0
5761,90578,Apparel,1701.81,6.6,Prepaid_Card,670,13,1,190.0,9,1,2.0,0
5762,79352,Beauty,1598.52,10.9,Prepaid_Card,25,0,0,180.6,3,0,2.0,0
5763,82648,Footwear,5631.82,29.5,COD,1729,39,3,155.0,6,1,3.0,1
5764,78624,Beauty,1355.93,33.8,COD,1650,40,10,416.1,5,0,2.0,0
5765,43108,Electronics,7643.92,25.8,Wallet,146,0,0,339.7,5,0,2.0,0
5766,97443,Electronics,17157.53,45.3,COD,349,2,1,233.4,4,0,4.0,1
5767,77704,Electronics,20267.38,24.4,Prepaid_Card,88,2,0,273.7,2,1,5.0,0
5768,26194,Home,8955.41,0.0,Prepaid_UPI,1002,24,4,77.6,7,1,4.0,0
5769,35375,Electronics,14450.52,21.4,COD,421,0,0,61.4,3,0,5.0,0
5770,21856,Footwear,3526.72,12.0,COD,56,4,1,296.7,4,0,3.0,0
5771,77721,Footwear,5494.25,39.4,COD,7,0,0,149.8,4,1,,1
5772,92962,Beauty,1357.63,33.5,Prepaid_Card,255,7,0,437.9,6,1,4.0,0
5773,78333,Apparel,1750.87,0.0,COD,807,11,0,126.3,9,0,,0
5774,40019,Home,3819.03,38.9,Prepaid_Card,67,0,0,44.5,3,1,3.0,0
5775,89378,Apparel,2072.85,33.2,COD,206,6,0,90.5,5,1,1.0,0
5776,64578,Apparel,929.79,15.5,COD,269,9,1,289.7,7,0,1.0,1
5777,44666,Footwear,3688.92,18.9,COD,829,18,0,89.1,7,1,4.0,0
5778,95885,Home,4853.59,39.5,COD,145,10,1,245.1,4,0,2.0,0
5779,55159,Footwear,870.71,0.0,COD,100,0,0,82.0,4,1,,0
5780,70811,Apparel,1037.27,26.2,Wallet,480,7,0,164.4,7,1,5.0,0
5781,62211,Beauty,754.29,35.3,COD,462,9,0,236.5,1,0,,0
5782,33846,Beauty,2694.12,18.8,Prepaid_Card,431,8,2,319.9,6,1,4.0,0
5783,75098,Electronics,14041.94,29.1,Prepaid_Card,186,4,1,149.5,3,0,5.0,0
5784,21277,Beauty,2927.11,21.4,Prepaid_UPI,14,0,0,184.2,5,1,4.0,0
5785,49686,Apparel,1408.54,9.0,Prepaid_Card,239,7,4,129.5,5,1,4.0,0
5786,40891,Footwear,1715.86,8.7,COD,545,13,0,164.8,3,1,3.0,1
5787,86988,Beauty,1265.33,30.0,Prepaid_Card,659,19,2,223.7,5,0,4.0,0
5788,70009,Footwear,1508.87,11.1,COD,98,0,0,268.0,4,1,3.0,0
5789,44128,Footwear,5085.26,0.0,Prepaid_UPI,1064,24,6,320.8,7,0,4.0,0
5790,95488,Electronics,6878.49,21.7,COD,461,12,0,257.9,3,1,5.0,0
5791,88492,Footwear,5304.4,12.8,Prepaid_UPI,611,13,2,133.2,2,0,1.0,0
5792,15739,Footwear,752.54,3.2,Prepaid_Card,262,5,0,231.4,5,0,5.0,0
5793,65831,Apparel,994.16,21.0,Prepaid_UPI,982,15,1,559.0,4,1,5.0,1
5794,49002,Apparel,650.76,30.7,COD,271,6,2,100.6,8,1,1.0,0
5795,14861,Footwear,4268.96,20.3,Prepaid_UPI,1767,41,4,279.0,4,0,,1
5796,82321,Home,7928.67,5.1,Prepaid_UPI,389,8,1,509.4,4,1,1.0,0
5797,38261,Home,14120.42,26.7,Prepaid_Card,1290,26,3,215.5,2,1,4.0,0
5798,88656,Beauty,1193.62,34.5,COD,130,0,0,34.2,5,0,1.0,0
5799,48421,Home,1090.86,51.0,COD,256,7,0,270.8,2,1,2.0,1
5800,87081,Electronics,38321.29,40.2,COD,180,4,0,207.6,4,1,2.0,1
5801,70206,Electronics,29395.53,5.9,Prepaid_UPI,1,4,0,326.7,3,0,4.0,0
5802,79970,Home,12497.81,32.0,Prepaid_Card,459,5,0,254.5,6,0,5.0,0
5803,65202,Footwear,2843.76,23.6,Prepaid_UPI,61,0,0,164.0,4,0,1.0,0
5804,26611,Home,11203.63,3.9,Prepaid_UPI,26,0,0,135.7,7,1,3.0,0
5805,53939,Home,2980.45,24.0,Prepaid_UPI,759,19,2,434.2,2,1,5.0,0
5806,41582,Footwear,5997.4,46.9,Prepaid_UPI,1463,36,6,114.5,5,1,3.0,0
5807,26863,Footwear,1455.06,36.7,Prepaid_Card,1623,41,14,363.5,5,0,1.0,0
5808,62928,Footwear,5063.9,5.8,Prepaid_Card,472,12,2,132.3,4,1,3.0,0
5809,69901,Apparel,806.74,20.2,COD,8,2,0,203.1,7,1,4.0,0
5810,22111,Footwear,4803.79,26.9,Prepaid_UPI,127,4,0,44.5,4,0,5.0,0
5811,92146,Home,12988.16,0.0,Wallet,665,16,1,759.3,2,1,2.0,0
5812,45254,Apparel,2234.78,0.0,Prepaid_Card,156,3,1,76.3,5,0,5.0,0
5813,52859,Home,7397.92,22.2,Wallet,525,13,0,327.3,8,1,2.0,0
5814,29016,Footwear,2858.47,22.3,Wallet,1388,37,0,499.8,3,1,4.0,0
5815,28411,Home,12589.97,0.0,Prepaid_Card,164,4,2,165.7,4,1,4.0,0
5816,36688,Footwear,3687.19,25.4,Prepaid_UPI,143,3,0,304.2,5,0,1.0,1
5817,25653,Electronics,31442.56,35.2,Prepaid_Card,66,2,0,256.3,6,1,4.0,0
5818,81472,Apparel,857.54,16.9,COD,367,7,3,279.3,6,1,,1
5819,30304,Electronics,22861.69,20.8,COD,309,7,3,225.2,5,1,5.0,0
5820,71648,Electronics,19103.0,28.0,Prepaid_Card,868,18,1,162.0,4,1,2.0,0
5821,31106,Footwear,4159.27,26.1,Prepaid_UPI,510,14,0,487.3,4,1,1.0,1
5822,10495,Footwear,1580.66,0.0,COD,603,16,3,397.1,5,1,3.0,1
5823,50377,Footwear,2731.64,7.3,Prepaid_UPI,176,10,1,164.1,3,1,,0
5824,94154,Apparel,2174.77,14.5,Prepaid_UPI,972,21,5,280.0,2,0,1.0,0
5825,22690,Electronics,27775.84,7.9,Prepaid_UPI,728,17,0,562.6,4,0,2.0,0
5826,57309,Apparel,2276.49,40.5,COD,799,18,2,252.8,3,1,3.0,0
5827,55256,Footwear,1778.9,28.9,Prepaid_Card,1314,29,6,197.4,4,0,5.0,0
5828,68915,Apparel,1295.79,4.5,COD,649,17,0,29.7,6,0,,0
5829,49154,Home,7756.04,17.0,COD,729,11,1,234.9,5,0,5.0,0
5830,65803,Footwear,2703.12,35.8,COD,1004,23,2,317.4,4,1,,0
5831,23627,Home,10425.16,11.0,COD,735,22,2,239.4,2,1,1.0,0
5832,16421,Apparel,669.75,31.9,COD,637,18,1,98.0,4,1,1.0,1
5833,27073,Electronics,26450.62,39.4,Prepaid_Card,315,10,3,117.8,1,1,5.0,1
5834,89982,Home,2512.2,37.0,Prepaid_Card,76,4,0,353.6,3,0,5.0,0
5835,41040,Home,9623.36,22.5,COD,97,0,0,74.5,3,1,4.0,0
5836,71562,Apparel,2135.03,37.5,Prepaid_UPI,42,0,0,246.9,5,1,4.0,1
5837,93366,Beauty,206.99,12.7,Prepaid_Card,651,12,0,305.9,5,1,2.0,0
5838,33165,Home,7125.58,54.8,Wallet,159,0,0,255.3,4,1,3.0,0
5839,23697,Electronics,25142.48,23.4,Prepaid_Card,892,22,5,98.6,2,1,,0
5840,17704,Apparel,1898.55,36.1,COD,126,7,2,47.5,1,0,3.0,0
5841,73141,Electronics,4661.28,14.9,Wallet,26,1,0,77.6,7,1,,0
5842,99393,Electronics,20895.02,27.0,Prepaid_UPI,403,11,4,262.6,3,0,4.0,0
5843,53769,Apparel,2038.78,27.6,Prepaid_Card,621,14,3,49.9,4,0,2.0,0
5844,94220,Home,8216.1,7.0,Prepaid_Card,174,5,0,195.8,4,0,,0
5845,55324,Electronics,37742.46,6.6,Prepaid_Card,358,1,0,356.7,6,1,2.0,0
5846,75053,Beauty,1187.43,17.1,Prepaid_Card,9,1,0,373.2,5,1,2.0,0
5847,31850,Beauty,2772.25,35.5,Prepaid_UPI,49,0,0,193.6,3,0,4.0,0
5848,58123,Apparel,516.29,0.0,Prepaid_Card,153,3,0,321.2,6,1,4.0,0
5849,21851,Apparel,546.0,14.9,COD,404,9,1,129.3,2,1,4.0,1
5850,63290,Footwear,3406.67,38.3,COD,9,0,0,347.1,4,1,5.0,1
5851,33181,Beauty,1491.85,2.8,COD,5,0,0,326.7,1,1,2.0,0
5852,54341,Beauty,1969.63,37.6,COD,929,18,3,206.6,5,1,5.0,0
5853,36622,Apparel,842.47,4.2,COD,602,9,1,134.3,4,0,4.0,1
5854,87498,Apparel,835.96,7.2,Prepaid_UPI,138,0,0,194.7,4,1,3.0,0
5855,79301,Apparel,1960.59,17.9,COD,273,3,0,239.1,7,1,,0
5856,76613,Footwear,2104.71,46.2,COD,691,11,4,37.7,3,0,,1
5857,73807,Home,11045.73,11.0,COD,1086,25,10,401.1,3,1,5.0,0
5858,16252,Home,9790.25,0.0,Prepaid_Card,221,2,1,170.8,2,0,4.0,0
5859,43479,Home,1708.24,0.4,Prepaid_Card,835,12,5,320.0,5,1,2.0,0
5860,39470,Apparel,1878.93,33.0,Prepaid_Card,58,0,0,173.3,4,0,5.0,0
5861,23695,Home,13252.97,1.0,Wallet,165,0,0,315.0,6,1,5.0,0
5862,75239,Apparel,2105.79,36.6,Wallet,558,16,5,152.4,4,0,2.0,0
5863,71291,Home,628.5,21.0,Prepaid_UPI,579,13,5,485.2,5,0,3.0,0
5864,98736,Footwear,3468.43,19.5,Prepaid_UPI,499,6,0,416.3,6,1,1.0,0
5865,96549,Home,13743.39,24.2,COD,2600,59,2,217.5,5,1,,1
5866,78263,Electronics,30337.56,8.8,Prepaid_Card,268,6,0,83.0,4,0,5.0,0
5867,85568,Footwear,2096.79,21.9,COD,24,0,0,161.2,6,1,3.0,0
5868,54667,Footwear,1570.0,3.3,Prepaid_UPI,53,5,2,263.0,6,1,4.0,1
5869,26999,Apparel,1822.64,38.9,COD,872,16,1,419.0,7,0,5.0,0
5870,79201,Apparel,2008.2,5.6,COD,829,21,6,118.4,9,1,5.0,1
5871,45729,Home,13732.48,26.1,COD,527,10,1,327.9,3,1,1.0,1
5872,75217,Apparel,2297.29,5.5,Prepaid_Card,23,0,0,258.3,6,0,4.0,0
5873,74136,Apparel,1079.45,12.5,Prepaid_UPI,766,14,2,172.5,4,0,2.0,0
5874,74079,Apparel,1648.34,14.8,COD,545,10,2,222.0,5,0,,1
5875,39145,Apparel,568.27,61.7,Prepaid_Card,324,5,1,130.5,6,0,4.0,0
5876,95207,Electronics,5628.66,19.8,COD,787,11,2,302.8,5,0,,0
5877,91728,Home,1536.29,8.5,Prepaid_UPI,102,3,0,244.1,2,0,1.0,1
5878,65537,Apparel,2343.36,13.8,COD,741,16,6,158.8,3,1,4.0,0
5879,98136,Footwear,1338.38,0.0,COD,243,0,0,547.0,6,0,5.0,1
5880,56567,Apparel,1387.0,17.7,Prepaid_Card,51,3,1,314.0,3,0,4.0,0
5881,97651,Electronics,22220.55,45.9,Prepaid_Card,971,25,5,301.4,2,0,4.0,0
5882,76869,Apparel,1048.26,24.7,Prepaid_UPI,337,5,0,217.3,4,0,1.0,0
5883,46934,Footwear,3457.52,32.6,Prepaid_Card,333,5,0,244.1,2,1,1.0,0
5884,89771,Beauty,157.95,7.3,Wallet,84,5,3,110.7,3,1,4.0,0
5885,94995,Electronics,19627.32,17.2,COD,310,8,2,168.7,8,0,5.0,1
5886,66269,Apparel,1380.59,22.9,COD,209,4,0,350.4,3,0,,0
5887,36491,Apparel,2077.1,9.8,Wallet,422,11,0,340.3,5,1,1.0,0
5888,11736,Apparel,1857.07,25.6,COD,1118,25,2,111.7,3,0,5.0,0
5889,26762,Footwear,5173.69,28.6,Prepaid_UPI,225,9,1,130.5,6,0,2.0,1
5890,16524,Apparel,1159.04,27.6,COD,458,10,5,315.9,4,0,5.0,1
5891,86559,Beauty,551.58,17.9,Prepaid_Card,739,17,2,319.6,6,0,4.0,0
5892,84861,Home,6315.32,35.3,COD,104,5,3,136.3,4,0,4.0,1
5893,55002,Home,14464.36,16.4,Prepaid_Card,84,0,0,352.7,4,1,1.0,0
5894,55449,Footwear,1678.8,15.1,Prepaid_UPI,992,25,5,139.0,4,1,2.0,0
5895,78046,Apparel,725.72,40.2,COD,2600,56,9,203.1,5,0,,0
5896,98962,Footwear,5693.86,4.5,COD,876,20,0,213.2,5,0,4.0,0
5897,63165,Apparel,2392.33,0.0,COD,503,16,3,340.6,3,1,,1
5898,29564,Footwear,1320.8,7.9,COD,2,0,0,392.2,3,1,5.0,0
5899,55716,Home,11657.07,25.4,COD,199,3,0,175.3,2,0,2.0,0
5900,73668,Apparel,1273.95,38.0,Wallet,58,1,0,290.7,3,0,2.0,0
5901,73103,Footwear,3207.19,10.8,COD,1017,18,0,608.6,1,1,4.0,0
5902,47621,Apparel,1422.18,45.4,Prepaid_Card,539,18,1,433.8,2,1,5.0,0
5903,23237,Apparel,2432.0,20.4,Prepaid_Card,1138,25,4,116.6,4,1,5.0,1
5904,11780,Footwear,1515.64,18.4,COD,111,7,0,228.8,6,1,,0
5905,70503,Electronics,38880.12,8.1,COD,403,7,1,265.3,4,0,,0
5906,42987,Beauty,166.17,47.3,Prepaid_UPI,247,5,2,214.5,8,0,2.0,1
5907,97090,Home,9614.85,17.9,Prepaid_Card,52,3,1,237.5,5,0,1.0,0
5908,27447,Home,9963.83,1.4,Prepaid_UPI,369,4,1,327.1,5,0,5.0,0
5909,54844,Apparel,1970.47,54.4,Prepaid_Card,753,16,2,388.0,2,1,2.0,0
5910,58885,Apparel,2340.82,25.5,Prepaid_Card,456,12,0,368.9,6,1,1.0,0
5911,11956,Beauty,2298.43,31.2,Prepaid_UPI,1146,24,2,332.0,6,1,2.0,1
5912,88144,Apparel,1924.11,43.5,Prepaid_UPI,375,6,0,112.8,3,1,1.0,0
5913,37536,Home,4179.92,28.6,Wallet,123,6,1,322.7,5,1,,1
5914,99305,Apparel,2484.61,33.6,COD,55,5,1,144.1,8,1,2.0,1
5915,30282,Apparel,1357.08,20.8,Wallet,453,14,1,114.8,5,0,1.0,0
5916,59557,Home,6553.03,30.3,Prepaid_UPI,112,0,0,174.0,6,1,3.0,0
5917,82883,Footwear,3260.33,19.5,Prepaid_UPI,1054,21,7,93.6,4,0,5.0,0
5918,93654,Footwear,2667.31,19.7,Prepaid_UPI,1254,26,2,152.2,1,0,3.0,0
5919,23301,Beauty,1841.87,21.7,Wallet,555,14,1,253.7,5,0,,0
5920,88475,Apparel,1101.69,14.4,Prepaid_Card,358,4,1,389.3,4,0,3.0,1
5921,68052,Electronics,12757.3,27.1,Prepaid_UPI,9,0,0,348.2,5,0,5.0,0
5922,27688,Apparel,2345.19,27.0,Prepaid_UPI,7,0,0,203.7,5,0,5.0,0
5923,46520,Footwear,5603.06,31.5,Prepaid_UPI,718,13,4,177.4,3,0,3.0,0
5924,12426,Electronics,25316.03,29.0,Prepaid_UPI,382,11,1,67.5,5,0,1.0,1
5925,96884,Home,14451.14,48.0,COD,666,17,2,500.9,3,1,4.0,0
5926,87366,Apparel,1243.79,34.7,COD,17,0,0,434.0,2,0,5.0,0
5927,31478,Footwear,2630.58,17.1,COD,76,1,1,263.4,6,1,2.0,1
5928,61616,Footwear,5542.98,26.3,Prepaid_UPI,816,10,0,378.8,3,0,1.0,0
5929,64478,Beauty,1953.81,39.8,Prepaid_UPI,352,6,3,240.2,4,1,5.0,0
5930,79915,Apparel,1989.41,6.7,Prepaid_UPI,465,14,7,111.1,3,1,1.0,0
5931,51279,Beauty,1326.32,48.2,Prepaid_UPI,714,14,6,83.0,7,1,4.0,0
5932,68054,Apparel,1225.05,9.2,Prepaid_Card,151,0,0,257.1,5,1,1.0,0
5933,61550,Electronics,5081.88,32.6,COD,126,6,0,586.1,3,0,2.0,0
5934,30418,Apparel,2428.5,20.1,Prepaid_Card,301,3,0,22.0,5,0,5.0,0
5935,79661,Apparel,840.11,19.3,Prepaid_UPI,21,5,0,261.9,5,1,1.0,1
5936,50671,Home,7666.87,1.8,Prepaid_Card,1549,43,7,227.8,5,0,3.0,1
5937,31977,Apparel,596.41,32.7,Prepaid_UPI,362,7,0,284.6,3,1,1.0,1
5938,41622,Electronics,32700.73,2.0,Wallet,23,4,0,221.5,3,0,3.0,0
5939,81642,Home,6167.69,0.0,COD,151,0,0,652.8,7,1,1.0,1
5940,72522,Footwear,4722.14,36.2,Prepaid_UPI,559,7,2,73.4,3,0,3.0,0
5941,95682,Footwear,3406.08,45.1,Prepaid_Card,460,7,2,165.2,2,0,2.0,0
5942,15057,Home,2377.45,10.7,Prepaid_Card,383,10,1,201.5,1,0,3.0,0
5943,49997,Apparel,373.09,34.0,COD,1738,38,3,92.1,4,1,,0
5944,50229,Footwear,1668.47,31.2,COD,22,0,0,346.7,2,0,1.0,0
5945,59558,Apparel,1907.34,18.7,COD,726,12,5,177.7,9,0,4.0,0
5946,32014,Apparel,2131.31,38.7,Prepaid_Card,25,0,0,158.1,2,0,5.0,0
5947,64744,Apparel,1083.87,17.7,COD,135,1,0,357.0,3,1,,1
5948,73657,Home,8270.91,27.2,Prepaid_Card,293,3,0,211.2,9,1,3.0,0
5949,15862,Electronics,12760.65,2.4,Prepaid_Card,330,4,0,114.2,7,0,3.0,0
5950,51816,Home,13266.43,3.0,Prepaid_Card,504,11,2,108.7,1,1,3.0,0
5951,89273,Electronics,48295.15,36.4,Prepaid_UPI,241,3,0,217.9,5,0,5.0,0
5952,73056,Electronics,37894.06,27.7,Prepaid_Card,49,1,0,390.6,5,0,3.0,0
5953,50812,Electronics,5355.45,18.0,COD,485,5,0,139.8,3,1,3.0,0
5954,81431,Apparel,1289.8,46.7,Wallet,259,7,0,284.5,6,1,5.0,0
5955,86119,Electronics,49534.78,46.6,Prepaid_UPI,535,12,0,364.3,2,0,5.0,0
5956,79156,Home,3826.08,26.1,Prepaid_UPI,532,11,0,325.3,1,1,4.0,0
5957,99770,Home,10221.84,0.0,Prepaid_UPI,174,4,0,157.5,6,1,5.0,0
5958,93129,Apparel,2367.91,18.4,COD,524,14,1,324.2,6,0,4.0,1
5959,26250,Home,11711.45,8.3,Prepaid_UPI,255,1,0,353.0,8,0,2.0,1
5960,18876,Electronics,30834.15,21.3,COD,1134,25,1,87.7,4,0,5.0,0
5961,28489,Apparel,1439.42,6.9,Prepaid_Card,396,4,0,147.9,8,1,5.0,0
5962,17446,Apparel,2346.95,3.3,COD,197,4,0,199.0,3,1,5.0,0
5963,65080,Electronics,20341.93,0.0,Prepaid_UPI,108,1,0,157.9,7,1,2.0,0
5964,30943,Electronics,45162.18,22.3,COD,32,0,0,100.2,8,0,1.0,0
5965,63993,Footwear,2870.79,0.0,COD,109,4,0,116.1,3,0,4.0,0
5966,50899,Apparel,1976.57,15.5,COD,81,4,0,189.7,1,0,5.0,1
5967,33637,Footwear,5536.43,29.7,Prepaid_UPI,283,9,4,199.4,5,0,1.0,0
5968,54936,Apparel,1533.88,9.9,COD,15,0,0,303.6,5,0,5.0,0
5969,75025,Home,4993.26,4.8,Prepaid_Card,2,2,0,201.8,4,1,2.0,0
5970,90648,Footwear,780.43,19.1,COD,94,3,0,99.2,6,0,5.0,0
5971,81498,Electronics,40653.74,8.4,Prepaid_UPI,471,9,0,344.8,2,1,5.0,0
5972,98898,Apparel,1687.32,22.6,COD,861,19,2,193.0,4,1,3.0,0
5973,48172,Home,4314.16,5.5,Wallet,130,2,0,260.9,3,0,1.0,0
5974,40460,Beauty,2650.62,18.5,COD,117,6,0,194.0,8,0,1.0,0
5975,75783,Beauty,2772.86,15.2,COD,402,11,1,146.2,6,0,5.0,0
5976,95526,Apparel,2257.41,19.8,COD,300,5,0,189.3,3,0,4.0,0
5977,20882,Footwear,3808.35,42.9,COD,1147,24,5,323.8,5,0,2.0,1
5978,32915,Electronics,48852.5,22.8,Prepaid_Card,389,11,1,404.6,4,1,4.0,0
5979,14107,Apparel,2230.83,27.1,COD,282,10,4,188.1,2,0,3.0,1
5980,26578,Home,2011.78,11.3,Prepaid_UPI,465,11,0,263.4,8,0,1.0,0
5981,42786,Home,14726.04,23.1,Prepaid_Card,166,5,3,78.1,4,1,5.0,1
5982,72227,Home,8457.69,16.2,COD,631,17,1,71.8,11,1,,1
5983,67147,Footwear,5560.2,20.4,Prepaid_Card,788,16,2,291.9,5,0,2.0,1
5984,44062,Electronics,38256.73,29.1,COD,23,0,0,316.9,7,1,4.0,0
5985,41818,Home,9889.72,13.0,COD,455,11,0,133.0,5,1,5.0,0
5986,81887,Electronics,17006.95,14.4,COD,705,14,2,146.6,5,1,,0
5987,83407,Apparel,408.11,13.2,COD,56,6,1,442.6,4,1,2.0,0
5988,91554,Electronics,14560.08,12.9,COD,75,0,0,252.6,1,0,2.0,0
5989,60379,Beauty,2104.59,22.4,Wallet,466,10,0,173.4,8,1,2.0,0
5990,61338,Electronics,43292.63,14.9,Prepaid_UPI,503,16,3,377.7,3,1,4.0,0
5991,29816,Apparel,355.05,41.0,Wallet,374,2,1,117.0,7,1,5.0,0
5992,88457,Footwear,1643.86,57.5,COD,1014,23,0,471.5,9,0,,0
5993,93360,Beauty,2068.24,12.0,Prepaid_UPI,9,0,0,221.8,3,1,1.0,1
5994,38412,Beauty,958.36,24.1,COD,244,5,0,136.7,3,0,4.0,0
5995,35900,Home,2554.69,34.5,COD,161,0,0,492.8,3,0,5.0,0
5996,15931,Electronics,5014.87,16.3,Prepaid_UPI,207,3,0,86.8,1,1,3.0,0
5997,77910,Home,9749.25,6.1,COD,454,10,5,162.0,5,0,2.0,0
5998,59343,Footwear,3771.73,44.3,Prepaid_Card,229,5,0,413.0,7,1,4.0,0
5999,39889,Beauty,2597.05,29.6,Prepaid_UPI,685,17,1,174.8,3,0,,0
6000,96804,Footwear,2231.61,24.5,Prepaid_Card,433,2,1,130.3,5,0,5.0,1
